{
 "type": "FeatureCollection",
 "features": [
  {
   "type": "Feature",
   "geometry": {
    "type": "LineString",
    "coordinates": [
     [
      106.8211471,
      -6.2213586
     ],
     [
      106.8214872,
      -6.2213586
     ],
     [
      106.8217837,
      -6.2213586
     ],
     [
      106.8220988,
      -6.2213527
     ],
     [
      106.8222984,
      -6.2213483
     ],
     [
      106.8228518,
      -6.2213133
     ],
     [
      106.8234057,
      -6.2212986
     ],
     [
      106.823808,
      -6.2212879
     ],
     [
      106.8239509,
      -6.2212926
     ],
     [
      106.8242016,
      -6.2212766
     ],
     [
      106.8242814,
      -6.2212579
     ],
     [
      106.8243834,
      -6.2212199
     ],
     [
      106.8245346,
      -6.2211343
     ],
     [
      106.8246483,
      -6.2211633
     ],
     [
      106.8249102,
      -6.2212022
     ],
     [
      106.8252222,
      -6.2212486
     ],
     [
      106.8256594,
      -6.2212393
     ],
     [
      106.8256692,
      -6.2212396
     ],
     [
      106.825699,
      -6.2212406
     ],
     [
      106.8258378,
      -6.2212326
     ],
     [
      106.8262334,
      -6.2212073
     ],
     [
      106.8264151,
      -6.2211853
     ],
     [
      106.8265881,
      -6.2211713
     ],
     [
      106.8266398,
      -6.2211666
     ],
     [
      106.8271969,
      -6.2211113
     ],
     [
      106.8272168,
      -6.2211093
     ]
    ]
   },
   "properties": {
    "id": "osm-way-28132208",
    "street_name": "Jalan Karet Pedurenan Raya",
    "side": "n-a",
    "kind": "footway",
    "level": 0,
    "has_sidewalk": "unknown",
    "width_m": null,
    "surface": "unknown",
    "obstruction": null,
    "obstruction_types": [],
    "kerb_ramp": null,
    "lit": null,
    "eyes_on_street": null,
    "crossing_spacing_m": null,
    "shade": null,
    "shade_modeled": null,
    "drainage": null,
    "length_m": 676.5064130287057,
    "source": "osm",
    "confidence": "med",
    "notes": ""
   }
  },
  {
   "type": "Feature",
   "geometry": {
    "type": "LineString",
    "coordinates": [
     [
      106.8246722,
      -6.2025438
     ],
     [
      106.8247883,
      -6.2025709
     ],
     [
      106.8249044,
      -6.202598
     ]
    ]
   },
   "properties": {
    "id": "osm-way-28192331",
    "street_name": "Jalan Kendal",
    "side": "n-a",
    "kind": "sidewalk",
    "level": 0,
    "has_sidewalk": "yes",
    "width_m": null,
    "surface": "unknown",
    "obstruction": null,
    "obstruction_types": [],
    "kerb_ramp": null,
    "lit": null,
    "eyes_on_street": null,
    "crossing_spacing_m": null,
    "shade": null,
    "shade_modeled": null,
    "drainage": null,
    "length_m": 26.36635049120487,
    "source": "osm",
    "confidence": "med",
    "notes": ""
   }
  },
  {
   "type": "Feature",
   "geometry": {
    "type": "LineString",
    "coordinates": [
     [
      106.8109584,
      -6.2190713
     ],
     [
      106.8110706,
      -6.2191025
     ]
    ]
   },
   "properties": {
    "id": "osm-way-28197106",
    "street_name": "",
    "side": "n-a",
    "kind": "footway",
    "level": 0,
    "has_sidewalk": "unknown",
    "width_m": null,
    "surface": "unknown",
    "obstruction": null,
    "obstruction_types": [],
    "kerb_ramp": null,
    "lit": null,
    "eyes_on_street": null,
    "crossing_spacing_m": null,
    "shade": null,
    "shade_modeled": null,
    "drainage": null,
    "length_m": 12.878726595854769,
    "source": "osm",
    "confidence": "med",
    "notes": ""
   }
  },
  {
   "type": "Feature",
   "geometry": {
    "type": "LineString",
    "coordinates": [
     [
      106.8201078,
      -6.2004957
     ],
     [
      106.8201431,
      -6.2002856
     ],
     [
      106.8202229,
      -6.1998512
     ],
     [
      106.8202489,
      -6.1995491
     ],
     [
      106.8202605,
      -6.1993709
     ]
    ]
   },
   "properties": {
    "id": "osm-way-28215606",
    "street_name": "Jalan Martapura",
    "side": "n-a",
    "kind": "sidewalk",
    "level": 0,
    "has_sidewalk": "yes",
    "width_m": null,
    "surface": "unknown",
    "obstruction": null,
    "obstruction_types": [],
    "kerb_ramp": null,
    "lit": null,
    "eyes_on_street": null,
    "crossing_spacing_m": null,
    "shade": null,
    "shade_modeled": null,
    "drainage": null,
    "length_m": 126.35880435739683,
    "source": "osm",
    "confidence": "med",
    "notes": ""
   }
  },
  {
   "type": "Feature",
   "geometry": {
    "type": "LineString",
    "coordinates": [
     [
      106.82249,
      -6.2016879
     ],
     [
      106.8223966,
      -6.2016665
     ],
     [
      106.8221484,
      -6.2016096
     ],
     [
      106.8218718,
      -6.2015462
     ],
     [
      106.8201903,
      -6.2011607
     ],
     [
      106.8199289,
      -6.2011008
     ]
    ]
   },
   "properties": {
    "id": "osm-way-28215610",
    "street_name": "Jalan Talang Betutu",
    "side": "n-a",
    "kind": "sidewalk",
    "level": 0,
    "has_sidewalk": "yes",
    "width_m": null,
    "surface": "unknown",
    "obstruction": null,
    "obstruction_types": [],
    "kerb_ramp": null,
    "lit": null,
    "eyes_on_street": null,
    "crossing_spacing_m": null,
    "shade": null,
    "shade_modeled": null,
    "drainage": null,
    "length_m": 290.5440528631101,
    "source": "osm",
    "confidence": "med",
    "notes": ""
   }
  },
  {
   "type": "Feature",
   "geometry": {
    "type": "LineString",
    "coordinates": [
     [
      106.820324,
      -6.1993827
     ],
     [
      106.8203624,
      -6.1993861
     ],
     [
      106.8205551,
      -6.1994009
     ],
     [
      106.8206262,
      -6.1994092
     ],
     [
      106.8212539,
      -6.1994642
     ],
     [
      106.8217259,
      -6.199547
     ],
     [
      106.821958,
      -6.1995877
     ],
     [
      106.8223627,
      -6.1996474
     ],
     [
      106.822782,
      -6.1996781
     ],
     [
      106.82286,
      -6.1996838
     ]
    ]
   },
   "properties": {
    "id": "osm-way-28215630",
    "street_name": "Jalan Kota Bumi",
    "side": "n-a",
    "kind": "sidewalk",
    "level": 0,
    "has_sidewalk": "yes",
    "width_m": null,
    "surface": "unknown",
    "obstruction": null,
    "obstruction_types": [],
    "kerb_ramp": null,
    "lit": null,
    "eyes_on_street": null,
    "crossing_spacing_m": null,
    "shade": null,
    "shade_modeled": null,
    "drainage": null,
    "length_m": 282.5852646928477,
    "source": "osm",
    "confidence": "med",
    "notes": ""
   }
  },
  {
   "type": "Feature",
   "geometry": {
    "type": "LineString",
    "coordinates": [
     [
      106.8193731,
      -6.1960729
     ],
     [
      106.81937,
      -6.1964072
     ],
     [
      106.8193622,
      -6.1970462
     ],
     [
      106.819354,
      -6.1976645
     ],
     [
      106.8193533,
      -6.1977208
     ],
     [
      106.8193475,
      -6.1980179
     ],
     [
      106.8193468,
      -6.198047
     ],
     [
      106.8193428,
      -6.198091
     ],
     [
      106.8193348,
      -6.198329
     ],
     [
      106.8193317,
      -6.1984101
     ],
     [
      106.8192903,
      -6.1988715
     ]
    ]
   },
   "properties": {
    "id": "osm-way-28215651",
    "street_name": "Jalan Kebon Sayur",
    "side": "n-a",
    "kind": "footway",
    "level": 0,
    "has_sidewalk": "unknown",
    "width_m": null,
    "surface": "unknown",
    "obstruction": null,
    "obstruction_types": [],
    "kerb_ramp": null,
    "lit": null,
    "eyes_on_street": null,
    "crossing_spacing_m": null,
    "shade": null,
    "shade_modeled": null,
    "drainage": null,
    "length_m": 311.45547032941045,
    "source": "osm",
    "confidence": "med",
    "notes": ""
   }
  },
  {
   "type": "Feature",
   "geometry": {
    "type": "LineString",
    "coordinates": [
     [
      106.8130177,
      -6.2135819
     ],
     [
      106.8129859,
      -6.2135563
     ],
     [
      106.8129016,
      -6.2134812
     ],
     [
      106.8127811,
      -6.2133445
     ],
     [
      106.8126279,
      -6.2131167
     ],
     [
      106.8124971,
      -6.212872
     ],
     [
      106.8123563,
      -6.2124885
     ],
     [
      106.8123449,
      -6.212447
     ],
     [
      106.8123013,
      -6.2122254
     ],
     [
      106.8122975,
      -6.212194
     ],
     [
      106.8122795,
      -6.2120487
     ],
     [
      106.8122675,
      -6.2119139
     ],
     [
      106.8122665,
      -6.2119027
     ],
     [
      106.8122786,
      -6.2116017
     ],
     [
      106.812298,
      -6.2114181
     ],
     [
      106.812302,
      -6.2113081
     ],
     [
      106.8123106,
      -6.2111481
     ],
     [
      106.8123139,
      -6.2110855
     ],
     [
      106.8123155,
      -6.2110681
     ],
     [
      106.8123546,
      -6.2105127
     ],
     [
      106.8123545,
      -6.2104929
     ],
     [
      106.8123529,
      -6.2101895
     ],
     [
      106.8123496,
      -6.2101275
     ]
    ]
   },
   "properties": {
    "id": "osm-way-28218863",
    "street_name": "Jalan Bendungan Hilir",
    "side": "n-a",
    "kind": "sidewalk",
    "level": 0,
    "has_sidewalk": "yes",
    "width_m": null,
    "surface": "unknown",
    "obstruction": null,
    "obstruction_types": [],
    "kerb_ramp": null,
    "lit": null,
    "eyes_on_street": null,
    "crossing_spacing_m": null,
    "shade": null,
    "shade_modeled": null,
    "drainage": null,
    "length_m": 407.65336849014295,
    "source": "osm",
    "confidence": "med",
    "notes": ""
   }
  },
  {
   "type": "Feature",
   "geometry": {
    "type": "LineString",
    "coordinates": [
     [
      106.8079786,
      -6.2067515
     ],
     [
      106.8080532,
      -6.206714
     ],
     [
      106.8085838,
      -6.2064471
     ],
     [
      106.809656,
      -6.2059492
     ],
     [
      106.8097231,
      -6.2059158
     ]
    ]
   },
   "properties": {
    "id": "osm-way-28218965",
    "street_name": "Jalan Danau Tondano",
    "side": "n-a",
    "kind": "sidewalk",
    "level": 0,
    "has_sidewalk": "yes",
    "width_m": null,
    "surface": "unknown",
    "obstruction": null,
    "obstruction_types": [],
    "kerb_ramp": null,
    "lit": null,
    "eyes_on_street": null,
    "crossing_spacing_m": null,
    "shade": null,
    "shade_modeled": null,
    "drainage": null,
    "length_m": 214.08861274552288,
    "source": "osm",
    "confidence": "med",
    "notes": ""
   }
  },
  {
   "type": "Feature",
   "geometry": {
    "type": "LineString",
    "coordinates": [
     [
      106.8144422,
      -6.198104
     ],
     [
      106.8144757,
      -6.1981317
     ],
     [
      106.8146613,
      -6.198458
     ],
     [
      106.8147123,
      -6.1985582
     ],
     [
      106.8148364,
      -6.1988764
     ],
     [
      106.8148866,
      -6.1990049
     ],
     [
      106.815007,
      -6.1993202
     ],
     [
      106.8151827,
      -6.1997389
     ],
     [
      106.8152095,
      -6.1998055
     ],
     [
      106.8153385,
      -6.2001171
     ],
     [
      106.81541,
      -6.2003187
     ]
    ]
   },
   "properties": {
    "id": "osm-way-28219153",
    "street_name": "Jalan Kyai Haji Mas Mansyur",
    "side": "n-a",
    "kind": "sidewalk",
    "level": 0,
    "has_sidewalk": "yes",
    "width_m": null,
    "surface": "unknown",
    "obstruction": null,
    "obstruction_types": [],
    "kerb_ramp": null,
    "lit": null,
    "eyes_on_street": null,
    "crossing_spacing_m": null,
    "shade": null,
    "shade_modeled": null,
    "drainage": null,
    "length_m": 269.42401727217015,
    "source": "osm",
    "confidence": "med",
    "notes": ""
   }
  },
  {
   "type": "Feature",
   "geometry": {
    "type": "LineString",
    "coordinates": [
     [
      106.8198431,
      -6.2084803
     ],
     [
      106.819979,
      -6.2085004
     ],
     [
      106.8201166,
      -6.2085317
     ],
     [
      106.8202856,
      -6.2085916
     ],
     [
      106.8204323,
      -6.2086455
     ]
    ]
   },
   "properties": {
    "id": "osm-way-28220100",
    "street_name": "Jalan Karet Pasar Baru Timur V",
    "side": "n-a",
    "kind": "sidewalk",
    "level": 0,
    "has_sidewalk": "yes",
    "width_m": null,
    "surface": "unknown",
    "obstruction": null,
    "obstruction_types": [],
    "kerb_ramp": null,
    "lit": null,
    "eyes_on_street": null,
    "crossing_spacing_m": null,
    "shade": null,
    "shade_modeled": null,
    "drainage": null,
    "length_m": 67.91416854271537,
    "source": "osm",
    "confidence": "med",
    "notes": ""
   }
  },
  {
   "type": "Feature",
   "geometry": {
    "type": "LineString",
    "coordinates": [
     [
      106.8220067,
      -6.2095161
     ],
     [
      106.8221575,
      -6.2096853
     ],
     [
      106.8222805,
      -6.209812
     ],
     [
      106.8223319,
      -6.2098623
     ],
     [
      106.8224255,
      -6.2099689
     ],
     [
      106.8224514,
      -6.2099985
     ],
     [
      106.8227474,
      -6.2103369
     ],
     [
      106.822776,
      -6.2103636
     ],
     [
      106.8228479,
      -6.2104308
     ],
     [
      106.8228995,
      -6.2104724
     ],
     [
      106.8234445,
      -6.210849
     ],
     [
      106.8237295,
      -6.211046
     ],
     [
      106.8240894,
      -6.2112949
     ]
    ]
   },
   "properties": {
    "id": "osm-way-28224974",
    "street_name": "Jalan Setiabudi Raya",
    "side": "n-a",
    "kind": "sidewalk",
    "level": 0,
    "has_sidewalk": "yes",
    "width_m": null,
    "surface": "unknown",
    "obstruction": null,
    "obstruction_types": [],
    "kerb_ramp": null,
    "lit": null,
    "eyes_on_street": null,
    "crossing_spacing_m": null,
    "shade": null,
    "shade_modeled": null,
    "drainage": null,
    "length_m": 305.4458143946956,
    "source": "osm",
    "confidence": "med",
    "notes": ""
   }
  },
  {
   "type": "Feature",
   "geometry": {
    "type": "LineString",
    "coordinates": [
     [
      106.8270254,
      -6.2027285
     ],
     [
      106.8266061,
      -6.2023038
     ],
     [
      106.826559,
      -6.2022598
     ],
     [
      106.8261682,
      -6.2018678
     ],
     [
      106.8257794,
      -6.2014864
     ],
     [
      106.8252355,
      -6.2009022
     ]
    ]
   },
   "properties": {
    "id": "osm-way-28680101",
    "street_name": "Jalan Rembang",
    "side": "n-a",
    "kind": "footway",
    "level": 0,
    "has_sidewalk": "unknown",
    "width_m": null,
    "surface": "unknown",
    "obstruction": null,
    "obstruction_types": [],
    "kerb_ramp": null,
    "lit": null,
    "eyes_on_street": null,
    "crossing_spacing_m": null,
    "shade": null,
    "shade_modeled": null,
    "drainage": null,
    "length_m": 283.5805247576486,
    "source": "osm",
    "confidence": "med",
    "notes": ""
   }
  },
  {
   "type": "Feature",
   "geometry": {
    "type": "LineString",
    "coordinates": [
     [
      106.8255293,
      -6.2006295
     ],
     [
      106.8252355,
      -6.2009022
     ],
     [
      106.8251597,
      -6.2010031
     ],
     [
      106.8250926,
      -6.2012942
     ],
     [
      106.8250252,
      -6.2015863
     ],
     [
      106.824953,
      -6.2019059
     ],
     [
      106.8249417,
      -6.2022111
     ]
    ]
   },
   "properties": {
    "id": "osm-way-28680102",
    "street_name": "Jalan Kudus",
    "side": "n-a",
    "kind": "sidewalk",
    "level": 0,
    "has_sidewalk": "yes",
    "width_m": null,
    "surface": "unknown",
    "obstruction": null,
    "obstruction_types": [],
    "kerb_ramp": null,
    "lit": null,
    "eyes_on_street": null,
    "crossing_spacing_m": null,
    "shade": null,
    "shade_modeled": null,
    "drainage": null,
    "length_m": 195.35053841052238,
    "source": "osm",
    "confidence": "med",
    "notes": ""
   }
  },
  {
   "type": "Feature",
   "geometry": {
    "type": "LineString",
    "coordinates": [
     [
      106.8239938,
      -6.2016059
     ],
     [
      106.8239786,
      -6.2016729
     ],
     [
      106.823913,
      -6.2019469
     ],
     [
      106.8238791,
      -6.2020802
     ]
    ]
   },
   "properties": {
    "id": "osm-way-28680428",
    "street_name": "Jalan Pati",
    "side": "n-a",
    "kind": "sidewalk",
    "level": 0,
    "has_sidewalk": "yes",
    "width_m": null,
    "surface": "unknown",
    "obstruction": null,
    "obstruction_types": [],
    "kerb_ramp": null,
    "lit": null,
    "eyes_on_street": null,
    "crossing_spacing_m": null,
    "shade": null,
    "shade_modeled": null,
    "drainage": null,
    "length_m": 54.24439062170737,
    "source": "osm",
    "confidence": "med",
    "notes": ""
   }
  },
  {
   "type": "Feature",
   "geometry": {
    "type": "LineString",
    "coordinates": [
     [
      106.8123013,
      -6.2122254
     ],
     [
      106.811693,
      -6.212319
     ],
     [
      106.8114644,
      -6.2123496
     ],
     [
      106.8112203,
      -6.2123823
     ]
    ]
   },
   "properties": {
    "id": "osm-way-28779854",
    "street_name": "Jalan Bendungan Hilir Gang 11",
    "side": "n-a",
    "kind": "footway",
    "level": 0,
    "has_sidewalk": "unknown",
    "width_m": null,
    "surface": "unknown",
    "obstruction": null,
    "obstruction_types": [],
    "kerb_ramp": null,
    "lit": null,
    "eyes_on_street": null,
    "crossing_spacing_m": null,
    "shade": null,
    "shade_modeled": null,
    "drainage": null,
    "length_m": 120.7684885643591,
    "source": "osm",
    "confidence": "med",
    "notes": ""
   }
  },
  {
   "type": "Feature",
   "geometry": {
    "type": "LineString",
    "coordinates": [
     [
      106.8121597,
      -6.2152321
     ],
     [
      106.8119914,
      -6.2149808
     ],
     [
      106.8117789,
      -6.2145646
     ],
     [
      106.8115805,
      -6.2142049
     ],
     [
      106.8115685,
      -6.2141824
     ],
     [
      106.8115403,
      -6.2141307
     ],
     [
      106.8115074,
      -6.2140726
     ],
     [
      106.8113642,
      -6.2138127
     ],
     [
      106.8112606,
      -6.2136253
     ],
     [
      106.8112113,
      -6.213504
     ],
     [
      106.8111722,
      -6.21332
     ],
     [
      106.8111649,
      -6.2132581
     ],
     [
      106.811159,
      -6.2130627
     ],
     [
      106.8111515,
      -6.2127685
     ],
     [
      106.811146,
      -6.2127067
     ],
     [
      106.8111343,
      -6.212398
     ],
     [
      106.8111077,
      -6.2120389
     ],
     [
      106.8110699,
      -6.2118934
     ],
     [
      106.8110253,
      -6.2118048
     ],
     [
      106.8109723,
      -6.2117541
     ]
    ]
   },
   "properties": {
    "id": "osm-way-28779866",
    "street_name": "Jalan Bendungan Jati Luhur",
    "side": "n-a",
    "kind": "sidewalk",
    "level": 0,
    "has_sidewalk": "yes",
    "width_m": null,
    "surface": "unknown",
    "obstruction": null,
    "obstruction_types": [],
    "kerb_ramp": null,
    "lit": null,
    "eyes_on_street": null,
    "crossing_spacing_m": null,
    "shade": null,
    "shade_modeled": null,
    "drainage": null,
    "length_m": 418.5922388265522,
    "source": "osm",
    "confidence": "med",
    "notes": ""
   }
  },
  {
   "type": "Feature",
   "geometry": {
    "type": "LineString",
    "coordinates": [
     [
      106.8093891,
      -6.2114548
     ],
     [
      106.8096153,
      -6.2113993
     ],
     [
      106.8098457,
      -6.2113898
     ],
     [
      106.8105933,
      -6.2113591
     ],
     [
      106.8111372,
      -6.2113411
     ],
     [
      106.8118296,
      -6.2113214
     ],
     [
      106.8122801,
      -6.2113081
     ]
    ]
   },
   "properties": {
    "id": "osm-way-28779875",
    "street_name": "Jalan Bendungan Hilir XIV",
    "side": "n-a",
    "kind": "footway",
    "level": 0,
    "has_sidewalk": "unknown",
    "width_m": null,
    "surface": "unknown",
    "obstruction": null,
    "obstruction_types": [],
    "kerb_ramp": null,
    "lit": null,
    "eyes_on_street": null,
    "crossing_spacing_m": null,
    "shade": null,
    "shade_modeled": null,
    "drainage": null,
    "length_m": 320.50666548142834,
    "source": "osm",
    "confidence": "med",
    "notes": ""
   }
  },
  {
   "type": "Feature",
   "geometry": {
    "type": "LineString",
    "coordinates": [
     [
      106.8106075,
      -6.2057065
     ],
     [
      106.8109425,
      -6.205631
     ],
     [
      106.8110185,
      -6.2056198
     ],
     [
      106.8111614,
      -6.2056097
     ],
     [
      106.8116517,
      -6.2056385
     ],
     [
      106.8117815,
      -6.205653
     ],
     [
      106.8118543,
      -6.205662
     ],
     [
      106.8118712,
      -6.205657
     ],
     [
      106.811888,
      -6.2056462
     ],
     [
      106.8119654,
      -6.2055799
     ],
     [
      106.8120606,
      -6.2055365
     ],
     [
      106.8121015,
      -6.2055219
     ],
     [
      106.8121431,
      -6.2055092
     ],
     [
      106.8122812,
      -6.2054699
     ],
     [
      106.8123758,
      -6.2054439
     ],
     [
      106.8124509,
      -6.2054179
     ],
     [
      106.8125582,
      -6.2053855
     ],
     [
      106.8126091,
      -6.2053841
     ],
     [
      106.8127888,
      -6.2053892
     ],
     [
      106.8133113,
      -6.2054252
     ],
     [
      106.8136233,
      -6.2053736
     ],
     [
      106.8138142,
      -6.2053466
     ],
     [
      106.8140235,
      -6.2053003
     ],
     [
      106.814258,
      -6.2052639
     ],
     [
      106.8144444,
      -6.2052439
     ],
     [
      106.814722,
      -6.2052247
     ],
     [
      106.8148694,
      -6.2052119
     ],
     [
      106.8154438,
      -6.2051701
     ],
     [
      106.8156297,
      -6.2051515
     ],
     [
      106.8159608,
      -6.2051376
     ],
     [
      106.8164045,
      -6.2051389
     ]
    ]
   },
   "properties": {
    "id": "osm-way-28779886",
    "street_name": "Jalan Karet Pasar Baru Barat I",
    "side": "n-a",
    "kind": "footway",
    "level": 0,
    "has_sidewalk": "unknown",
    "width_m": null,
    "surface": "unknown",
    "obstruction": null,
    "obstruction_types": [],
    "kerb_ramp": null,
    "lit": null,
    "eyes_on_street": null,
    "crossing_spacing_m": null,
    "shade": null,
    "shade_modeled": null,
    "drainage": null,
    "length_m": 651.1672715147955,
    "source": "osm",
    "confidence": "med",
    "notes": ""
   }
  },
  {
   "type": "Feature",
   "geometry": {
    "type": "LineString",
    "coordinates": [
     [
      106.8096101,
      -6.2084698
     ],
     [
      106.8096422,
      -6.2084963
     ],
     [
      106.8097942,
      -6.2086217
     ],
     [
      106.809939,
      -6.20873
     ],
     [
      106.810486,
      -6.2090944
     ],
     [
      106.8106538,
      -6.2092423
     ],
     [
      106.8107504,
      -6.2093599
     ],
     [
      106.8108429,
      -6.2094839
     ],
     [
      106.810913,
      -6.2096403
     ],
     [
      106.8109757,
      -6.2097999
     ],
     [
      106.811033,
      -6.2100249
     ],
     [
      106.8110856,
      -6.2101059
     ],
     [
      106.8111349,
      -6.2101342
     ]
    ]
   },
   "properties": {
    "id": "osm-way-28779893",
    "street_name": "Jalan Danau Toba",
    "side": "n-a",
    "kind": "sidewalk",
    "level": 0,
    "has_sidewalk": "yes",
    "width_m": null,
    "surface": "unknown",
    "obstruction": null,
    "obstruction_types": [],
    "kerb_ramp": null,
    "lit": null,
    "eyes_on_street": null,
    "crossing_spacing_m": null,
    "shade": null,
    "shade_modeled": null,
    "drainage": null,
    "length_m": 259.01705831661155,
    "source": "osm",
    "confidence": "med",
    "notes": ""
   }
  },
  {
   "type": "Feature",
   "geometry": {
    "type": "LineString",
    "coordinates": [
     [
      106.8173856,
      -6.1933949
     ],
     [
      106.8175269,
      -6.1933979
     ],
     [
      106.8179875,
      -6.1934214
     ]
    ]
   },
   "properties": {
    "id": "osm-way-28948446",
    "street_name": "Gang Kebon Kacang XLIV",
    "side": "n-a",
    "kind": "footway",
    "level": 0,
    "has_sidewalk": "unknown",
    "width_m": null,
    "surface": "unknown",
    "obstruction": null,
    "obstruction_types": [],
    "kerb_ramp": null,
    "lit": null,
    "eyes_on_street": null,
    "crossing_spacing_m": null,
    "shade": null,
    "shade_modeled": null,
    "drainage": null,
    "length_m": 66.60816121572486,
    "source": "osm",
    "confidence": "med",
    "notes": ""
   }
  },
  {
   "type": "Feature",
   "geometry": {
    "type": "LineString",
    "coordinates": [
     [
      106.8173856,
      -6.1933949
     ],
     [
      106.8173815,
      -6.1934391
     ],
     [
      106.8173781,
      -6.1934909
     ],
     [
      106.8173587,
      -6.1937858
     ]
    ]
   },
   "properties": {
    "id": "osm-way-28948447",
    "street_name": "Gang Kebon Kacang XLV",
    "side": "n-a",
    "kind": "footway",
    "level": 0,
    "has_sidewalk": "unknown",
    "width_m": null,
    "surface": "unknown",
    "obstruction": null,
    "obstruction_types": [],
    "kerb_ramp": null,
    "lit": null,
    "eyes_on_street": null,
    "crossing_spacing_m": null,
    "shade": null,
    "shade_modeled": null,
    "drainage": null,
    "length_m": 43.56925550101876,
    "source": "osm",
    "confidence": "med",
    "notes": ""
   }
  },
  {
   "type": "Feature",
   "geometry": {
    "type": "LineString",
    "coordinates": [
     [
      106.8195741,
      -6.2084558
     ],
     [
      106.8195789,
      -6.208413
     ],
     [
      106.8196131,
      -6.2081329
     ],
     [
      106.8196253,
      -6.2079674
     ],
     [
      106.8196371,
      -6.2076337
     ],
     [
      106.8196,
      -6.2075528
     ],
     [
      106.8195584,
      -6.2074937
     ],
     [
      106.8195386,
      -6.2074666
     ],
     [
      106.8195252,
      -6.2074324
     ],
     [
      106.8194847,
      -6.2070936
     ],
     [
      106.8194695,
      -6.2069264
     ],
     [
      106.8194763,
      -6.2067401
     ],
     [
      106.8194667,
      -6.2063973
     ],
     [
      106.8194451,
      -6.2061888
     ],
     [
      106.8194253,
      -6.2059411
     ],
     [
      106.8194092,
      -6.2057758
     ],
     [
      106.8193662,
      -6.2056398
     ],
     [
      106.8193471,
      -6.2054905
     ],
     [
      106.8193515,
      -6.2052491
     ],
     [
      106.8193568,
      -6.2049238
     ],
     [
      106.8193381,
      -6.2044869
     ],
     [
      106.8193359,
      -6.2044427
     ]
    ]
   },
   "properties": {
    "id": "osm-way-28957454",
    "street_name": "Jalan Pasar Baru Timur V",
    "side": "n-a",
    "kind": "footway",
    "level": 0,
    "has_sidewalk": "unknown",
    "width_m": null,
    "surface": "unknown",
    "obstruction": null,
    "obstruction_types": [],
    "kerb_ramp": null,
    "lit": null,
    "eyes_on_street": null,
    "crossing_spacing_m": null,
    "shade": null,
    "shade_modeled": null,
    "drainage": null,
    "length_m": 451.482972501191,
    "source": "osm",
    "confidence": "med",
    "notes": ""
   }
  },
  {
   "type": "Feature",
   "geometry": {
    "type": "LineString",
    "coordinates": [
     [
      106.8229899,
      -6.2043037
     ],
     [
      106.8226578,
      -6.2044683
     ],
     [
      106.8226119,
      -6.2048398
     ],
     [
      106.8223485,
      -6.2048043
     ],
     [
      106.822054,
      -6.2047643
     ]
    ]
   },
   "properties": {
    "id": "osm-way-29043024",
    "street_name": "Jembatan Penyeberangan Multiguna Dukuh Atas",
    "side": "n-a",
    "kind": "footway",
    "level": 0,
    "has_sidewalk": "unknown",
    "width_m": null,
    "surface": "unknown",
    "obstruction": null,
    "obstruction_types": [],
    "kerb_ramp": null,
    "lit": null,
    "eyes_on_street": null,
    "crossing_spacing_m": null,
    "shade": null,
    "shade_modeled": null,
    "drainage": null,
    "length_m": 144.8814278612512,
    "source": "osm",
    "confidence": "med",
    "notes": ""
   }
  },
  {
   "type": "Feature",
   "geometry": {
    "type": "LineString",
    "coordinates": [
     [
      106.8237104,
      -6.2197839
     ],
     [
      106.8236627,
      -6.2200753
     ],
     [
      106.8236384,
      -6.220252
     ],
     [
      106.8235981,
      -6.2205906
     ],
     [
      106.8235459,
      -6.2207851
     ],
     [
      106.8235049,
      -6.2208919
     ],
     [
      106.823448,
      -6.2211185
     ],
     [
      106.8234168,
      -6.2212522
     ],
     [
      106.8234057,
      -6.2212986
     ]
    ]
   },
   "properties": {
    "id": "osm-way-31542140",
    "street_name": "Jalan Haji Sidik",
    "side": "n-a",
    "kind": "footway",
    "level": 0,
    "has_sidewalk": "unknown",
    "width_m": null,
    "surface": "unknown",
    "obstruction": null,
    "obstruction_types": [],
    "kerb_ramp": null,
    "lit": null,
    "eyes_on_street": null,
    "crossing_spacing_m": null,
    "shade": null,
    "shade_modeled": null,
    "drainage": null,
    "length_m": 172.202360648515,
    "source": "osm",
    "confidence": "med",
    "notes": ""
   }
  },
  {
   "type": "Feature",
   "geometry": {
    "type": "LineString",
    "coordinates": [
     [
      106.824624,
      -6.2199937
     ],
     [
      106.8246217,
      -6.2203187
     ],
     [
      106.8246147,
      -6.2205173
     ],
     [
      106.8245985,
      -6.2206213
     ],
     [
      106.8245875,
      -6.2207474
     ],
     [
      106.8245346,
      -6.2211343
     ]
    ]
   },
   "properties": {
    "id": "osm-way-31542178",
    "street_name": "Jalan Blumbang",
    "side": "n-a",
    "kind": "footway",
    "level": 0,
    "has_sidewalk": "unknown",
    "width_m": null,
    "surface": "unknown",
    "obstruction": null,
    "obstruction_types": [],
    "kerb_ramp": null,
    "lit": null,
    "eyes_on_street": null,
    "crossing_spacing_m": null,
    "shade": null,
    "shade_modeled": null,
    "drainage": null,
    "length_m": 127.42942327173289,
    "source": "osm",
    "confidence": "med",
    "notes": ""
   }
  },
  {
   "type": "Feature",
   "geometry": {
    "type": "LineString",
    "coordinates": [
     [
      106.8250076,
      -6.2180336
     ],
     [
      106.8249808,
      -6.2180242
     ],
     [
      106.8249399,
      -6.2180136
     ],
     [
      106.8248481,
      -6.2179936
     ],
     [
      106.8247951,
      -6.2179782
     ],
     [
      106.8247626,
      -6.2179713
     ],
     [
      106.8247388,
      -6.2179662
     ],
     [
      106.8246261,
      -6.2179309
     ],
     [
      106.8245309,
      -6.2179096
     ],
     [
      106.8244638,
      -6.2178962
     ],
     [
      106.8243209,
      -6.2178574
     ],
     [
      106.8242035,
      -6.2178308
     ],
     [
      106.8239059,
      -6.2177696
     ],
     [
      106.8238046,
      -6.2177459
     ]
    ]
   },
   "properties": {
    "id": "osm-way-31559866",
    "street_name": "Jalan Anggrek I",
    "side": "n-a",
    "kind": "footway",
    "level": 0,
    "has_sidewalk": "unknown",
    "width_m": null,
    "surface": "unknown",
    "obstruction": null,
    "obstruction_types": [],
    "kerb_ramp": null,
    "lit": null,
    "eyes_on_street": null,
    "crossing_spacing_m": null,
    "shade": null,
    "shade_modeled": null,
    "drainage": null,
    "length_m": 136.8670065927792,
    "source": "osm",
    "confidence": "med",
    "notes": ""
   }
  },
  {
   "type": "Feature",
   "geometry": {
    "type": "LineString",
    "coordinates": [
     [
      106.8240894,
      -6.2112949
     ],
     [
      106.8240205,
      -6.2114527
     ],
     [
      106.8239855,
      -6.211589
     ],
     [
      106.8239893,
      -6.2118135
     ],
     [
      106.8240545,
      -6.2118549
     ],
     [
      106.8245798,
      -6.21217
     ],
     [
      106.8246106,
      -6.2125281
     ]
    ]
   },
   "properties": {
    "id": "osm-way-31559884",
    "street_name": "Jalan Q",
    "side": "n-a",
    "kind": "footway",
    "level": 0,
    "has_sidewalk": "unknown",
    "width_m": null,
    "surface": "unknown",
    "obstruction": null,
    "obstruction_types": [],
    "kerb_ramp": null,
    "lit": null,
    "eyes_on_street": null,
    "crossing_spacing_m": null,
    "shade": null,
    "shade_modeled": null,
    "drainage": null,
    "length_m": 176.07275613340462,
    "source": "osm",
    "confidence": "med",
    "notes": ""
   }
  },
  {
   "type": "Feature",
   "geometry": {
    "type": "LineString",
    "coordinates": [
     [
      106.8200568,
      -6.2094827
     ],
     [
      106.8200782,
      -6.2094314
     ],
     [
      106.8201423,
      -6.2092938
     ],
     [
      106.8202749,
      -6.2090043
     ],
     [
      106.8204323,
      -6.2086455
     ]
    ]
   },
   "properties": {
    "id": "osm-way-48036296",
    "street_name": "",
    "side": "n-a",
    "kind": "sidewalk",
    "level": 0,
    "has_sidewalk": "yes",
    "width_m": null,
    "surface": "unknown",
    "obstruction": null,
    "obstruction_types": [],
    "kerb_ramp": null,
    "lit": null,
    "eyes_on_street": null,
    "crossing_spacing_m": null,
    "shade": null,
    "shade_modeled": null,
    "drainage": null,
    "length_m": 101.93368754362821,
    "source": "osm",
    "confidence": "med",
    "notes": ""
   }
  },
  {
   "type": "Feature",
   "geometry": {
    "type": "LineString",
    "coordinates": [
     [
      106.8152642,
      -6.2167875
     ],
     [
      106.8154428,
      -6.2170105
     ],
     [
      106.8156133,
      -6.2172246
     ]
    ]
   },
   "properties": {
    "id": "osm-way-121870252",
    "street_name": "",
    "side": "n-a",
    "kind": "footway",
    "level": 0,
    "has_sidewalk": "unknown",
    "width_m": null,
    "surface": "unknown",
    "obstruction": null,
    "obstruction_types": [],
    "kerb_ramp": null,
    "lit": null,
    "eyes_on_street": null,
    "crossing_spacing_m": null,
    "shade": null,
    "shade_modeled": null,
    "drainage": null,
    "length_m": 62.06017423653773,
    "source": "osm",
    "confidence": "med",
    "notes": ""
   }
  },
  {
   "type": "Feature",
   "geometry": {
    "type": "LineString",
    "coordinates": [
     [
      106.8080135,
      -6.2181418
     ],
     [
      106.8080119,
      -6.2182577
     ],
     [
      106.8080105,
      -6.2183579
     ],
     [
      106.8080092,
      -6.2184484
     ],
     [
      106.8080068,
      -6.2186147
     ],
     [
      106.8080051,
      -6.2187489
     ],
     [
      106.8080013,
      -6.218997
     ]
    ]
   },
   "properties": {
    "id": "osm-way-167044079",
    "street_name": "",
    "side": "n-a",
    "kind": "footway",
    "level": 0,
    "has_sidewalk": "unknown",
    "width_m": null,
    "surface": "unknown",
    "obstruction": null,
    "obstruction_types": [],
    "kerb_ramp": null,
    "lit": null,
    "eyes_on_street": null,
    "crossing_spacing_m": null,
    "shade": null,
    "shade_modeled": null,
    "drainage": null,
    "length_m": 95.10349949124596,
    "source": "osm",
    "confidence": "med",
    "notes": ""
   }
  },
  {
   "type": "Feature",
   "geometry": {
    "type": "LineString",
    "coordinates": [
     [
      106.8232166,
      -6.1925046
     ],
     [
      106.8232031,
      -6.1920224
     ],
     [
      106.8231971,
      -6.191909
     ],
     [
      106.8231948,
      -6.1918147
     ],
     [
      106.8231863,
      -6.1914637
     ],
     [
      106.8231754,
      -6.191175
     ],
     [
      106.8231734,
      -6.1910835
     ],
     [
      106.8231614,
      -6.1907767
     ],
     [
      106.8231591,
      -6.1907122
     ],
     [
      106.8231584,
      -6.1906791
     ],
     [
      106.823156,
      -6.1903937
     ]
    ]
   },
   "properties": {
    "id": "osm-way-203858760",
    "street_name": "",
    "side": "n-a",
    "kind": "footway",
    "level": 0,
    "has_sidewalk": "unknown",
    "width_m": null,
    "surface": "unknown",
    "obstruction": null,
    "obstruction_types": [],
    "kerb_ramp": null,
    "lit": null,
    "eyes_on_street": null,
    "crossing_spacing_m": null,
    "shade": null,
    "shade_modeled": null,
    "drainage": null,
    "length_m": 234.8311776777061,
    "source": "osm",
    "confidence": "med",
    "notes": ""
   }
  },
  {
   "type": "Feature",
   "geometry": {
    "type": "LineString",
    "coordinates": [
     [
      106.823424,
      -6.199872
     ],
     [
      106.8234244,
      -6.1999169
     ],
     [
      106.823425,
      -6.199968
     ],
     [
      106.8234361,
      -6.2003265
     ],
     [
      106.8234305,
      -6.2005428
     ],
     [
      106.8234028,
      -6.2008926
     ],
     [
      106.823383,
      -6.2011099
     ],
     [
      106.8233545,
      -6.2013092
     ]
    ]
   },
   "properties": {
    "id": "osm-way-228957024",
    "street_name": "Jalan Blora",
    "side": "n-a",
    "kind": "sidewalk",
    "level": 0,
    "has_sidewalk": "yes",
    "width_m": null,
    "surface": "unknown",
    "obstruction": null,
    "obstruction_types": [],
    "kerb_ramp": null,
    "lit": null,
    "eyes_on_street": null,
    "crossing_spacing_m": null,
    "shade": null,
    "shade_modeled": null,
    "drainage": null,
    "length_m": 160.27887898683525,
    "source": "osm",
    "confidence": "med",
    "notes": ""
   }
  },
  {
   "type": "Feature",
   "geometry": {
    "type": "LineString",
    "coordinates": [
     [
      106.8187983,
      -6.190494
     ],
     [
      106.8187975,
      -6.1906099
     ],
     [
      106.818797,
      -6.190838
     ],
     [
      106.8187936,
      -6.1913793
     ],
     [
      106.8187856,
      -6.1915853
     ],
     [
      106.8187812,
      -6.1917439
     ],
     [
      106.8187819,
      -6.1917686
     ],
     [
      106.8187859,
      -6.1921126
     ],
     [
      106.8187859,
      -6.1921422
     ],
     [
      106.8187903,
      -6.1924085
     ],
     [
      106.8187708,
      -6.1928612
     ],
     [
      106.8187356,
      -6.1934131
     ],
     [
      106.8187296,
      -6.1935102
     ],
     [
      106.8187246,
      -6.1935858
     ],
     [
      106.8186294,
      -6.1940258
     ]
    ]
   },
   "properties": {
    "id": "osm-way-273202552",
    "street_name": "Jalan Kebon Kacang IX",
    "side": "n-a",
    "kind": "footway",
    "level": 0,
    "has_sidewalk": "unknown",
    "width_m": null,
    "surface": "unknown",
    "obstruction": null,
    "obstruction_types": [],
    "kerb_ramp": null,
    "lit": null,
    "eyes_on_street": null,
    "crossing_spacing_m": null,
    "shade": null,
    "shade_modeled": null,
    "drainage": null,
    "length_m": 394.07813246145014,
    "source": "osm",
    "confidence": "med",
    "notes": ""
   }
  },
  {
   "type": "Feature",
   "geometry": {
    "type": "LineString",
    "coordinates": [
     [
      106.8148515,
      -6.1985469
     ],
     [
      106.8152312,
      -6.1985277
     ],
     [
      106.8152678,
      -6.1985274
     ],
     [
      106.815577,
      -6.1985246
     ],
     [
      106.8157353,
      -6.198528
     ],
     [
      106.8162714,
      -6.198537
     ],
     [
      106.8163557,
      -6.1985385
     ],
     [
      106.8165843,
      -6.1985393
     ],
     [
      106.8167711,
      -6.198543
     ],
     [
      106.8168331,
      -6.1985601
     ]
    ]
   },
   "properties": {
    "id": "osm-way-276182881",
    "street_name": "Jalan Dukuh Pinggir V",
    "side": "n-a",
    "kind": "footway",
    "level": 0,
    "has_sidewalk": "unknown",
    "width_m": null,
    "surface": "unknown",
    "obstruction": null,
    "obstruction_types": [],
    "kerb_ramp": null,
    "lit": null,
    "eyes_on_street": null,
    "crossing_spacing_m": null,
    "shade": null,
    "shade_modeled": null,
    "drainage": null,
    "length_m": 219.3886388381023,
    "source": "osm",
    "confidence": "med",
    "notes": ""
   }
  },
  {
   "type": "Feature",
   "geometry": {
    "type": "LineString",
    "coordinates": [
     [
      106.8096869,
      -6.2098596
     ],
     [
      106.8098492,
      -6.2098477
     ],
     [
      106.8099354,
      -6.2098414
     ],
     [
      106.8101288,
      -6.2098382
     ],
     [
      106.8105331,
      -6.2098142
     ],
     [
      106.8109133,
      -6.2097996
     ]
    ]
   },
   "properties": {
    "id": "osm-way-284762191",
    "street_name": "Jalan Danau Brantan",
    "side": "n-a",
    "kind": "footway",
    "level": 0,
    "has_sidewalk": "unknown",
    "width_m": null,
    "surface": "unknown",
    "obstruction": null,
    "obstruction_types": [],
    "kerb_ramp": null,
    "lit": null,
    "eyes_on_street": null,
    "crossing_spacing_m": null,
    "shade": null,
    "shade_modeled": null,
    "drainage": null,
    "length_m": 135.75765535094706,
    "source": "osm",
    "confidence": "med",
    "notes": ""
   }
  },
  {
   "type": "Feature",
   "geometry": {
    "type": "LineString",
    "coordinates": [
     [
      106.8096912,
      -6.2090656
     ],
     [
      106.8099061,
      -6.2091856
     ],
     [
      106.8101107,
      -6.2093104
     ],
     [
      106.8102922,
      -6.2094856
     ],
     [
      106.8104381,
      -6.2096613
     ],
     [
      106.8105331,
      -6.2098142
     ]
    ]
   },
   "properties": {
    "id": "osm-way-284762192",
    "street_name": "Jalan Danau Batur",
    "side": "n-a",
    "kind": "footway",
    "level": 0,
    "has_sidewalk": "unknown",
    "width_m": null,
    "surface": "unknown",
    "obstruction": null,
    "obstruction_types": [],
    "kerb_ramp": null,
    "lit": null,
    "eyes_on_street": null,
    "crossing_spacing_m": null,
    "shade": null,
    "shade_modeled": null,
    "drainage": null,
    "length_m": 127.06443156219709,
    "source": "osm",
    "confidence": "med",
    "notes": ""
   }
  },
  {
   "type": "Feature",
   "geometry": {
    "type": "LineString",
    "coordinates": [
     [
      106.8110706,
      -6.2191025
     ],
     [
      106.8112063,
      -6.2191391
     ]
    ]
   },
   "properties": {
    "id": "osm-way-369519940",
    "street_name": "",
    "side": "n-a",
    "kind": "footway",
    "level": 0,
    "has_sidewalk": "unknown",
    "width_m": null,
    "surface": "unknown",
    "obstruction": null,
    "obstruction_types": [],
    "kerb_ramp": null,
    "lit": null,
    "eyes_on_street": null,
    "crossing_spacing_m": null,
    "shade": null,
    "shade_modeled": null,
    "drainage": null,
    "length_m": 15.542626354506265,
    "source": "osm",
    "confidence": "med",
    "notes": ""
   }
  },
  {
   "type": "Feature",
   "geometry": {
    "type": "LineString",
    "coordinates": [
     [
      106.8125463,
      -6.218189
     ],
     [
      106.8125508,
      -6.2180639
     ]
    ]
   },
   "properties": {
    "id": "osm-way-369519946",
    "street_name": "",
    "side": "n-a",
    "kind": "footway",
    "level": 0,
    "has_sidewalk": "unknown",
    "width_m": null,
    "surface": "unknown",
    "obstruction": null,
    "obstruction_types": [],
    "kerb_ramp": null,
    "lit": null,
    "eyes_on_street": null,
    "crossing_spacing_m": null,
    "shade": null,
    "shade_modeled": null,
    "drainage": null,
    "length_m": 13.919376488922634,
    "source": "osm",
    "confidence": "med",
    "notes": ""
   }
  },
  {
   "type": "Feature",
   "geometry": {
    "type": "LineString",
    "coordinates": [
     [
      106.8125508,
      -6.2180639
     ],
     [
      106.8125597,
      -6.217907
     ]
    ]
   },
   "properties": {
    "id": "osm-way-369519948",
    "street_name": "",
    "side": "n-a",
    "kind": "footway",
    "level": 0,
    "has_sidewalk": "unknown",
    "width_m": null,
    "surface": "unknown",
    "obstruction": null,
    "obstruction_types": [],
    "kerb_ramp": null,
    "lit": null,
    "eyes_on_street": null,
    "crossing_spacing_m": null,
    "shade": null,
    "shade_modeled": null,
    "drainage": null,
    "length_m": 17.47420073512372,
    "source": "osm",
    "confidence": "med",
    "notes": ""
   }
  },
  {
   "type": "Feature",
   "geometry": {
    "type": "LineString",
    "coordinates": [
     [
      106.8108653,
      -6.1994289
     ],
     [
      106.8108872,
      -6.1995176
     ],
     [
      106.8108852,
      -6.1995649
     ],
     [
      106.8108784,
      -6.1996376
     ],
     [
      106.8108577,
      -6.1997202
     ],
     [
      106.8107153,
      -6.2001072
     ],
     [
      106.8105999,
      -6.2003834
     ],
     [
      106.8104157,
      -6.2007711
     ],
     [
      106.8102622,
      -6.2013448
     ]
    ]
   },
   "properties": {
    "id": "osm-way-424085862",
    "street_name": "Jalan Administrasi",
    "side": "n-a",
    "kind": "footway",
    "level": 0,
    "has_sidewalk": "unknown",
    "width_m": null,
    "surface": "unknown",
    "obstruction": null,
    "obstruction_types": [],
    "kerb_ramp": null,
    "lit": null,
    "eyes_on_street": null,
    "crossing_spacing_m": null,
    "shade": null,
    "shade_modeled": null,
    "drainage": null,
    "length_m": 225.76942412254436,
    "source": "osm",
    "confidence": "med",
    "notes": ""
   }
  },
  {
   "type": "Feature",
   "geometry": {
    "type": "LineString",
    "coordinates": [
     [
      106.8147255,
      -6.2175855
     ],
     [
      106.8145533,
      -6.2177206
     ],
     [
      106.814644,
      -6.2178364
     ],
     [
      106.8144555,
      -6.217988
     ],
     [
      106.8143636,
      -6.2180995
     ],
     [
      106.8142971,
      -6.2182088
     ],
     [
      106.8140917,
      -6.2188501
     ],
     [
      106.8141857,
      -6.2188788
     ],
     [
      106.8137401,
      -6.22028
     ],
     [
      106.8137153,
      -6.220357
     ],
     [
      106.8137129,
      -6.2205068
     ],
     [
      106.813726,
      -6.2206495
     ],
     [
      106.8137457,
      -6.2207798
     ],
     [
      106.813831,
      -6.2209932
     ]
    ]
   },
   "properties": {
    "id": "osm-way-436716812",
    "street_name": "Jembatan Penyeberangan Orang Semanggi",
    "side": "n-a",
    "kind": "footway",
    "level": 0,
    "has_sidewalk": "unknown",
    "width_m": null,
    "surface": "unknown",
    "obstruction": null,
    "obstruction_types": [],
    "kerb_ramp": null,
    "lit": null,
    "eyes_on_street": null,
    "crossing_spacing_m": null,
    "shade": null,
    "shade_modeled": null,
    "drainage": null,
    "length_m": 428.4840426746581,
    "source": "osm",
    "confidence": "med",
    "notes": ""
   }
  },
  {
   "type": "Feature",
   "geometry": {
    "type": "LineString",
    "coordinates": [
     [
      106.8137062,
      -6.2210864
     ],
     [
      106.8138382,
      -6.2212799
     ]
    ]
   },
   "properties": {
    "id": "osm-way-436726851",
    "street_name": "",
    "side": "n-a",
    "kind": "footway",
    "level": 0,
    "has_sidewalk": "unknown",
    "width_m": null,
    "surface": "unknown",
    "obstruction": null,
    "obstruction_types": [],
    "kerb_ramp": null,
    "lit": null,
    "eyes_on_street": null,
    "crossing_spacing_m": null,
    "shade": null,
    "shade_modeled": null,
    "drainage": null,
    "length_m": 25.997182005146378,
    "source": "osm",
    "confidence": "med",
    "notes": ""
   }
  },
  {
   "type": "Feature",
   "geometry": {
    "type": "LineString",
    "coordinates": [
     [
      106.8143896,
      -6.221862
     ],
     [
      106.8143991,
      -6.221853
     ]
    ]
   },
   "properties": {
    "id": "osm-way-436726853",
    "street_name": "",
    "side": "n-a",
    "kind": "footway",
    "level": 0,
    "has_sidewalk": "unknown",
    "width_m": null,
    "surface": "unknown",
    "obstruction": null,
    "obstruction_types": [],
    "kerb_ramp": null,
    "lit": null,
    "eyes_on_street": null,
    "crossing_spacing_m": null,
    "shade": null,
    "shade_modeled": null,
    "drainage": null,
    "length_m": 1.4506141301792823,
    "source": "osm",
    "confidence": "med",
    "notes": ""
   }
  },
  {
   "type": "Feature",
   "geometry": {
    "type": "LineString",
    "coordinates": [
     [
      106.8213473,
      -6.1977025
     ],
     [
      106.8207832,
      -6.197145
     ],
     [
      106.8207389,
      -6.197105
     ],
     [
      106.8207114,
      -6.197085
     ],
     [
      106.8206705,
      -6.1970697
     ],
     [
      106.820417,
      -6.1970824
     ]
    ]
   },
   "properties": {
    "id": "osm-way-452004217",
    "street_name": "Jalan Baturaja",
    "side": "n-a",
    "kind": "footway",
    "level": 0,
    "has_sidewalk": "unknown",
    "width_m": null,
    "surface": "unknown",
    "obstruction": null,
    "obstruction_types": [],
    "kerb_ramp": null,
    "lit": null,
    "eyes_on_street": null,
    "crossing_spacing_m": null,
    "shade": null,
    "shade_modeled": null,
    "drainage": null,
    "length_m": 131.20051852401426,
    "source": "osm",
    "confidence": "med",
    "notes": ""
   }
  },
  {
   "type": "Feature",
   "geometry": {
    "type": "LineString",
    "coordinates": [
     [
      106.8097112,
      -6.2212407
     ],
     [
      106.809675,
      -6.2212447
     ],
     [
      106.8095934,
      -6.2212949
     ],
     [
      106.8092645,
      -6.2215497
     ],
     [
      106.8092382,
      -6.2216182
     ],
     [
      106.8090934,
      -6.2217248
     ],
     [
      106.8089767,
      -6.2218108
     ],
     [
      106.8088683,
      -6.2218868
     ],
     [
      106.8087641,
      -6.2219598
     ],
     [
      106.8087151,
      -6.2219942
     ],
     [
      106.808364,
      -6.2222347
     ],
     [
      106.8083509,
      -6.2222437
     ],
     [
      106.8082515,
      -6.2223076
     ],
     [
      106.807797,
      -6.2225965
     ],
     [
      106.8077015,
      -6.222655
     ],
     [
      106.8076279,
      -6.2227024
     ],
     [
      106.8071862,
      -6.2229847
     ],
     [
      106.806487,
      -6.2234329
     ],
     [
      106.8063743,
      -6.22351
     ],
     [
      106.8063093,
      -6.223554
     ],
     [
      106.8060059,
      -6.2237602
     ],
     [
      106.8059069,
      -6.2238274
     ],
     [
      106.8057563,
      -6.2239325
     ],
     [
      106.8055708,
      -6.2240571
     ],
     [
      106.8052145,
      -6.2243191
     ],
     [
      106.8047423,
      -6.224665
     ],
     [
      106.8046779,
      -6.2247075
     ],
     [
      106.8046067,
      -6.2247558
     ],
     [
      106.8039604,
      -6.2252601
     ],
     [
      106.8039211,
      -6.2252914
     ],
     [
      106.8035825,
      -6.2255586
     ],
     [
      106.80304,
      -6.2259843
     ],
     [
      106.8029242,
      -6.2260722
     ],
     [
      106.8028133,
      -6.2261223
     ],
     [
      106.8024613,
      -6.2263851
     ],
     [
      106.8022628,
      -6.2265346
     ],
     [
      106.8021732,
      -6.2266021
     ],
     [
      106.8021442,
      -6.2266209
     ],
     [
      106.8018921,
      -6.2268147
     ],
     [
      106.8018735,
      -6.2268759
     ],
     [
      106.8016683,
      -6.2270281
     ],
     [
      106.8015871,
      -6.2270842
     ]
    ]
   },
   "properties": {
    "id": "osm-way-458033708",
    "street_name": "",
    "side": "n-a",
    "kind": "sidewalk",
    "level": 0,
    "has_sidewalk": "yes",
    "width_m": null,
    "surface": "unknown",
    "obstruction": null,
    "obstruction_types": [],
    "kerb_ramp": null,
    "lit": null,
    "eyes_on_street": null,
    "crossing_spacing_m": null,
    "shade": null,
    "shade_modeled": null,
    "drainage": null,
    "length_m": 1112.7849692531274,
    "source": "osm",
    "confidence": "med",
    "notes": ""
   }
  },
  {
   "type": "Feature",
   "geometry": {
    "type": "LineString",
    "coordinates": [
     [
      106.8227741,
      -6.2001125
     ],
     [
      106.8228058,
      -6.2001175
     ],
     [
      106.8229157,
      -6.200135
     ],
     [
      106.8229232,
      -6.2002508
     ],
     [
      106.8229087,
      -6.2004534
     ],
     [
      106.8229463,
      -6.2004578
     ],
     [
      106.8229085,
      -6.2006848
     ],
     [
      106.8228493,
      -6.2007211
     ]
    ]
   },
   "properties": {
    "id": "osm-way-482147021",
    "street_name": "",
    "side": "n-a",
    "kind": "footway",
    "level": 0,
    "has_sidewalk": "unknown",
    "width_m": null,
    "surface": "unknown",
    "obstruction": null,
    "obstruction_types": [],
    "kerb_ramp": null,
    "lit": null,
    "eyes_on_street": null,
    "crossing_spacing_m": null,
    "shade": null,
    "shade_modeled": null,
    "drainage": null,
    "length_m": 88.79872370358112,
    "source": "osm",
    "confidence": "med",
    "notes": ""
   }
  },
  {
   "type": "Feature",
   "geometry": {
    "type": "LineString",
    "coordinates": [
     [
      106.8248327,
      -6.2132519
     ],
     [
      106.825023,
      -6.2131888
     ],
     [
      106.8252215,
      -6.2131275
     ],
     [
      106.8253664,
      -6.2130849
     ],
     [
      106.8254519,
      -6.2130657
     ],
     [
      106.8255339,
      -6.2130558
     ]
    ]
   },
   "properties": {
    "id": "osm-way-485786300",
    "street_name": "Jalan Teladan",
    "side": "n-a",
    "kind": "footway",
    "level": 0,
    "has_sidewalk": "unknown",
    "width_m": null,
    "surface": "unknown",
    "obstruction": null,
    "obstruction_types": [],
    "kerb_ramp": null,
    "lit": null,
    "eyes_on_street": null,
    "crossing_spacing_m": null,
    "shade": null,
    "shade_modeled": null,
    "drainage": null,
    "length_m": 80.6759821249619,
    "source": "osm",
    "confidence": "med",
    "notes": ""
   }
  },
  {
   "type": "Feature",
   "geometry": {
    "type": "LineString",
    "coordinates": [
     [
      106.8245785,
      -6.2094849
     ],
     [
      106.8245316,
      -6.2093409
     ],
     [
      106.8243867,
      -6.208845
     ],
     [
      106.82432,
      -6.2086522
     ],
     [
      106.8242875,
      -6.2085583
     ],
     [
      106.8242639,
      -6.2083428
     ],
     [
      106.8242472,
      -6.208209
     ],
     [
      106.8242271,
      -6.2079104
     ],
     [
      106.8242817,
      -6.2073042
     ]
    ]
   },
   "properties": {
    "id": "osm-way-487637907",
    "street_name": "Jalan Setiabudi Barat",
    "side": "n-a",
    "kind": "sidewalk",
    "level": 0,
    "has_sidewalk": "yes",
    "width_m": null,
    "surface": "unknown",
    "obstruction": null,
    "obstruction_types": [],
    "kerb_ramp": null,
    "lit": null,
    "eyes_on_street": null,
    "crossing_spacing_m": null,
    "shade": null,
    "shade_modeled": null,
    "drainage": null,
    "length_m": 248.01340021651833,
    "source": "osm",
    "confidence": "med",
    "notes": ""
   }
  },
  {
   "type": "Feature",
   "geometry": {
    "type": "LineString",
    "coordinates": [
     [
      106.8229327,
      -6.2142225
     ],
     [
      106.8229786,
      -6.2142166
     ],
     [
      106.8232178,
      -6.2141931
     ],
     [
      106.8232555,
      -6.2141907
     ],
     [
      106.8234241,
      -6.2141798
     ],
     [
      106.8235339,
      -6.2141711
     ],
     [
      106.8236278,
      -6.2141458
     ],
     [
      106.8236757,
      -6.2141388
     ],
     [
      106.8237552,
      -6.2141271
     ],
     [
      106.8239523,
      -6.2141258
     ],
     [
      106.824083,
      -6.2141332
     ],
     [
      106.824256,
      -6.2141559
     ],
     [
      106.8243969,
      -6.2141849
     ],
     [
      106.8244571,
      -6.2141887
     ],
     [
      106.8246297,
      -6.2142024
     ],
     [
      106.8247753,
      -6.2142024
     ],
     [
      106.8248628,
      -6.2141879
     ],
     [
      106.8249346,
      -6.2141732
     ],
     [
      106.8249916,
      -6.2141672
     ],
     [
      106.8250861,
      -6.2141529
     ],
     [
      106.8251609,
      -6.2141412
     ],
     [
      106.8252427,
      -6.2141376
     ],
     [
      106.8253007,
      -6.2141316
     ],
     [
      106.8253577,
      -6.2141239
     ],
     [
      106.8254623,
      -6.2141022
     ],
     [
      106.8256038,
      -6.2140794
     ],
     [
      106.8256118,
      -6.2140777
     ],
     [
      106.8256184,
      -6.2140745
     ],
     [
      106.8256219,
      -6.2140566
     ],
     [
      106.8256118,
      -6.2139046
     ],
     [
      106.8256044,
      -6.2138026
     ],
     [
      106.8256018,
      -6.2137513
     ]
    ]
   },
   "properties": {
    "id": "osm-way-487637909",
    "street_name": "Jalan Perintis",
    "side": "n-a",
    "kind": "footway",
    "level": 0,
    "has_sidewalk": "unknown",
    "width_m": null,
    "surface": "unknown",
    "obstruction": null,
    "obstruction_types": [],
    "kerb_ramp": null,
    "lit": null,
    "eyes_on_street": null,
    "crossing_spacing_m": null,
    "shade": null,
    "shade_modeled": null,
    "drainage": null,
    "length_m": 335.523284526877,
    "source": "osm",
    "confidence": "med",
    "notes": ""
   }
  },
  {
   "type": "Feature",
   "geometry": {
    "type": "LineString",
    "coordinates": [
     [
      106.8257484,
      -6.2110074
     ],
     [
      106.8256078,
      -6.2109459
     ],
     [
      106.8254407,
      -6.2108728
     ],
     [
      106.8245824,
      -6.2104973
     ]
    ]
   },
   "properties": {
    "id": "osm-way-490044582",
    "street_name": "Jalan Taman Setiabudi I",
    "side": "n-a",
    "kind": "sidewalk",
    "level": 0,
    "has_sidewalk": "yes",
    "width_m": null,
    "surface": "unknown",
    "obstruction": null,
    "obstruction_types": [],
    "kerb_ramp": null,
    "lit": null,
    "eyes_on_street": null,
    "crossing_spacing_m": null,
    "shade": null,
    "shade_modeled": null,
    "drainage": null,
    "length_m": 140.82061551931133,
    "source": "osm",
    "confidence": "med",
    "notes": ""
   }
  },
  {
   "type": "Feature",
   "geometry": {
    "type": "LineString",
    "coordinates": [
     [
      106.8245785,
      -6.2094849
     ],
     [
      106.8251781,
      -6.2093454
     ]
    ]
   },
   "properties": {
    "id": "osm-way-490044615",
    "street_name": "Jalan Taman Setiabudi II",
    "side": "n-a",
    "kind": "sidewalk",
    "level": 0,
    "has_sidewalk": "yes",
    "width_m": null,
    "surface": "unknown",
    "obstruction": null,
    "obstruction_types": [],
    "kerb_ramp": null,
    "lit": null,
    "eyes_on_street": null,
    "crossing_spacing_m": null,
    "shade": null,
    "shade_modeled": null,
    "drainage": null,
    "length_m": 68.07221554172509,
    "source": "osm",
    "confidence": "med",
    "notes": ""
   }
  },
  {
   "type": "Feature",
   "geometry": {
    "type": "LineString",
    "coordinates": [
     [
      106.8255507,
      -6.2125674
     ],
     [
      106.8252175,
      -6.2125679
     ],
     [
      106.8251277,
      -6.212568
     ],
     [
      106.8250035,
      -6.2125573
     ],
     [
      106.8248641,
      -6.2125454
     ],
     [
      106.8246106,
      -6.2125281
     ]
    ]
   },
   "properties": {
    "id": "osm-way-491343517",
    "street_name": "Jalan BB",
    "side": "n-a",
    "kind": "footway",
    "level": 0,
    "has_sidewalk": "unknown",
    "width_m": null,
    "surface": "unknown",
    "obstruction": null,
    "obstruction_types": [],
    "kerb_ramp": null,
    "lit": null,
    "eyes_on_street": null,
    "crossing_spacing_m": null,
    "shade": null,
    "shade_modeled": null,
    "drainage": null,
    "length_m": 104.0946125456166,
    "source": "osm",
    "confidence": "med",
    "notes": ""
   }
  },
  {
   "type": "Feature",
   "geometry": {
    "type": "LineString",
    "coordinates": [
     [
      106.820417,
      -6.1970824
     ],
     [
      106.820185,
      -6.1971024
     ]
    ]
   },
   "properties": {
    "id": "osm-way-492962076",
    "street_name": "Jalan Baturaja",
    "side": "n-a",
    "kind": "footway",
    "level": 0,
    "has_sidewalk": "unknown",
    "width_m": null,
    "surface": "unknown",
    "obstruction": null,
    "obstruction_types": [],
    "kerb_ramp": null,
    "lit": null,
    "eyes_on_street": null,
    "crossing_spacing_m": null,
    "shade": null,
    "shade_modeled": null,
    "drainage": null,
    "length_m": 25.742716010288454,
    "source": "osm",
    "confidence": "med",
    "notes": ""
   }
  },
  {
   "type": "Feature",
   "geometry": {
    "type": "LineString",
    "coordinates": [
     [
      106.814949,
      -6.1989923
     ],
     [
      106.8151579,
      -6.1989749
     ],
     [
      106.8152893,
      -6.1989749
     ],
     [
      106.8153685,
      -6.1989749
     ],
     [
      106.8154275,
      -6.1989703
     ],
     [
      106.8154868,
      -6.1989636
     ],
     [
      106.8155817,
      -6.1989536
     ],
     [
      106.8156337,
      -6.1989486
     ],
     [
      106.8157037,
      -6.1989356
     ],
     [
      106.8158196,
      -6.1989017
     ],
     [
      106.8160999,
      -6.198915
     ],
     [
      106.8163895,
      -6.1989603
     ],
     [
      106.8166376,
      -6.1989603
     ],
     [
      106.8168187,
      -6.198959
     ],
     [
      106.8171106,
      -6.198959
     ]
    ]
   },
   "properties": {
    "id": "osm-way-492962080",
    "street_name": "Jalan Dukuh Pinggir IV",
    "side": "n-a",
    "kind": "footway",
    "level": 0,
    "has_sidewalk": "unknown",
    "width_m": null,
    "surface": "unknown",
    "obstruction": null,
    "obstruction_types": [],
    "kerb_ramp": null,
    "lit": null,
    "eyes_on_street": null,
    "crossing_spacing_m": null,
    "shade": null,
    "shade_modeled": null,
    "drainage": null,
    "length_m": 240.28880725708296,
    "source": "osm",
    "confidence": "med",
    "notes": ""
   }
  },
  {
   "type": "Feature",
   "geometry": {
    "type": "LineString",
    "coordinates": [
     [
      106.8168331,
      -6.1985601
     ],
     [
      106.8168262,
      -6.198666
     ],
     [
      106.8168187,
      -6.198959
     ]
    ]
   },
   "properties": {
    "id": "osm-way-492962082",
    "street_name": "Jalan Dukuh Pinggir V",
    "side": "n-a",
    "kind": "footway",
    "level": 0,
    "has_sidewalk": "unknown",
    "width_m": null,
    "surface": "unknown",
    "obstruction": null,
    "obstruction_types": [],
    "kerb_ramp": null,
    "lit": null,
    "eyes_on_street": null,
    "crossing_spacing_m": null,
    "shade": null,
    "shade_modeled": null,
    "drainage": null,
    "length_m": 44.39088162192188,
    "source": "osm",
    "confidence": "med",
    "notes": ""
   }
  },
  {
   "type": "Feature",
   "geometry": {
    "type": "LineString",
    "coordinates": [
     [
      106.8192903,
      -6.1988715
     ],
     [
      106.8195205,
      -6.1989289
     ],
     [
      106.8197834,
      -6.1990316
     ],
     [
      106.8200623,
      -6.1991682
     ],
     [
      106.8201978,
      -6.1992482
     ],
     [
      106.8202247,
      -6.1992774
     ]
    ]
   },
   "properties": {
    "id": "osm-way-492962086",
    "street_name": "Jalan Kota Bumi Ujung",
    "side": "n-a",
    "kind": "footway",
    "level": 0,
    "has_sidewalk": "unknown",
    "width_m": null,
    "surface": "unknown",
    "obstruction": null,
    "obstruction_types": [],
    "kerb_ramp": null,
    "lit": null,
    "eyes_on_street": null,
    "crossing_spacing_m": null,
    "shade": null,
    "shade_modeled": null,
    "drainage": null,
    "length_m": 113.65439095331371,
    "source": "osm",
    "confidence": "med",
    "notes": ""
   }
  },
  {
   "type": "Feature",
   "geometry": {
    "type": "LineString",
    "coordinates": [
     [
      106.8201431,
      -6.2002856
     ],
     [
      106.8200898,
      -6.2002785
     ],
     [
      106.8198388,
      -6.2002468
     ],
     [
      106.8192204,
      -6.2001568
     ]
    ]
   },
   "properties": {
    "id": "osm-way-492962087",
    "street_name": "Jalan Martapura II",
    "side": "n-a",
    "kind": "footway",
    "level": 0,
    "has_sidewalk": "unknown",
    "width_m": null,
    "surface": "unknown",
    "obstruction": null,
    "obstruction_types": [],
    "kerb_ramp": null,
    "lit": null,
    "eyes_on_street": null,
    "crossing_spacing_m": null,
    "shade": null,
    "shade_modeled": null,
    "drainage": null,
    "length_m": 103.00369964421748,
    "source": "osm",
    "confidence": "med",
    "notes": ""
   }
  },
  {
   "type": "Feature",
   "geometry": {
    "type": "LineString",
    "coordinates": [
     [
      106.8192406,
      -6.1994909
     ],
     [
      106.8195753,
      -6.1995365
     ],
     [
      106.8198918,
      -6.1995471
     ],
     [
      106.8202157,
      -6.199552
     ],
     [
      106.8202489,
      -6.1995491
     ]
    ]
   },
   "properties": {
    "id": "osm-way-492962088",
    "street_name": "Jalan Martapura IV",
    "side": "n-a",
    "kind": "footway",
    "level": 0,
    "has_sidewalk": "unknown",
    "width_m": null,
    "surface": "unknown",
    "obstruction": null,
    "obstruction_types": [],
    "kerb_ramp": null,
    "lit": null,
    "eyes_on_street": null,
    "crossing_spacing_m": null,
    "shade": null,
    "shade_modeled": null,
    "drainage": null,
    "length_m": 111.84611493851516,
    "source": "osm",
    "confidence": "med",
    "notes": ""
   }
  },
  {
   "type": "Feature",
   "geometry": {
    "type": "LineString",
    "coordinates": [
     [
      106.8187836,
      -6.2003875
     ],
     [
      106.8187586,
      -6.2004794
     ],
     [
      106.8187184,
      -6.2007034
     ],
     [
      106.8187118,
      -6.2011188
     ]
    ]
   },
   "properties": {
    "id": "osm-way-492962089",
    "street_name": "Jalan Martapura I",
    "side": "n-a",
    "kind": "footway",
    "level": 0,
    "has_sidewalk": "unknown",
    "width_m": null,
    "surface": "unknown",
    "obstruction": null,
    "obstruction_types": [],
    "kerb_ramp": null,
    "lit": null,
    "eyes_on_street": null,
    "crossing_spacing_m": null,
    "shade": null,
    "shade_modeled": null,
    "drainage": null,
    "length_m": 82.08303889720818,
    "source": "osm",
    "confidence": "med",
    "notes": ""
   }
  },
  {
   "type": "Feature",
   "geometry": {
    "type": "LineString",
    "coordinates": [
     [
      106.8187118,
      -6.2011188
     ],
     [
      106.8193348,
      -6.2012215
     ],
     [
      106.8194796,
      -6.2012228
     ],
     [
      106.819666,
      -6.2011881
     ],
     [
      106.8197626,
      -6.2011615
     ],
     [
      106.819873,
      -6.2011034
     ],
     [
      106.819909,
      -6.2011017
     ],
     [
      106.8199289,
      -6.2011008
     ]
    ]
   },
   "properties": {
    "id": "osm-way-492962095",
    "street_name": "Jalan Talang Betutu Ujung",
    "side": "n-a",
    "kind": "footway",
    "level": 0,
    "has_sidewalk": "unknown",
    "width_m": null,
    "surface": "unknown",
    "obstruction": null,
    "obstruction_types": [],
    "kerb_ramp": null,
    "lit": null,
    "eyes_on_street": null,
    "crossing_spacing_m": null,
    "shade": null,
    "shade_modeled": null,
    "drainage": null,
    "length_m": 137.8559494576705,
    "source": "osm",
    "confidence": "med",
    "notes": ""
   }
  },
  {
   "type": "Feature",
   "geometry": {
    "type": "LineString",
    "coordinates": [
     [
      106.820185,
      -6.1971024
     ],
     [
      106.8202092,
      -6.197419
     ],
     [
      106.8202226,
      -6.197681
     ],
     [
      106.820248,
      -6.1979963
     ],
     [
      106.8202635,
      -6.1983036
     ]
    ]
   },
   "properties": {
    "id": "osm-way-492962098",
    "street_name": "Jalan Baturaja",
    "side": "n-a",
    "kind": "footway",
    "level": 0,
    "has_sidewalk": "unknown",
    "width_m": null,
    "surface": "unknown",
    "obstruction": null,
    "obstruction_types": [],
    "kerb_ramp": null,
    "lit": null,
    "eyes_on_street": null,
    "crossing_spacing_m": null,
    "shade": null,
    "shade_modeled": null,
    "drainage": null,
    "length_m": 133.86166863623941,
    "source": "osm",
    "confidence": "med",
    "notes": ""
   }
  },
  {
   "type": "Feature",
   "geometry": {
    "type": "LineString",
    "coordinates": [
     [
      106.8192204,
      -6.2001568
     ],
     [
      106.8192146,
      -6.1999018
     ],
     [
      106.8192146,
      -6.1998228
     ],
     [
      106.8192147,
      -6.1997783
     ],
     [
      106.8192199,
      -6.1995961
     ],
     [
      106.8192322,
      -6.1995312
     ],
     [
      106.8192406,
      -6.1994909
     ]
    ]
   },
   "properties": {
    "id": "osm-way-492962237",
    "street_name": "",
    "side": "n-a",
    "kind": "footway",
    "level": 0,
    "has_sidewalk": "unknown",
    "width_m": null,
    "surface": "unknown",
    "obstruction": null,
    "obstruction_types": [],
    "kerb_ramp": null,
    "lit": null,
    "eyes_on_street": null,
    "crossing_spacing_m": null,
    "shade": null,
    "shade_modeled": null,
    "drainage": null,
    "length_m": 74.28228878940115,
    "source": "osm",
    "confidence": "med",
    "notes": ""
   }
  },
  {
   "type": "Feature",
   "geometry": {
    "type": "LineString",
    "coordinates": [
     [
      106.811463,
      -6.1927148
     ],
     [
      106.8116228,
      -6.1927702
     ],
     [
      106.8116804,
      -6.1927942
     ]
    ]
   },
   "properties": {
    "id": "osm-way-492962253",
    "street_name": "",
    "side": "n-a",
    "kind": "footway",
    "level": 0,
    "has_sidewalk": "unknown",
    "width_m": null,
    "surface": "unknown",
    "obstruction": null,
    "obstruction_types": [],
    "kerb_ramp": null,
    "lit": null,
    "eyes_on_street": null,
    "crossing_spacing_m": null,
    "shade": null,
    "shade_modeled": null,
    "drainage": null,
    "length_m": 25.612619150296716,
    "source": "osm",
    "confidence": "med",
    "notes": ""
   }
  },
  {
   "type": "Feature",
   "geometry": {
    "type": "LineString",
    "coordinates": [
     [
      106.8189478,
      -6.2084498
     ],
     [
      106.8186853,
      -6.2084596
     ],
     [
      106.8183672,
      -6.2084714
     ],
     [
      106.8183026,
      -6.2084738
     ],
     [
      106.8178109,
      -6.2084843
     ]
    ]
   },
   "properties": {
    "id": "osm-way-494970766",
    "street_name": "Jalan Karet Pasar Baru Timur V",
    "side": "n-a",
    "kind": "sidewalk",
    "level": 0,
    "has_sidewalk": "yes",
    "width_m": null,
    "surface": "unknown",
    "obstruction": null,
    "obstruction_types": [],
    "kerb_ramp": null,
    "lit": null,
    "eyes_on_street": null,
    "crossing_spacing_m": null,
    "shade": null,
    "shade_modeled": null,
    "drainage": null,
    "length_m": 125.73852054485405,
    "source": "osm",
    "confidence": "med",
    "notes": ""
   }
  },
  {
   "type": "Feature",
   "geometry": {
    "type": "LineString",
    "coordinates": [
     [
      106.8176235,
      -6.2082737
     ],
     [
      106.8176725,
      -6.2083343
     ],
     [
      106.8177094,
      -6.2083623
     ],
     [
      106.8177502,
      -6.2083863
     ],
     [
      106.8177838,
      -6.2083963
     ],
     [
      106.817826,
      -6.208405
     ],
     [
      106.8178937,
      -6.2084046
     ],
     [
      106.8179895,
      -6.2084023
     ],
     [
      106.8183004,
      -6.2083946
     ],
     [
      106.8183639,
      -6.2083931
     ],
     [
      106.8185626,
      -6.2083882
     ],
     [
      106.8188371,
      -6.2083814
     ],
     [
      106.8189478,
      -6.2084498
     ]
    ]
   },
   "properties": {
    "id": "osm-way-494970767",
    "street_name": "Jalan Karet Pasar Baru Timur V",
    "side": "n-a",
    "kind": "sidewalk",
    "level": 0,
    "has_sidewalk": "yes",
    "width_m": null,
    "surface": "unknown",
    "obstruction": null,
    "obstruction_types": [],
    "kerb_ramp": null,
    "lit": null,
    "eyes_on_street": null,
    "crossing_spacing_m": null,
    "shade": null,
    "shade_modeled": null,
    "drainage": null,
    "length_m": 153.86880291334944,
    "source": "osm",
    "confidence": "med",
    "notes": ""
   }
  },
  {
   "type": "Feature",
   "geometry": {
    "type": "LineString",
    "coordinates": [
     [
      106.812554,
      -6.2065175
     ],
     [
      106.8125264,
      -6.2062751
     ],
     [
      106.8125213,
      -6.2061332
     ]
    ]
   },
   "properties": {
    "id": "osm-way-494970806",
    "street_name": "",
    "side": "n-a",
    "kind": "footway",
    "level": 0,
    "has_sidewalk": "unknown",
    "width_m": null,
    "surface": "unknown",
    "obstruction": null,
    "obstruction_types": [],
    "kerb_ramp": null,
    "lit": null,
    "eyes_on_street": null,
    "crossing_spacing_m": null,
    "shade": null,
    "shade_modeled": null,
    "drainage": null,
    "length_m": 42.91440636288874,
    "source": "osm",
    "confidence": "med",
    "notes": ""
   }
  },
  {
   "type": "Feature",
   "geometry": {
    "type": "LineString",
    "coordinates": [
     [
      106.8113742,
      -6.2066305
     ],
     [
      106.8113059,
      -6.2065028
     ],
     [
      106.8112311,
      -6.2064996
     ],
     [
      106.8112049,
      -6.2064423
     ],
     [
      106.8111894,
      -6.2064304
     ],
     [
      106.8111759,
      -6.2063694
     ],
     [
      106.8111791,
      -6.2063461
     ],
     [
      106.8111676,
      -6.2062889
     ]
    ]
   },
   "properties": {
    "id": "osm-way-494970808",
    "street_name": "",
    "side": "n-a",
    "kind": "footway",
    "level": 0,
    "has_sidewalk": "unknown",
    "width_m": null,
    "surface": "unknown",
    "obstruction": null,
    "obstruction_types": [],
    "kerb_ramp": null,
    "lit": null,
    "eyes_on_street": null,
    "crossing_spacing_m": null,
    "shade": null,
    "shade_modeled": null,
    "drainage": null,
    "length_m": 49.568203337016044,
    "source": "osm",
    "confidence": "med",
    "notes": ""
   }
  },
  {
   "type": "Feature",
   "geometry": {
    "type": "LineString",
    "coordinates": [
     [
      106.8122998,
      -6.2065399
     ],
     [
      106.8122876,
      -6.2063044
     ],
     [
      106.8122796,
      -6.2061631
     ],
     [
      106.812275,
      -6.2061192
     ]
    ]
   },
   "properties": {
    "id": "osm-way-494970813",
    "street_name": "",
    "side": "n-a",
    "kind": "footway",
    "level": 0,
    "has_sidewalk": "unknown",
    "width_m": null,
    "surface": "unknown",
    "obstruction": null,
    "obstruction_types": [],
    "kerb_ramp": null,
    "lit": null,
    "eyes_on_street": null,
    "crossing_spacing_m": null,
    "shade": null,
    "shade_modeled": null,
    "drainage": null,
    "length_m": 46.8656922260258,
    "source": "osm",
    "confidence": "med",
    "notes": ""
   }
  },
  {
   "type": "Feature",
   "geometry": {
    "type": "LineString",
    "coordinates": [
     [
      106.8116517,
      -6.2056385
     ],
     [
      106.8116627,
      -6.2059211
     ],
     [
      106.8116895,
      -6.2060751
     ],
     [
      106.8116881,
      -6.2061182
     ]
    ]
   },
   "properties": {
    "id": "osm-way-494970823",
    "street_name": "",
    "side": "n-a",
    "kind": "footway",
    "level": 0,
    "has_sidewalk": "unknown",
    "width_m": null,
    "surface": "unknown",
    "obstruction": null,
    "obstruction_types": [],
    "kerb_ramp": null,
    "lit": null,
    "eyes_on_street": null,
    "crossing_spacing_m": null,
    "shade": null,
    "shade_modeled": null,
    "drainage": null,
    "length_m": 53.620603536844804,
    "source": "osm",
    "confidence": "med",
    "notes": ""
   }
  },
  {
   "type": "Feature",
   "geometry": {
    "type": "LineString",
    "coordinates": [
     [
      106.8096191,
      -6.1887653
     ],
     [
      106.8096218,
      -6.18895
     ],
     [
      106.8096279,
      -6.189168
     ],
     [
      106.8096386,
      -6.1892574
     ],
     [
      106.8096452,
      -6.1892973
     ],
     [
      106.8096533,
      -6.189336
     ],
     [
      106.8096654,
      -6.1893893
     ],
     [
      106.8096708,
      -6.1894267
     ],
     [
      106.8096768,
      -6.1894647
     ],
     [
      106.8096869,
      -6.18959
     ],
     [
      106.8096825,
      -6.1897261
     ],
     [
      106.809662,
      -6.1898033
     ],
     [
      106.809499,
      -6.1903334
     ],
     [
      106.8094164,
      -6.1905964
     ],
     [
      106.8093288,
      -6.1908753
     ],
     [
      106.8092718,
      -6.1911334
     ],
     [
      106.8092151,
      -6.1913906
     ],
     [
      106.8091794,
      -6.1915525
     ],
     [
      106.8091571,
      -6.1916533
     ],
     [
      106.809079,
      -6.1919906
     ],
     [
      106.8088996,
      -6.1926352
     ],
     [
      106.8088179,
      -6.1931948
     ],
     [
      106.8088328,
      -6.1936503
     ],
     [
      106.8088374,
      -6.1938232
     ],
     [
      106.808845,
      -6.1940912
     ],
     [
      106.8088707,
      -6.1946711
     ],
     [
      106.8088967,
      -6.1951332
     ],
     [
      106.8089038,
      -6.1952986
     ],
     [
      106.8089275,
      -6.1956189
     ],
     [
      106.8089828,
      -6.1963685
     ],
     [
      106.8089842,
      -6.196393
     ],
     [
      106.8090115,
      -6.196823
     ],
     [
      106.8090216,
      -6.1971044
     ],
     [
      106.8090236,
      -6.197301
     ],
     [
      106.8090283,
      -6.1973501
     ],
     [
      106.8090635,
      -6.1975099
     ],
     [
      106.8091051,
      -6.197623
     ],
     [
      106.8091486,
      -6.1977014
     ],
     [
      106.8092104,
      -6.1977861
     ],
     [
      106.8093402,
      -6.1979173
     ],
     [
      106.8096069,
      -6.1982023
     ],
     [
      106.809648,
      -6.1982449
     ],
     [
      106.8097164,
      -6.1983053
     ],
     [
      106.8097544,
      -6.198338
     ]
    ]
   },
   "properties": {
    "id": "osm-way-496830031",
    "street_name": "Jalan Petamburan",
    "side": "n-a",
    "kind": "footway",
    "level": 0,
    "has_sidewalk": "unknown",
    "width_m": null,
    "surface": "unknown",
    "obstruction": null,
    "obstruction_types": [],
    "kerb_ramp": null,
    "lit": null,
    "eyes_on_street": null,
    "crossing_spacing_m": null,
    "shade": null,
    "shade_modeled": null,
    "drainage": null,
    "length_m": 1107.1764970665122,
    "source": "osm",
    "confidence": "med",
    "notes": ""
   }
  },
  {
   "type": "Feature",
   "geometry": {
    "type": "LineString",
    "coordinates": [
     [
      106.8084919,
      -6.2141452
     ],
     [
      106.8085642,
      -6.2140916
     ],
     [
      106.808814,
      -6.2139098
     ],
     [
      106.8089053,
      -6.2138417
     ]
    ]
   },
   "properties": {
    "id": "osm-way-498447359",
    "street_name": "",
    "side": "n-a",
    "kind": "footway",
    "level": 0,
    "has_sidewalk": "unknown",
    "width_m": null,
    "surface": "unknown",
    "obstruction": null,
    "obstruction_types": [],
    "kerb_ramp": null,
    "lit": null,
    "eyes_on_street": null,
    "crossing_spacing_m": null,
    "shade": null,
    "shade_modeled": null,
    "drainage": null,
    "length_m": 56.80924271304036,
    "source": "osm",
    "confidence": "med",
    "notes": ""
   }
  },
  {
   "type": "Feature",
   "geometry": {
    "type": "LineString",
    "coordinates": [
     [
      106.8126526,
      -6.2114046
     ],
     [
      106.8124881,
      -6.2114185
     ]
    ]
   },
   "properties": {
    "id": "osm-way-498979315",
    "street_name": "Jalan Karet Pasar Baru Barat V",
    "side": "n-a",
    "kind": "sidewalk",
    "level": 0,
    "has_sidewalk": "yes",
    "width_m": null,
    "surface": "unknown",
    "obstruction": null,
    "obstruction_types": [],
    "kerb_ramp": null,
    "lit": null,
    "eyes_on_street": null,
    "crossing_spacing_m": null,
    "shade": null,
    "shade_modeled": null,
    "drainage": null,
    "length_m": 18.24975182487938,
    "source": "osm",
    "confidence": "med",
    "notes": ""
   }
  },
  {
   "type": "Feature",
   "geometry": {
    "type": "LineString",
    "coordinates": [
     [
      106.8141643,
      -6.2140895
     ],
     [
      106.8144063,
      -6.2136466
     ],
     [
      106.8144146,
      -6.2136376
     ],
     [
      106.814427,
      -6.2136303
     ],
     [
      106.8144382,
      -6.2136286
     ],
     [
      106.8144491,
      -6.2136299
     ],
     [
      106.8145698,
      -6.2137026
     ],
     [
      106.8146637,
      -6.2137613
     ],
     [
      106.8147147,
      -6.2137944
     ],
     [
      106.8148421,
      -6.2138694
     ],
     [
      106.8149584,
      -6.2139198
     ]
    ]
   },
   "properties": {
    "id": "osm-way-500845427",
    "street_name": "Jalan Bendungan Hilir XVII",
    "side": "n-a",
    "kind": "footway",
    "level": 0,
    "has_sidewalk": "unknown",
    "width_m": null,
    "surface": "unknown",
    "obstruction": null,
    "obstruction_types": [],
    "kerb_ramp": null,
    "lit": null,
    "eyes_on_street": null,
    "crossing_spacing_m": null,
    "shade": null,
    "shade_modeled": null,
    "drainage": null,
    "length_m": 126.4473205928957,
    "source": "osm",
    "confidence": "med",
    "notes": ""
   }
  },
  {
   "type": "Feature",
   "geometry": {
    "type": "LineString",
    "coordinates": [
     [
      106.8097231,
      -6.2059158
     ],
     [
      106.8097003,
      -6.2058572
     ],
     [
      106.8096111,
      -6.2056052
     ],
     [
      106.8095514,
      -6.2053819
     ],
     [
      106.8094991,
      -6.2049279
     ],
     [
      106.8092871,
      -6.2046525
     ]
    ]
   },
   "properties": {
    "id": "osm-way-500845431",
    "street_name": "Jalan Penjernihan 2",
    "side": "n-a",
    "kind": "sidewalk",
    "level": 0,
    "has_sidewalk": "yes",
    "width_m": null,
    "surface": "unknown",
    "obstruction": null,
    "obstruction_types": [],
    "kerb_ramp": null,
    "lit": null,
    "eyes_on_street": null,
    "crossing_spacing_m": null,
    "shade": null,
    "shade_modeled": null,
    "drainage": null,
    "length_m": 151.75767926405985,
    "source": "osm",
    "confidence": "med",
    "notes": ""
   }
  },
  {
   "type": "Feature",
   "geometry": {
    "type": "LineString",
    "coordinates": [
     [
      106.8109723,
      -6.2117541
     ],
     [
      106.8109378,
      -6.2117274
     ],
     [
      106.8108747,
      -6.2117021
     ],
     [
      106.8108094,
      -6.2116844
     ],
     [
      106.8107094,
      -6.2116728
     ],
     [
      106.8106156,
      -6.2116787
     ],
     [
      106.8104942,
      -6.2116968
     ],
     [
      106.8104211,
      -6.2117134
     ],
     [
      106.8103393,
      -6.2117375
     ],
     [
      106.8102173,
      -6.2117841
     ],
     [
      106.8100825,
      -6.2118654
     ],
     [
      106.8099806,
      -6.2119314
     ],
     [
      106.8098619,
      -6.21201
     ],
     [
      106.8095588,
      -6.2122241
     ],
     [
      106.8094275,
      -6.2123215
     ]
    ]
   },
   "properties": {
    "id": "osm-way-500845433",
    "street_name": "Jalan Bendungan Jati Luhur",
    "side": "n-a",
    "kind": "sidewalk",
    "level": 0,
    "has_sidewalk": "yes",
    "width_m": null,
    "surface": "unknown",
    "obstruction": null,
    "obstruction_types": [],
    "kerb_ramp": null,
    "lit": null,
    "eyes_on_street": null,
    "crossing_spacing_m": null,
    "shade": null,
    "shade_modeled": null,
    "drainage": null,
    "length_m": 192.94213259571922,
    "source": "osm",
    "confidence": "med",
    "notes": ""
   }
  },
  {
   "type": "Feature",
   "geometry": {
    "type": "LineString",
    "coordinates": [
     [
      106.8135039,
      -6.2150509
     ],
     [
      106.8133179,
      -6.2154765
     ]
    ]
   },
   "properties": {
    "id": "osm-way-500845437",
    "street_name": "Jalan Bendungan Jati Luhur IV",
    "side": "n-a",
    "kind": "footway",
    "level": 0,
    "has_sidewalk": "unknown",
    "width_m": null,
    "surface": "unknown",
    "obstruction": null,
    "obstruction_types": [],
    "kerb_ramp": null,
    "lit": null,
    "eyes_on_street": null,
    "crossing_spacing_m": null,
    "shade": null,
    "shade_modeled": null,
    "drainage": null,
    "length_m": 51.59802319758091,
    "source": "osm",
    "confidence": "med",
    "notes": ""
   }
  },
  {
   "type": "Feature",
   "geometry": {
    "type": "LineString",
    "coordinates": [
     [
      106.8146812,
      -6.2143548
     ],
     [
      106.8147757,
      -6.2141979
     ],
     [
      106.8149584,
      -6.2139198
     ],
     [
      106.8150121,
      -6.2138251
     ]
    ]
   },
   "properties": {
    "id": "osm-way-500845715",
    "street_name": "",
    "side": "n-a",
    "kind": "footway",
    "level": 0,
    "has_sidewalk": "unknown",
    "width_m": null,
    "surface": "unknown",
    "obstruction": null,
    "obstruction_types": [],
    "kerb_ramp": null,
    "lit": null,
    "eyes_on_street": null,
    "crossing_spacing_m": null,
    "shade": null,
    "shade_modeled": null,
    "drainage": null,
    "length_m": 69.35692132520231,
    "source": "osm",
    "confidence": "med",
    "notes": ""
   }
  },
  {
   "type": "Feature",
   "geometry": {
    "type": "LineString",
    "coordinates": [
     [
      106.8216999,
      -6.2077428
     ],
     [
      106.8217229,
      -6.2077492
     ]
    ]
   },
   "properties": {
    "id": "osm-way-511507198",
    "street_name": "",
    "side": "n-a",
    "kind": "footway",
    "level": 0,
    "has_sidewalk": "unknown",
    "width_m": null,
    "surface": "unknown",
    "obstruction": null,
    "obstruction_types": [],
    "kerb_ramp": null,
    "lit": null,
    "eyes_on_street": null,
    "crossing_spacing_m": null,
    "shade": null,
    "shade_modeled": null,
    "drainage": null,
    "length_m": 2.640205114577297,
    "source": "osm",
    "confidence": "med",
    "notes": ""
   }
  },
  {
   "type": "Feature",
   "geometry": {
    "type": "LineString",
    "coordinates": [
     [
      106.8166068,
      -6.204957
     ],
     [
      106.8166479,
      -6.2049513
     ]
    ]
   },
   "properties": {
    "id": "osm-way-512220274",
    "street_name": "",
    "side": "n-a",
    "kind": "footway",
    "level": 0,
    "has_sidewalk": "unknown",
    "width_m": null,
    "surface": "unknown",
    "obstruction": null,
    "obstruction_types": [],
    "kerb_ramp": null,
    "lit": null,
    "eyes_on_street": null,
    "crossing_spacing_m": null,
    "shade": null,
    "shade_modeled": null,
    "drainage": null,
    "length_m": 4.58733441987985,
    "source": "osm",
    "confidence": "med",
    "notes": ""
   }
  },
  {
   "type": "Feature",
   "geometry": {
    "type": "LineString",
    "coordinates": [
     [
      106.8126526,
      -6.2114046
     ],
     [
      106.8126963,
      -6.211397
     ],
     [
      106.8127379,
      -6.2113756
     ]
    ]
   },
   "properties": {
    "id": "osm-way-517177434",
    "street_name": "Jalan Karet Pasar Baru Barat V",
    "side": "n-a",
    "kind": "sidewalk",
    "level": 0,
    "has_sidewalk": "yes",
    "width_m": null,
    "surface": "unknown",
    "obstruction": null,
    "obstruction_types": [],
    "kerb_ramp": null,
    "lit": null,
    "eyes_on_street": null,
    "crossing_spacing_m": null,
    "shade": null,
    "shade_modeled": null,
    "drainage": null,
    "length_m": 10.081800460695856,
    "source": "osm",
    "confidence": "med",
    "notes": ""
   }
  },
  {
   "type": "Feature",
   "geometry": {
    "type": "LineString",
    "coordinates": [
     [
      106.8178482,
      -6.2095819
     ],
     [
      106.8182969,
      -6.209593
     ],
     [
      106.8183691,
      -6.2095932
     ],
     [
      106.8189508,
      -6.2096097
     ],
     [
      106.8190492,
      -6.2096144
     ],
     [
      106.8195547,
      -6.2096636
     ],
     [
      106.8196516,
      -6.2096695
     ],
     [
      106.8198887,
      -6.2096662
     ],
     [
      106.8199384,
      -6.2096543
     ],
     [
      106.8199826,
      -6.2096289
     ],
     [
      106.8199951,
      -6.2096039
     ],
     [
      106.8200568,
      -6.2094827
     ]
    ]
   },
   "properties": {
    "id": "osm-way-537042053",
    "street_name": "",
    "side": "n-a",
    "kind": "sidewalk",
    "level": 0,
    "has_sidewalk": "yes",
    "width_m": null,
    "surface": "unknown",
    "obstruction": null,
    "obstruction_types": [],
    "kerb_ramp": null,
    "lit": null,
    "eyes_on_street": null,
    "crossing_spacing_m": null,
    "shade": null,
    "shade_modeled": null,
    "drainage": null,
    "length_m": 255.40933806893173,
    "source": "osm",
    "confidence": "med",
    "notes": ""
   }
  },
  {
   "type": "Feature",
   "geometry": {
    "type": "LineString",
    "coordinates": [
     [
      106.8225822,
      -6.1944567
     ],
     [
      106.8228251,
      -6.1941757
     ],
     [
      106.822836,
      -6.1941471
     ],
     [
      106.8228398,
      -6.1941159
     ],
     [
      106.8228397,
      -6.1937689
     ],
     [
      106.8228331,
      -6.1934165
     ],
     [
      106.8228292,
      -6.1932119
     ],
     [
      106.8228256,
      -6.1930751
     ],
     [
      106.8228163,
      -6.1927269
     ],
     [
      106.8228146,
      -6.1926545
     ],
     [
      106.8228109,
      -6.1925257
     ],
     [
      106.8228121,
      -6.1923311
     ],
     [
      106.8228119,
      -6.1922929
     ],
     [
      106.8227603,
      -6.1904193
     ],
     [
      106.8227742,
      -6.1897214
     ],
     [
      106.8227902,
      -6.1889634
     ],
     [
      106.8227939,
      -6.1887889
     ]
    ]
   },
   "properties": {
    "id": "osm-way-537312091",
    "street_name": "",
    "side": "n-a",
    "kind": "sidewalk",
    "level": 0,
    "has_sidewalk": "yes",
    "width_m": null,
    "surface": "unknown",
    "obstruction": null,
    "obstruction_types": [],
    "kerb_ramp": null,
    "lit": null,
    "eyes_on_street": null,
    "crossing_spacing_m": null,
    "shade": null,
    "shade_modeled": null,
    "drainage": null,
    "length_m": 640.5835295329308,
    "source": "osm",
    "confidence": "med",
    "notes": ""
   }
  },
  {
   "type": "Feature",
   "geometry": {
    "type": "LineString",
    "coordinates": [
     [
      106.8230977,
      -6.2021981
     ],
     [
      106.8230821,
      -6.2021993
     ],
     [
      106.823066,
      -6.2021982
     ],
     [
      106.8227116,
      -6.2021141
     ]
    ]
   },
   "properties": {
    "id": "osm-way-546234481",
    "street_name": "Jalan Kendal",
    "side": "n-a",
    "kind": "footway",
    "level": 0,
    "has_sidewalk": "unknown",
    "width_m": null,
    "surface": "unknown",
    "obstruction": null,
    "obstruction_types": [],
    "kerb_ramp": null,
    "lit": null,
    "eyes_on_street": null,
    "crossing_spacing_m": null,
    "shade": null,
    "shade_modeled": null,
    "drainage": null,
    "length_m": 43.791064334722584,
    "source": "osm",
    "confidence": "med",
    "notes": ""
   }
  },
  {
   "type": "Feature",
   "geometry": {
    "type": "LineString",
    "coordinates": [
     [
      106.8241231,
      -6.1991212
     ],
     [
      106.8240181,
      -6.1990147
     ],
     [
      106.823974,
      -6.1989685
     ],
     [
      106.8238751,
      -6.1988641
     ]
    ]
   },
   "properties": {
    "id": "osm-way-549451284",
    "street_name": "Jalan Purworejo",
    "side": "n-a",
    "kind": "sidewalk",
    "level": 0,
    "has_sidewalk": "yes",
    "width_m": null,
    "surface": "unknown",
    "obstruction": null,
    "obstruction_types": [],
    "kerb_ramp": null,
    "lit": null,
    "eyes_on_street": null,
    "crossing_spacing_m": null,
    "shade": null,
    "shade_modeled": null,
    "drainage": null,
    "length_m": 39.61074670194249,
    "source": "osm",
    "confidence": "med",
    "notes": ""
   }
  },
  {
   "type": "Feature",
   "geometry": {
    "type": "LineString",
    "coordinates": [
     [
      106.8042004,
      -6.2186002
     ],
     [
      106.8067675,
      -6.21861
     ],
     [
      106.8068298,
      -6.2186102
     ],
     [
      106.8069159,
      -6.2186105
     ],
     [
      106.8075194,
      -6.2186128
     ],
     [
      106.8080068,
      -6.2186147
     ],
     [
      106.8083882,
      -6.2186162
     ]
    ]
   },
   "properties": {
    "id": "osm-way-555901293",
    "street_name": "Jalan Plaza Timur",
    "side": "n-a",
    "kind": "sidewalk",
    "level": 0,
    "has_sidewalk": "yes",
    "width_m": null,
    "surface": "unknown",
    "obstruction": null,
    "obstruction_types": [],
    "kerb_ramp": null,
    "lit": null,
    "eyes_on_street": null,
    "crossing_spacing_m": null,
    "shade": null,
    "shade_modeled": null,
    "drainage": null,
    "length_m": 462.9255026859803,
    "source": "osm",
    "confidence": "med",
    "notes": ""
   }
  },
  {
   "type": "Feature",
   "geometry": {
    "type": "LineString",
    "coordinates": [
     [
      106.8146101,
      -6.2016528
     ],
     [
      106.8137842,
      -6.201637
     ],
     [
      106.8137026,
      -6.2016433
     ],
     [
      106.8136359,
      -6.2016611
     ],
     [
      106.8126909,
      -6.2016376
     ]
    ]
   },
   "properties": {
    "id": "osm-way-557542286",
    "street_name": "",
    "side": "n-a",
    "kind": "footway",
    "level": 0,
    "has_sidewalk": "unknown",
    "width_m": null,
    "surface": "unknown",
    "obstruction": null,
    "obstruction_types": [],
    "kerb_ramp": null,
    "lit": null,
    "eyes_on_street": null,
    "crossing_spacing_m": null,
    "shade": null,
    "shade_modeled": null,
    "drainage": null,
    "length_m": 212.49419975203153,
    "source": "osm",
    "confidence": "med",
    "notes": ""
   }
  },
  {
   "type": "Feature",
   "geometry": {
    "type": "LineString",
    "coordinates": [
     [
      106.8202247,
      -6.1992774
     ],
     [
      106.820236,
      -6.1992989
     ],
     [
      106.8202605,
      -6.1993709
     ]
    ]
   },
   "properties": {
    "id": "osm-way-557551794",
    "street_name": "Jalan Kota Bumi Ujung",
    "side": "n-a",
    "kind": "footway",
    "level": 0,
    "has_sidewalk": "unknown",
    "width_m": null,
    "surface": "unknown",
    "obstruction": null,
    "obstruction_types": [],
    "kerb_ramp": null,
    "lit": null,
    "eyes_on_street": null,
    "crossing_spacing_m": null,
    "shade": null,
    "shade_modeled": null,
    "drainage": null,
    "length_m": 11.149096489729725,
    "source": "osm",
    "confidence": "med",
    "notes": ""
   }
  },
  {
   "type": "Feature",
   "geometry": {
    "type": "LineString",
    "coordinates": [
     [
      106.8187702,
      -6.1955934
     ],
     [
      106.8187833,
      -6.1960475
     ],
     [
      106.8187924,
      -6.196077
     ],
     [
      106.8188187,
      -6.1961123
     ],
     [
      106.8188579,
      -6.1961263
     ],
     [
      106.8189075,
      -6.196129
     ],
     [
      106.8190378,
      -6.1961129
     ],
     [
      106.8193731,
      -6.1960729
     ]
    ]
   },
   "properties": {
    "id": "osm-way-557551795",
    "street_name": "Jalan Teluk Betung",
    "side": "n-a",
    "kind": "sidewalk",
    "level": 0,
    "has_sidewalk": "yes",
    "width_m": null,
    "surface": "unknown",
    "obstruction": null,
    "obstruction_types": [],
    "kerb_ramp": null,
    "lit": null,
    "eyes_on_street": null,
    "crossing_spacing_m": null,
    "shade": null,
    "shade_modeled": null,
    "drainage": null,
    "length_m": 120.77248360502742,
    "source": "osm",
    "confidence": "med",
    "notes": ""
   }
  },
  {
   "type": "Feature",
   "geometry": {
    "type": "LineString",
    "coordinates": [
     [
      106.8255811,
      -6.2005814
     ],
     [
      106.8241231,
      -6.1991212
     ]
    ]
   },
   "properties": {
    "id": "osm-way-557589417",
    "street_name": "Jalan Purworejo",
    "side": "n-a",
    "kind": "sidewalk",
    "level": 0,
    "has_sidewalk": "yes",
    "width_m": null,
    "surface": "unknown",
    "obstruction": null,
    "obstruction_types": [],
    "kerb_ramp": null,
    "lit": null,
    "eyes_on_street": null,
    "crossing_spacing_m": null,
    "shade": null,
    "shade_modeled": null,
    "drainage": null,
    "length_m": 228.77946391652864,
    "source": "osm",
    "confidence": "med",
    "notes": ""
   }
  },
  {
   "type": "Feature",
   "geometry": {
    "type": "LineString",
    "coordinates": [
     [
      106.8088869,
      -6.2140099
     ],
     [
      106.808814,
      -6.2139098
     ]
    ]
   },
   "properties": {
    "id": "osm-way-558734509",
    "street_name": "",
    "side": "n-a",
    "kind": "footway",
    "level": 0,
    "has_sidewalk": "unknown",
    "width_m": null,
    "surface": "unknown",
    "obstruction": null,
    "obstruction_types": [],
    "kerb_ramp": null,
    "lit": null,
    "eyes_on_street": null,
    "crossing_spacing_m": null,
    "shade": null,
    "shade_modeled": null,
    "drainage": null,
    "length_m": 13.741531437502054,
    "source": "osm",
    "confidence": "med",
    "notes": ""
   }
  },
  {
   "type": "Feature",
   "geometry": {
    "type": "LineString",
    "coordinates": [
     [
      106.8158137,
      -6.2196558
     ],
     [
      106.8157572,
      -6.219587
     ]
    ]
   },
   "properties": {
    "id": "osm-way-592542431",
    "street_name": "",
    "side": "n-a",
    "kind": "crossing",
    "level": 0,
    "has_sidewalk": "unknown",
    "width_m": null,
    "surface": "unknown",
    "obstruction": null,
    "obstruction_types": [],
    "kerb_ramp": null,
    "lit": null,
    "eyes_on_street": null,
    "crossing_spacing_m": null,
    "shade": null,
    "shade_modeled": null,
    "drainage": null,
    "length_m": 9.875850462484527,
    "source": "osm",
    "confidence": "med",
    "notes": ""
   }
  },
  {
   "type": "Feature",
   "geometry": {
    "type": "LineString",
    "coordinates": [
     [
      106.8095976,
      -6.2213316
     ],
     [
      106.8097357,
      -6.2215173
     ],
     [
      106.809801,
      -6.2214662
     ],
     [
      106.8099686,
      -6.2216746
     ],
     [
      106.8099922,
      -6.221704
     ]
    ]
   },
   "properties": {
    "id": "osm-way-592542439",
    "street_name": "",
    "side": "n-a",
    "kind": "footway",
    "level": 0,
    "has_sidewalk": "unknown",
    "width_m": null,
    "surface": "unknown",
    "obstruction": null,
    "obstruction_types": [],
    "kerb_ramp": null,
    "lit": null,
    "eyes_on_street": null,
    "crossing_spacing_m": null,
    "shade": null,
    "shade_modeled": null,
    "drainage": null,
    "length_m": 68.71637603481815,
    "source": "osm",
    "confidence": "med",
    "notes": ""
   }
  },
  {
   "type": "Feature",
   "geometry": {
    "type": "LineString",
    "coordinates": [
     [
      106.8112063,
      -6.2191391
     ],
     [
      106.8117163,
      -6.2193027
     ],
     [
      106.8117941,
      -6.2193125
     ],
     [
      106.8118661,
      -6.2192968
     ],
     [
      106.811923,
      -6.2192738
     ]
    ]
   },
   "properties": {
    "id": "osm-way-592542456",
    "street_name": "",
    "side": "n-a",
    "kind": "footway",
    "level": 0,
    "has_sidewalk": "unknown",
    "width_m": null,
    "surface": "unknown",
    "obstruction": null,
    "obstruction_types": [],
    "kerb_ramp": null,
    "lit": null,
    "eyes_on_street": null,
    "crossing_spacing_m": null,
    "shade": null,
    "shade_modeled": null,
    "drainage": null,
    "length_m": 82.84480763868804,
    "source": "osm",
    "confidence": "med",
    "notes": ""
   }
  },
  {
   "type": "Feature",
   "geometry": {
    "type": "LineString",
    "coordinates": [
     [
      106.8240894,
      -6.2112949
     ],
     [
      106.8242074,
      -6.2111262
     ],
     [
      106.8243918,
      -6.2108553
     ],
     [
      106.8245824,
      -6.2104973
     ],
     [
      106.8246533,
      -6.2101901
     ],
     [
      106.824656,
      -6.2098274
     ],
     [
      106.8245785,
      -6.2094849
     ]
    ]
   },
   "properties": {
    "id": "osm-way-593611829",
    "street_name": "Jalan Setiabudi Barat",
    "side": "n-a",
    "kind": "sidewalk",
    "level": 0,
    "has_sidewalk": "yes",
    "width_m": null,
    "surface": "unknown",
    "obstruction": null,
    "obstruction_types": [],
    "kerb_ramp": null,
    "lit": null,
    "eyes_on_street": null,
    "crossing_spacing_m": null,
    "shade": null,
    "shade_modeled": null,
    "drainage": null,
    "length_m": 218.67330054938205,
    "source": "osm",
    "confidence": "med",
    "notes": ""
   }
  },
  {
   "type": "Feature",
   "geometry": {
    "type": "LineString",
    "coordinates": [
     [
      106.8166556,
      -6.2049975
     ],
     [
      106.816376,
      -6.2050366
     ]
    ]
   },
   "properties": {
    "id": "osm-way-594542327",
    "street_name": "",
    "side": "n-a",
    "kind": "footway",
    "level": 0,
    "has_sidewalk": "unknown",
    "width_m": null,
    "surface": "unknown",
    "obstruction": null,
    "obstruction_types": [],
    "kerb_ramp": null,
    "lit": null,
    "eyes_on_street": null,
    "crossing_spacing_m": null,
    "shade": null,
    "shade_modeled": null,
    "drainage": null,
    "length_m": 31.212252227568275,
    "source": "osm",
    "confidence": "med",
    "notes": ""
   }
  },
  {
   "type": "Feature",
   "geometry": {
    "type": "LineString",
    "coordinates": [
     [
      106.8147045,
      -6.1992535
     ],
     [
      106.8146692,
      -6.1991557
     ],
     [
      106.8145058,
      -6.1987049
     ],
     [
      106.8144224,
      -6.1984963
     ],
     [
      106.8143335,
      -6.1981716
     ]
    ]
   },
   "properties": {
    "id": "osm-way-594542361",
    "street_name": "Jalan Kyai Haji Mas Mansyur",
    "side": "n-a",
    "kind": "sidewalk",
    "level": 0,
    "has_sidewalk": "yes",
    "width_m": null,
    "surface": "unknown",
    "obstruction": null,
    "obstruction_types": [],
    "kerb_ramp": null,
    "lit": null,
    "eyes_on_street": null,
    "crossing_spacing_m": null,
    "shade": null,
    "shade_modeled": null,
    "drainage": null,
    "length_m": 127.21454152773802,
    "source": "osm",
    "confidence": "med",
    "notes": ""
   }
  },
  {
   "type": "Feature",
   "geometry": {
    "type": "LineString",
    "coordinates": [
     [
      106.824083,
      -6.2141332
     ],
     [
      106.823906,
      -6.2145537
     ]
    ]
   },
   "properties": {
    "id": "osm-way-653927459",
    "street_name": "Jalan Komando III",
    "side": "n-a",
    "kind": "footway",
    "level": 0,
    "has_sidewalk": "unknown",
    "width_m": null,
    "surface": "unknown",
    "obstruction": null,
    "obstruction_types": [],
    "kerb_ramp": null,
    "lit": null,
    "eyes_on_street": null,
    "crossing_spacing_m": null,
    "shade": null,
    "shade_modeled": null,
    "drainage": null,
    "length_m": 50.6861246458045,
    "source": "osm",
    "confidence": "med",
    "notes": ""
   }
  },
  {
   "type": "Feature",
   "geometry": {
    "type": "LineString",
    "coordinates": [
     [
      106.8177825,
      -6.2056117
     ],
     [
      106.8178392,
      -6.205873
     ],
     [
      106.8178625,
      -6.2058684
     ],
     [
      106.8178968,
      -6.2058622
     ],
     [
      106.8179047,
      -6.2058163
     ],
     [
      106.8179063,
      -6.2057728
     ],
     [
      106.8179019,
      -6.2057282
     ],
     [
      106.8178897,
      -6.2056824
     ],
     [
      106.8178658,
      -6.2056373
     ],
     [
      106.8178368,
      -6.2055996
     ],
     [
      106.8178046,
      -6.205607
     ],
     [
      106.8177825,
      -6.2056117
     ]
    ]
   },
   "properties": {
    "id": "osm-way-655011387",
    "street_name": "",
    "side": "n-a",
    "kind": "footway",
    "level": 0,
    "has_sidewalk": "unknown",
    "width_m": null,
    "surface": "unknown",
    "obstruction": null,
    "obstruction_types": [],
    "kerb_ramp": null,
    "lit": null,
    "eyes_on_street": null,
    "crossing_spacing_m": null,
    "shade": null,
    "shade_modeled": null,
    "drainage": null,
    "length_m": 73.57018206673624,
    "source": "osm",
    "confidence": "med",
    "notes": ""
   }
  },
  {
   "type": "Feature",
   "geometry": {
    "type": "LineString",
    "coordinates": [
     [
      106.8179743,
      -6.2059028
     ],
     [
      106.8179673,
      -6.2058704
     ],
     [
      106.8179752,
      -6.205809
     ],
     [
      106.817978,
      -6.2057597
     ],
     [
      106.8179742,
      -6.2057115
     ],
     [
      106.8179602,
      -6.2056724
     ],
     [
      106.8179417,
      -6.2056291
     ],
     [
      106.8179002,
      -6.2055673
     ],
     [
      106.817892,
      -6.205529
     ]
    ]
   },
   "properties": {
    "id": "osm-way-655011388",
    "street_name": "",
    "side": "n-a",
    "kind": "footway",
    "level": 0,
    "has_sidewalk": "unknown",
    "width_m": null,
    "surface": "unknown",
    "obstruction": null,
    "obstruction_types": [],
    "kerb_ramp": null,
    "lit": null,
    "eyes_on_street": null,
    "crossing_spacing_m": null,
    "shade": null,
    "shade_modeled": null,
    "drainage": null,
    "length_m": 43.89715607745221,
    "source": "osm",
    "confidence": "med",
    "notes": ""
   }
  },
  {
   "type": "Feature",
   "geometry": {
    "type": "LineString",
    "coordinates": [
     [
      106.8177959,
      -6.2055661
     ],
     [
      106.8177281,
      -6.2055807
     ],
     [
      106.8175288,
      -6.2056238
     ]
    ]
   },
   "properties": {
    "id": "osm-way-655011391",
    "street_name": "",
    "side": "n-a",
    "kind": "footway",
    "level": 0,
    "has_sidewalk": "unknown",
    "width_m": null,
    "surface": "unknown",
    "obstruction": null,
    "obstruction_types": [],
    "kerb_ramp": null,
    "lit": null,
    "eyes_on_street": null,
    "crossing_spacing_m": null,
    "shade": null,
    "shade_modeled": null,
    "drainage": null,
    "length_m": 30.215180208970576,
    "source": "osm",
    "confidence": "med",
    "notes": ""
   }
  },
  {
   "type": "Feature",
   "geometry": {
    "type": "LineString",
    "coordinates": [
     [
      106.81787,
      -6.2059033
     ],
     [
      106.8177967,
      -6.2059198
     ],
     [
      106.8175989,
      -6.2059642
     ]
    ]
   },
   "properties": {
    "id": "osm-way-655011392",
    "street_name": "",
    "side": "n-a",
    "kind": "footway",
    "level": 0,
    "has_sidewalk": "unknown",
    "width_m": null,
    "surface": "unknown",
    "obstruction": null,
    "obstruction_types": [],
    "kerb_ramp": null,
    "lit": null,
    "eyes_on_street": null,
    "crossing_spacing_m": null,
    "shade": null,
    "shade_modeled": null,
    "drainage": null,
    "length_m": 30.723854935557306,
    "source": "osm",
    "confidence": "med",
    "notes": ""
   }
  },
  {
   "type": "Feature",
   "geometry": {
    "type": "LineString",
    "coordinates": [
     [
      106.8177926,
      -6.2055502
     ],
     [
      106.8177801,
      -6.2054886
     ],
     [
      106.817828,
      -6.2054786
     ],
     [
      106.8178787,
      -6.2054681
     ],
     [
      106.8180587,
      -6.2054307
     ]
    ]
   },
   "properties": {
    "id": "osm-way-655011394",
    "street_name": "",
    "side": "n-a",
    "kind": "footway",
    "level": 0,
    "has_sidewalk": "unknown",
    "width_m": null,
    "surface": "unknown",
    "obstruction": null,
    "obstruction_types": [],
    "kerb_ramp": null,
    "lit": null,
    "eyes_on_street": null,
    "crossing_spacing_m": null,
    "shade": null,
    "shade_modeled": null,
    "drainage": null,
    "length_m": 38.450743385846366,
    "source": "osm",
    "confidence": "med",
    "notes": ""
   }
  },
  {
   "type": "Feature",
   "geometry": {
    "type": "LineString",
    "coordinates": [
     [
      106.817828,
      -6.2054786
     ],
     [
      106.8178146,
      -6.2054154
     ]
    ]
   },
   "properties": {
    "id": "osm-way-655011395",
    "street_name": "",
    "side": "n-a",
    "kind": "footway",
    "level": 0,
    "has_sidewalk": "unknown",
    "width_m": null,
    "surface": "unknown",
    "obstruction": null,
    "obstruction_types": [],
    "kerb_ramp": null,
    "lit": null,
    "eyes_on_street": null,
    "crossing_spacing_m": null,
    "shade": null,
    "shade_modeled": null,
    "drainage": null,
    "length_m": 7.181937310112376,
    "source": "osm",
    "confidence": "med",
    "notes": ""
   }
  },
  {
   "type": "Feature",
   "geometry": {
    "type": "LineString",
    "coordinates": [
     [
      106.8178745,
      -6.2059237
     ],
     [
      106.8178874,
      -6.2059831
     ],
     [
      106.8179384,
      -6.2059721
     ],
     [
      106.817988,
      -6.2059614
     ],
     [
      106.8181643,
      -6.2059235
     ]
    ]
   },
   "properties": {
    "id": "osm-way-655011396",
    "street_name": "",
    "side": "n-a",
    "kind": "footway",
    "level": 0,
    "has_sidewalk": "unknown",
    "width_m": null,
    "surface": "unknown",
    "obstruction": null,
    "obstruction_types": [],
    "kerb_ramp": null,
    "lit": null,
    "eyes_on_street": null,
    "crossing_spacing_m": null,
    "shade": null,
    "shade_modeled": null,
    "drainage": null,
    "length_m": 38.07581249124081,
    "source": "osm",
    "confidence": "med",
    "notes": ""
   }
  },
  {
   "type": "Feature",
   "geometry": {
    "type": "LineString",
    "coordinates": [
     [
      106.8178146,
      -6.2054154
     ],
     [
      106.8178067,
      -6.2053778
     ]
    ]
   },
   "properties": {
    "id": "osm-way-655011397",
    "street_name": "",
    "side": "n-a",
    "kind": "footway",
    "level": 0,
    "has_sidewalk": "unknown",
    "width_m": null,
    "surface": "unknown",
    "obstruction": null,
    "obstruction_types": [],
    "kerb_ramp": null,
    "lit": null,
    "eyes_on_street": null,
    "crossing_spacing_m": null,
    "shade": null,
    "shade_modeled": null,
    "drainage": null,
    "length_m": 4.27116025313405,
    "source": "osm",
    "confidence": "med",
    "notes": ""
   }
  },
  {
   "type": "Feature",
   "geometry": {
    "type": "LineString",
    "coordinates": [
     [
      106.817892,
      -6.205529
     ],
     [
      106.8178787,
      -6.2054681
     ]
    ]
   },
   "properties": {
    "id": "osm-way-655011398",
    "street_name": "",
    "side": "n-a",
    "kind": "footway",
    "level": 0,
    "has_sidewalk": "unknown",
    "width_m": null,
    "surface": "unknown",
    "obstruction": null,
    "obstruction_types": [],
    "kerb_ramp": null,
    "lit": null,
    "eyes_on_street": null,
    "crossing_spacing_m": null,
    "shade": null,
    "shade_modeled": null,
    "drainage": null,
    "length_m": 6.929534661789193,
    "source": "osm",
    "confidence": "med",
    "notes": ""
   }
  },
  {
   "type": "Feature",
   "geometry": {
    "type": "LineString",
    "coordinates": [
     [
      106.8179743,
      -6.2059028
     ],
     [
      106.817988,
      -6.2059614
     ]
    ]
   },
   "properties": {
    "id": "osm-way-655011399",
    "street_name": "",
    "side": "n-a",
    "kind": "footway",
    "level": 0,
    "has_sidewalk": "unknown",
    "width_m": null,
    "surface": "unknown",
    "obstruction": null,
    "obstruction_types": [],
    "kerb_ramp": null,
    "lit": null,
    "eyes_on_street": null,
    "crossing_spacing_m": null,
    "shade": null,
    "shade_modeled": null,
    "drainage": null,
    "length_m": 6.689700296953068,
    "source": "osm",
    "confidence": "med",
    "notes": ""
   }
  },
  {
   "type": "Feature",
   "geometry": {
    "type": "LineString",
    "coordinates": [
     [
      106.8179384,
      -6.2059721
     ],
     [
      106.8179507,
      -6.2060327
     ]
    ]
   },
   "properties": {
    "id": "osm-way-655011400",
    "street_name": "",
    "side": "n-a",
    "kind": "footway",
    "level": 0,
    "has_sidewalk": "unknown",
    "width_m": null,
    "surface": "unknown",
    "obstruction": null,
    "obstruction_types": [],
    "kerb_ramp": null,
    "lit": null,
    "eyes_on_street": null,
    "crossing_spacing_m": null,
    "shade": null,
    "shade_modeled": null,
    "drainage": null,
    "length_m": 6.874222864777088,
    "source": "osm",
    "confidence": "med",
    "notes": ""
   }
  },
  {
   "type": "Feature",
   "geometry": {
    "type": "LineString",
    "coordinates": [
     [
      106.8179507,
      -6.2060327
     ],
     [
      106.8179593,
      -6.2060748
     ]
    ]
   },
   "properties": {
    "id": "osm-way-655011401",
    "street_name": "",
    "side": "n-a",
    "kind": "footway",
    "level": 0,
    "has_sidewalk": "unknown",
    "width_m": null,
    "surface": "unknown",
    "obstruction": null,
    "obstruction_types": [],
    "kerb_ramp": null,
    "lit": null,
    "eyes_on_street": null,
    "crossing_spacing_m": null,
    "shade": null,
    "shade_modeled": null,
    "drainage": null,
    "length_m": 4.7768616547984095,
    "source": "osm",
    "confidence": "med",
    "notes": ""
   }
  },
  {
   "type": "Feature",
   "geometry": {
    "type": "LineString",
    "coordinates": [
     [
      106.8246106,
      -6.2125281
     ],
     [
      106.824616,
      -6.2125874
     ],
     [
      106.8246341,
      -6.2128408
     ],
     [
      106.8246515,
      -6.2130462
     ],
     [
      106.8246616,
      -6.2132301
     ]
    ]
   },
   "properties": {
    "id": "osm-way-655580995",
    "street_name": "Jalan Teladan",
    "side": "n-a",
    "kind": "footway",
    "level": 0,
    "has_sidewalk": "unknown",
    "width_m": null,
    "surface": "unknown",
    "obstruction": null,
    "obstruction_types": [],
    "kerb_ramp": null,
    "lit": null,
    "eyes_on_street": null,
    "crossing_spacing_m": null,
    "shade": null,
    "shade_modeled": null,
    "drainage": null,
    "length_m": 78.26805499449523,
    "source": "osm",
    "confidence": "med",
    "notes": ""
   }
  },
  {
   "type": "Feature",
   "geometry": {
    "type": "LineString",
    "coordinates": [
     [
      106.8238046,
      -6.2177459
     ],
     [
      106.8237141,
      -6.217565
     ],
     [
      106.8236164,
      -6.2173594
     ],
     [
      106.8235431,
      -6.217191
     ],
     [
      106.8234499,
      -6.2169523
     ],
     [
      106.8233996,
      -6.2167877
     ],
     [
      106.823386,
      -6.2167351
     ]
    ]
   },
   "properties": {
    "id": "osm-way-675981845",
    "street_name": "Jalan Anggrek I",
    "side": "n-a",
    "kind": "footway",
    "level": 0,
    "has_sidewalk": "unknown",
    "width_m": null,
    "surface": "unknown",
    "obstruction": null,
    "obstruction_types": [],
    "kerb_ramp": null,
    "lit": null,
    "eyes_on_street": null,
    "crossing_spacing_m": null,
    "shade": null,
    "shade_modeled": null,
    "drainage": null,
    "length_m": 121.79200872929121,
    "source": "osm",
    "confidence": "med",
    "notes": ""
   }
  },
  {
   "type": "Feature",
   "geometry": {
    "type": "LineString",
    "coordinates": [
     [
      106.812298,
      -6.2114181
     ],
     [
      106.8124881,
      -6.2114185
     ]
    ]
   },
   "properties": {
    "id": "osm-way-676445847",
    "street_name": "Jalan Karet Pasar Baru Barat V",
    "side": "n-a",
    "kind": "sidewalk",
    "level": 0,
    "has_sidewalk": "yes",
    "width_m": null,
    "surface": "unknown",
    "obstruction": null,
    "obstruction_types": [],
    "kerb_ramp": null,
    "lit": null,
    "eyes_on_street": null,
    "crossing_spacing_m": null,
    "shade": null,
    "shade_modeled": null,
    "drainage": null,
    "length_m": 21.014109421271613,
    "source": "osm",
    "confidence": "med",
    "notes": ""
   }
  },
  {
   "type": "Feature",
   "geometry": {
    "type": "LineString",
    "coordinates": [
     [
      106.8229345,
      -6.2229938
     ],
     [
      106.8228544,
      -6.2232233
     ]
    ]
   },
   "properties": {
    "id": "osm-way-682246893",
    "street_name": "",
    "side": "n-a",
    "kind": "crossing",
    "level": 0,
    "has_sidewalk": "unknown",
    "width_m": null,
    "surface": "unknown",
    "obstruction": null,
    "obstruction_types": [],
    "kerb_ramp": null,
    "lit": null,
    "eyes_on_street": null,
    "crossing_spacing_m": null,
    "shade": null,
    "shade_modeled": null,
    "drainage": null,
    "length_m": 27.01164127956238,
    "source": "osm",
    "confidence": "med",
    "notes": ""
   }
  },
  {
   "type": "Feature",
   "geometry": {
    "type": "LineString",
    "coordinates": [
     [
      106.8143839,
      -6.1978377
     ],
     [
      106.8143834,
      -6.1979043
     ],
     [
      106.8144076,
      -6.1980296
     ],
     [
      106.8144422,
      -6.198104
     ]
    ]
   },
   "properties": {
    "id": "osm-way-688580895",
    "street_name": "Jalan Kyai Haji Mas Mansyur",
    "side": "n-a",
    "kind": "sidewalk",
    "level": 0,
    "has_sidewalk": "yes",
    "width_m": null,
    "surface": "unknown",
    "obstruction": null,
    "obstruction_types": [],
    "kerb_ramp": null,
    "lit": null,
    "eyes_on_street": null,
    "crossing_spacing_m": null,
    "shade": null,
    "shade_modeled": null,
    "drainage": null,
    "length_m": 30.707314723455546,
    "source": "osm",
    "confidence": "med",
    "notes": ""
   }
  },
  {
   "type": "Feature",
   "geometry": {
    "type": "LineString",
    "coordinates": [
     [
      106.8177753,
      -6.2124699
     ],
     [
      106.8177265,
      -6.2122181
     ],
     [
      106.8176946,
      -6.2119663
     ],
     [
      106.8176922,
      -6.2119487
     ],
     [
      106.8176857,
      -6.2118525
     ],
     [
      106.8176795,
      -6.2117112
     ],
     [
      106.8176756,
      -6.2114328
     ],
     [
      106.8176761,
      -6.2113528
     ],
     [
      106.8176914,
      -6.2108638
     ],
     [
      106.8176851,
      -6.2102925
     ],
     [
      106.8176729,
      -6.2100491
     ],
     [
      106.8176542,
      -6.2097582
     ],
     [
      106.8176401,
      -6.2095379
     ],
     [
      106.8176135,
      -6.2092603
     ],
     [
      106.8176031,
      -6.2091774
     ],
     [
      106.8175878,
      -6.2090622
     ]
    ]
   },
   "properties": {
    "id": "osm-way-691960993",
    "street_name": "Jalan Kyai Haji Mas Mansyur",
    "side": "n-a",
    "kind": "sidewalk",
    "level": 0,
    "has_sidewalk": "yes",
    "width_m": null,
    "surface": "unknown",
    "obstruction": null,
    "obstruction_types": [],
    "kerb_ramp": null,
    "lit": null,
    "eyes_on_street": null,
    "crossing_spacing_m": null,
    "shade": null,
    "shade_modeled": null,
    "drainage": null,
    "length_m": 380.21671972064405,
    "source": "osm",
    "confidence": "med",
    "notes": ""
   }
  },
  {
   "type": "Feature",
   "geometry": {
    "type": "LineString",
    "coordinates": [
     [
      106.8169637,
      -6.206401
     ],
     [
      106.8170058,
      -6.206555
     ],
     [
      106.8170496,
      -6.2066883
     ],
     [
      106.8170934,
      -6.2068227
     ],
     [
      106.8171426,
      -6.2069508
     ],
     [
      106.8172641,
      -6.2072438
     ],
     [
      106.8172869,
      -6.2072971
     ]
    ]
   },
   "properties": {
    "id": "osm-way-699354247",
    "street_name": "Jalan Kyai Haji Mas Mansyur",
    "side": "n-a",
    "kind": "sidewalk",
    "level": 0,
    "has_sidewalk": "yes",
    "width_m": null,
    "surface": "unknown",
    "obstruction": null,
    "obstruction_types": [],
    "kerb_ramp": null,
    "lit": null,
    "eyes_on_street": null,
    "crossing_spacing_m": null,
    "shade": null,
    "shade_modeled": null,
    "drainage": null,
    "length_m": 105.97493209200603,
    "source": "osm",
    "confidence": "med",
    "notes": ""
   }
  },
  {
   "type": "Feature",
   "geometry": {
    "type": "LineString",
    "coordinates": [
     [
      106.8189732,
      -6.1948353
     ],
     [
      106.8189841,
      -6.1948351
     ]
    ]
   },
   "properties": {
    "id": "osm-way-702973122",
    "street_name": "",
    "side": "n-a",
    "kind": "footway",
    "level": 0,
    "has_sidewalk": "unknown",
    "width_m": null,
    "surface": "unknown",
    "obstruction": null,
    "obstruction_types": [],
    "kerb_ramp": null,
    "lit": null,
    "eyes_on_street": null,
    "crossing_spacing_m": null,
    "shade": null,
    "shade_modeled": null,
    "drainage": null,
    "length_m": 1.2051525265997298,
    "source": "osm",
    "confidence": "med",
    "notes": ""
   }
  },
  {
   "type": "Feature",
   "geometry": {
    "type": "LineString",
    "coordinates": [
     [
      106.8238751,
      -6.1988641
     ],
     [
      106.823789,
      -6.1987738
     ],
     [
      106.8234522,
      -6.1984532
     ]
    ]
   },
   "properties": {
    "id": "osm-way-718352194",
    "street_name": "Jalan Purworejo",
    "side": "n-a",
    "kind": "sidewalk",
    "level": 0,
    "has_sidewalk": "yes",
    "width_m": null,
    "surface": "unknown",
    "obstruction": null,
    "obstruction_types": [],
    "kerb_ramp": null,
    "lit": null,
    "eyes_on_street": null,
    "crossing_spacing_m": null,
    "shade": null,
    "shade_modeled": null,
    "drainage": null,
    "length_m": 65.38161730481315,
    "source": "osm",
    "confidence": "med",
    "notes": ""
   }
  },
  {
   "type": "Feature",
   "geometry": {
    "type": "LineString",
    "coordinates": [
     [
      106.8241519,
      -6.21875
     ],
     [
      106.8243003,
      -6.2190212
     ],
     [
      106.8243637,
      -6.2191436
     ],
     [
      106.8244699,
      -6.2194294
     ],
     [
      106.8245834,
      -6.2198368
     ]
    ]
   },
   "properties": {
    "id": "osm-way-726774518",
    "street_name": "Jalan Haji Sidik",
    "side": "n-a",
    "kind": "footway",
    "level": 0,
    "has_sidewalk": "unknown",
    "width_m": null,
    "surface": "unknown",
    "obstruction": null,
    "obstruction_types": [],
    "kerb_ramp": null,
    "lit": null,
    "eyes_on_street": null,
    "crossing_spacing_m": null,
    "shade": null,
    "shade_modeled": null,
    "drainage": null,
    "length_m": 130.52233135306403,
    "source": "osm",
    "confidence": "med",
    "notes": ""
   }
  },
  {
   "type": "Feature",
   "geometry": {
    "type": "LineString",
    "coordinates": [
     [
      106.8233545,
      -6.2013092
     ],
     [
      106.8234314,
      -6.2013186
     ],
     [
      106.8235222,
      -6.2013284
     ],
     [
      106.8237393,
      -6.2013448
     ],
     [
      106.8238073,
      -6.2013529
     ],
     [
      106.8239616,
      -6.2013827
     ],
     [
      106.8239941,
      -6.2013934
     ],
     [
      106.824014,
      -6.2014025
     ],
     [
      106.8240269,
      -6.2014185
     ]
    ]
   },
   "properties": {
    "id": "osm-way-735427185",
    "street_name": "Jalan Juana",
    "side": "n-a",
    "kind": "sidewalk",
    "level": 0,
    "has_sidewalk": "yes",
    "width_m": null,
    "surface": "unknown",
    "obstruction": null,
    "obstruction_types": [],
    "kerb_ramp": null,
    "lit": null,
    "eyes_on_street": null,
    "crossing_spacing_m": null,
    "shade": null,
    "shade_modeled": null,
    "drainage": null,
    "length_m": 76.1623050812264,
    "source": "osm",
    "confidence": "med",
    "notes": ""
   }
  },
  {
   "type": "Feature",
   "geometry": {
    "type": "LineString",
    "coordinates": [
     [
      106.8228292,
      -6.1932119
     ],
     [
      106.8229335,
      -6.1932111
     ],
     [
      106.8229788,
      -6.1932107
     ],
     [
      106.8230242,
      -6.1932103
     ],
     [
      106.8230785,
      -6.1932099
     ],
     [
      106.8231437,
      -6.1932094
     ]
    ]
   },
   "properties": {
    "id": "osm-way-741785159",
    "street_name": "",
    "side": "n-a",
    "kind": "crossing",
    "level": 0,
    "has_sidewalk": "unknown",
    "width_m": null,
    "surface": "unknown",
    "obstruction": null,
    "obstruction_types": [],
    "kerb_ramp": null,
    "lit": null,
    "eyes_on_street": null,
    "crossing_spacing_m": null,
    "shade": null,
    "shade_modeled": null,
    "drainage": null,
    "length_m": 34.76782319844945,
    "source": "osm",
    "confidence": "med",
    "notes": ""
   }
  },
  {
   "type": "Feature",
   "geometry": {
    "type": "LineString",
    "coordinates": [
     [
      106.826559,
      -6.2022598
     ],
     [
      106.8268944,
      -6.2019345
     ]
    ]
   },
   "properties": {
    "id": "osm-way-743239546",
    "street_name": "",
    "side": "n-a",
    "kind": "footway",
    "level": 0,
    "has_sidewalk": "unknown",
    "width_m": null,
    "surface": "unknown",
    "obstruction": null,
    "obstruction_types": [],
    "kerb_ramp": null,
    "lit": null,
    "eyes_on_street": null,
    "crossing_spacing_m": null,
    "shade": null,
    "shade_modeled": null,
    "drainage": null,
    "length_m": 51.79825161128167,
    "source": "osm",
    "confidence": "med",
    "notes": ""
   }
  },
  {
   "type": "Feature",
   "geometry": {
    "type": "LineString",
    "coordinates": [
     [
      106.8141568,
      -6.1993124
     ],
     [
      106.8142749,
      -6.1992977
     ],
     [
      106.8146009,
      -6.1992751
     ]
    ]
   },
   "properties": {
    "id": "osm-way-756640655",
    "street_name": "Jalan Awaludin II",
    "side": "n-a",
    "kind": "footway",
    "level": 0,
    "has_sidewalk": "unknown",
    "width_m": null,
    "surface": "unknown",
    "obstruction": null,
    "obstruction_types": [],
    "kerb_ramp": null,
    "lit": null,
    "eyes_on_street": null,
    "crossing_spacing_m": null,
    "shade": null,
    "shade_modeled": null,
    "drainage": null,
    "length_m": 49.282339384541686,
    "source": "osm",
    "confidence": "med",
    "notes": ""
   }
  },
  {
   "type": "Feature",
   "geometry": {
    "type": "LineString",
    "coordinates": [
     [
      106.8124153,
      -6.2189078
     ],
     [
      106.8124825,
      -6.2188239
     ],
     [
      106.8125077,
      -6.2187333
     ],
     [
      106.812519,
      -6.2185585
     ],
     [
      106.8125463,
      -6.218189
     ]
    ]
   },
   "properties": {
    "id": "osm-way-760021881",
    "street_name": "",
    "side": "n-a",
    "kind": "footway",
    "level": 0,
    "has_sidewalk": "unknown",
    "width_m": null,
    "surface": "unknown",
    "obstruction": null,
    "obstruction_types": [],
    "kerb_ramp": null,
    "lit": null,
    "eyes_on_street": null,
    "crossing_spacing_m": null,
    "shade": null,
    "shade_modeled": null,
    "drainage": null,
    "length_m": 83.05185760682885,
    "source": "osm",
    "confidence": "med",
    "notes": ""
   }
  },
  {
   "type": "Feature",
   "geometry": {
    "type": "LineString",
    "coordinates": [
     [
      106.811923,
      -6.2192738
     ],
     [
      106.8124153,
      -6.2189078
     ]
    ]
   },
   "properties": {
    "id": "osm-way-760021882",
    "street_name": "",
    "side": "n-a",
    "kind": "footway",
    "level": 0,
    "has_sidewalk": "unknown",
    "width_m": null,
    "surface": "unknown",
    "obstruction": null,
    "obstruction_types": [],
    "kerb_ramp": null,
    "lit": null,
    "eyes_on_street": null,
    "crossing_spacing_m": null,
    "shade": null,
    "shade_modeled": null,
    "drainage": null,
    "length_m": 67.95375504363543,
    "source": "osm",
    "confidence": "med",
    "notes": ""
   }
  },
  {
   "type": "Feature",
   "geometry": {
    "type": "LineString",
    "coordinates": [
     [
      106.8103859,
      -6.224922
     ],
     [
      106.8104485,
      -6.2249216
     ],
     [
      106.8105244,
      -6.2249211
     ],
     [
      106.8106861,
      -6.22492
     ]
    ]
   },
   "properties": {
    "id": "osm-way-760209976",
    "street_name": "",
    "side": "n-a",
    "kind": "crossing",
    "level": 0,
    "has_sidewalk": "unknown",
    "width_m": null,
    "surface": "unknown",
    "obstruction": null,
    "obstruction_types": [],
    "kerb_ramp": null,
    "lit": null,
    "eyes_on_street": null,
    "crossing_spacing_m": null,
    "shade": null,
    "shade_modeled": null,
    "drainage": null,
    "length_m": 33.18464642639255,
    "source": "osm",
    "confidence": "med",
    "notes": ""
   }
  },
  {
   "type": "Feature",
   "geometry": {
    "type": "LineString",
    "coordinates": [
     [
      106.8109395,
      -6.2076244
     ],
     [
      106.8108496,
      -6.2075239
     ]
    ]
   },
   "properties": {
    "id": "osm-way-760378276",
    "street_name": "Jalan Bendungan Hilir",
    "side": "n-a",
    "kind": "sidewalk",
    "level": 0,
    "has_sidewalk": "yes",
    "width_m": null,
    "surface": "unknown",
    "obstruction": null,
    "obstruction_types": [],
    "kerb_ramp": null,
    "lit": null,
    "eyes_on_street": null,
    "crossing_spacing_m": null,
    "shade": null,
    "shade_modeled": null,
    "drainage": null,
    "length_m": 14.954689563310406,
    "source": "osm",
    "confidence": "med",
    "notes": ""
   }
  },
  {
   "type": "Feature",
   "geometry": {
    "type": "LineString",
    "coordinates": [
     [
      106.8108496,
      -6.2075239
     ],
     [
      106.8108361,
      -6.2075092
     ],
     [
      106.8107611,
      -6.2074277
     ],
     [
      106.8106712,
      -6.2073304
     ],
     [
      106.8104483,
      -6.2070647
     ],
     [
      106.8102982,
      -6.2068858
     ],
     [
      106.8102528,
      -6.2068323
     ],
     [
      106.8101495,
      -6.2067105
     ],
     [
      106.8100302,
      -6.2065171
     ],
     [
      106.8098693,
      -6.2062465
     ],
     [
      106.8097753,
      -6.2060558
     ],
     [
      106.8097526,
      -6.2059998
     ],
     [
      106.8097231,
      -6.2059158
     ]
    ]
   },
   "properties": {
    "id": "osm-way-760378277",
    "street_name": "Jalan Bendungan Hilir",
    "side": "n-a",
    "kind": "sidewalk",
    "level": 0,
    "has_sidewalk": "yes",
    "width_m": null,
    "surface": "unknown",
    "obstruction": null,
    "obstruction_types": [],
    "kerb_ramp": null,
    "lit": null,
    "eyes_on_street": null,
    "crossing_spacing_m": null,
    "shade": null,
    "shade_modeled": null,
    "drainage": null,
    "length_m": 219.46071673173668,
    "source": "osm",
    "confidence": "med",
    "notes": ""
   }
  },
  {
   "type": "Feature",
   "geometry": {
    "type": "LineString",
    "coordinates": [
     [
      106.8148866,
      -6.1990049
     ],
     [
      106.814949,
      -6.1989923
     ]
    ]
   },
   "properties": {
    "id": "osm-way-761518457",
    "street_name": "Jalan Dukuh Pinggir IV",
    "side": "n-a",
    "kind": "footway",
    "level": 0,
    "has_sidewalk": "unknown",
    "width_m": null,
    "surface": "unknown",
    "obstruction": null,
    "obstruction_types": [],
    "kerb_ramp": null,
    "lit": null,
    "eyes_on_street": null,
    "crossing_spacing_m": null,
    "shade": null,
    "shade_modeled": null,
    "drainage": null,
    "length_m": 7.038839407456934,
    "source": "osm",
    "confidence": "med",
    "notes": ""
   }
  },
  {
   "type": "Feature",
   "geometry": {
    "type": "LineString",
    "coordinates": [
     [
      106.8147123,
      -6.1985582
     ],
     [
      106.8148515,
      -6.1985469
     ]
    ]
   },
   "properties": {
    "id": "osm-way-761518458",
    "street_name": "Jalan Dukuh Pinggir V",
    "side": "n-a",
    "kind": "footway",
    "level": 0,
    "has_sidewalk": "unknown",
    "width_m": null,
    "surface": "unknown",
    "obstruction": null,
    "obstruction_types": [],
    "kerb_ramp": null,
    "lit": null,
    "eyes_on_street": null,
    "crossing_spacing_m": null,
    "shade": null,
    "shade_modeled": null,
    "drainage": null,
    "length_m": 15.439057659789697,
    "source": "osm",
    "confidence": "med",
    "notes": ""
   }
  },
  {
   "type": "Feature",
   "geometry": {
    "type": "LineString",
    "coordinates": [
     [
      106.8143335,
      -6.1981716
     ],
     [
      106.8143281,
      -6.1981581
     ],
     [
      106.8142877,
      -6.1980494
     ]
    ]
   },
   "properties": {
    "id": "osm-way-770555523",
    "street_name": "Jalan Kyai Haji Mas Mansyur",
    "side": "n-a",
    "kind": "sidewalk",
    "level": 0,
    "has_sidewalk": "yes",
    "width_m": null,
    "surface": "unknown",
    "obstruction": null,
    "obstruction_types": [],
    "kerb_ramp": null,
    "lit": null,
    "eyes_on_street": null,
    "crossing_spacing_m": null,
    "shade": null,
    "shade_modeled": null,
    "drainage": null,
    "length_m": 14.501047737639668,
    "source": "osm",
    "confidence": "med",
    "notes": ""
   }
  },
  {
   "type": "Feature",
   "geometry": {
    "type": "LineString",
    "coordinates": [
     [
      106.8158291,
      -6.1964737
     ],
     [
      106.8160538,
      -6.1964904
     ]
    ]
   },
   "properties": {
    "id": "osm-way-776126850",
    "street_name": "Gang Riban",
    "side": "n-a",
    "kind": "footway",
    "level": 0,
    "has_sidewalk": "unknown",
    "width_m": null,
    "surface": "unknown",
    "obstruction": null,
    "obstruction_types": [],
    "kerb_ramp": null,
    "lit": null,
    "eyes_on_street": null,
    "crossing_spacing_m": null,
    "shade": null,
    "shade_modeled": null,
    "drainage": null,
    "length_m": 24.908839062247257,
    "source": "osm",
    "confidence": "med",
    "notes": ""
   }
  },
  {
   "type": "Feature",
   "geometry": {
    "type": "LineString",
    "coordinates": [
     [
      106.8251774,
      -6.2252461
     ],
     [
      106.8252159,
      -6.2251673
     ],
     [
      106.8253888,
      -6.2251513
     ],
     [
      106.8254863,
      -6.2251493
     ],
     [
      106.8257211,
      -6.2251345
     ],
     [
      106.8257952,
      -6.2250863
     ],
     [
      106.8257921,
      -6.2249725
     ],
     [
      106.8257905,
      -6.2249213
     ],
     [
      106.8257442,
      -6.2246416
     ],
     [
      106.8256434,
      -6.2241968
     ],
     [
      106.825319,
      -6.2240898
     ],
     [
      106.8252627,
      -6.2240715
     ],
     [
      106.8248835,
      -6.2239621
     ],
     [
      106.824583,
      -6.2238667
     ]
    ]
   },
   "properties": {
    "id": "osm-way-788345766",
    "street_name": "",
    "side": "n-a",
    "kind": "sidewalk",
    "level": 0,
    "has_sidewalk": "yes",
    "width_m": null,
    "surface": "unknown",
    "obstruction": null,
    "obstruction_types": [],
    "kerb_ramp": null,
    "lit": null,
    "eyes_on_street": null,
    "crossing_spacing_m": null,
    "shade": null,
    "shade_modeled": null,
    "drainage": null,
    "length_m": 298.9290585867234,
    "source": "osm",
    "confidence": "med",
    "notes": ""
   }
  },
  {
   "type": "Feature",
   "geometry": {
    "type": "LineString",
    "coordinates": [
     [
      106.8187118,
      -6.2011188
     ],
     [
      106.818337,
      -6.2010395
     ],
     [
      106.8181258,
      -6.2010058
     ]
    ]
   },
   "properties": {
    "id": "osm-way-803339987",
    "street_name": "Jalan Talang Betutu Ujung",
    "side": "n-a",
    "kind": "footway",
    "level": 0,
    "has_sidewalk": "unknown",
    "width_m": null,
    "surface": "unknown",
    "obstruction": null,
    "obstruction_types": [],
    "kerb_ramp": null,
    "lit": null,
    "eyes_on_street": null,
    "crossing_spacing_m": null,
    "shade": null,
    "shade_modeled": null,
    "drainage": null,
    "length_m": 66.00571258660037,
    "source": "osm",
    "confidence": "med",
    "notes": ""
   }
  },
  {
   "type": "Feature",
   "geometry": {
    "type": "LineString",
    "coordinates": [
     [
      106.8259173,
      -6.2125726
     ],
     [
      106.8257178,
      -6.2125714
     ],
     [
      106.8255507,
      -6.2125674
     ]
    ]
   },
   "properties": {
    "id": "osm-way-824409690",
    "street_name": "Jalan BB",
    "side": "n-a",
    "kind": "footway",
    "level": 0,
    "has_sidewalk": "unknown",
    "width_m": null,
    "surface": "unknown",
    "obstruction": null,
    "obstruction_types": [],
    "kerb_ramp": null,
    "lit": null,
    "eyes_on_street": null,
    "crossing_spacing_m": null,
    "shade": null,
    "shade_modeled": null,
    "drainage": null,
    "length_m": 40.53042062097791,
    "source": "osm",
    "confidence": "med",
    "notes": ""
   }
  },
  {
   "type": "Feature",
   "geometry": {
    "type": "LineString",
    "coordinates": [
     [
      106.8257921,
      -6.2249725
     ],
     [
      106.8257383,
      -6.2249681
     ],
     [
      106.8256879,
      -6.2249551
     ],
     [
      106.8256522,
      -6.2249387
     ],
     [
      106.8256383,
      -6.2249041
     ],
     [
      106.8256305,
      -6.2248368
     ]
    ]
   },
   "properties": {
    "id": "osm-way-832117689",
    "street_name": "",
    "side": "n-a",
    "kind": "footway",
    "level": 0,
    "has_sidewalk": "unknown",
    "width_m": null,
    "surface": "unknown",
    "obstruction": null,
    "obstruction_types": [],
    "kerb_ramp": null,
    "lit": null,
    "eyes_on_street": null,
    "crossing_spacing_m": null,
    "shade": null,
    "shade_modeled": null,
    "drainage": null,
    "length_m": 27.74573260096922,
    "source": "osm",
    "confidence": "med",
    "notes": ""
   }
  },
  {
   "type": "Feature",
   "geometry": {
    "type": "LineString",
    "coordinates": [
     [
      106.8246115,
      -6.2235005
     ],
     [
      106.8253977,
      -6.2237335
     ],
     [
      106.8254808,
      -6.2237582
     ],
     [
      106.8257461,
      -6.2238408
     ],
     [
      106.8260885,
      -6.2239451
     ]
    ]
   },
   "properties": {
    "id": "osm-way-832117690",
    "street_name": "",
    "side": "n-a",
    "kind": "footway",
    "level": 0,
    "has_sidewalk": "unknown",
    "width_m": null,
    "surface": "unknown",
    "obstruction": null,
    "obstruction_types": [],
    "kerb_ramp": null,
    "lit": null,
    "eyes_on_street": null,
    "crossing_spacing_m": null,
    "shade": null,
    "shade_modeled": null,
    "drainage": null,
    "length_m": 170.59011125675738,
    "source": "osm",
    "confidence": "med",
    "notes": ""
   }
  },
  {
   "type": "Feature",
   "geometry": {
    "type": "LineString",
    "coordinates": [
     [
      106.8262101,
      -6.2239804
     ],
     [
      106.8262477,
      -6.2240302
     ],
     [
      106.8265849,
      -6.2241339
     ],
     [
      106.8270071,
      -6.2242552
     ],
     [
      106.8275175,
      -6.2244117
     ],
     [
      106.8277222,
      -6.2244811
     ],
     [
      106.8277788,
      -6.2245003
     ],
     [
      106.82793,
      -6.2245488
     ],
     [
      106.8280277,
      -6.2245801
     ],
     [
      106.8280627,
      -6.2245917
     ],
     [
      106.8281458,
      -6.2246188
     ],
     [
      106.8281857,
      -6.2246322
     ],
     [
      106.828321,
      -6.2246775
     ],
     [
      106.8283946,
      -6.2247021
     ],
     [
      106.8286489,
      -6.2247824
     ],
     [
      106.8289038,
      -6.2248628
     ],
     [
      106.8289244,
      -6.2248814
     ],
     [
      106.8289404,
      -6.2248859
     ],
     [
      106.8294607,
      -6.2250335
     ],
     [
      106.829777,
      -6.2251232
     ],
     [
      106.8302763,
      -6.2252629
     ]
    ]
   },
   "properties": {
    "id": "osm-way-832117691",
    "street_name": "",
    "side": "n-a",
    "kind": "sidewalk",
    "level": 0,
    "has_sidewalk": "yes",
    "width_m": null,
    "surface": "unknown",
    "obstruction": null,
    "obstruction_types": [],
    "kerb_ramp": null,
    "lit": null,
    "eyes_on_street": null,
    "crossing_spacing_m": null,
    "shade": null,
    "shade_modeled": null,
    "drainage": null,
    "length_m": 473.22853340370136,
    "source": "osm",
    "confidence": "med",
    "notes": ""
   }
  },
  {
   "type": "Feature",
   "geometry": {
    "type": "LineString",
    "coordinates": [
     [
      106.8260885,
      -6.2239451
     ],
     [
      106.8261219,
      -6.2239551
     ],
     [
      106.8261611,
      -6.2239669
     ],
     [
      106.8262101,
      -6.2239804
     ]
    ]
   },
   "properties": {
    "id": "osm-way-832117692",
    "street_name": "",
    "side": "n-a",
    "kind": "crossing",
    "level": 0,
    "has_sidewalk": "unknown",
    "width_m": null,
    "surface": "unknown",
    "obstruction": null,
    "obstruction_types": [],
    "kerb_ramp": null,
    "lit": null,
    "eyes_on_street": null,
    "crossing_spacing_m": null,
    "shade": null,
    "shade_modeled": null,
    "drainage": null,
    "length_m": 14.003882787083175,
    "source": "osm",
    "confidence": "med",
    "notes": ""
   }
  },
  {
   "type": "Feature",
   "geometry": {
    "type": "LineString",
    "coordinates": [
     [
      106.827395,
      -6.2266992
     ],
     [
      106.8272075,
      -6.2266518
     ],
     [
      106.8271909,
      -6.2266483
     ],
     [
      106.8269279,
      -6.2265935
     ],
     [
      106.8267346,
      -6.2265763
     ],
     [
      106.8265542,
      -6.2265978
     ],
     [
      106.8263599,
      -6.2266218
     ],
     [
      106.8261537,
      -6.2266473
     ],
     [
      106.8260786,
      -6.2266423
     ],
     [
      106.8260152,
      -6.2265727
     ],
     [
      106.825991,
      -6.2256237
     ],
     [
      106.8260652,
      -6.2256113
     ],
     [
      106.8261128,
      -6.2255448
     ],
     [
      106.8260872,
      -6.2254283
     ],
     [
      106.8259757,
      -6.2254118
     ],
     [
      106.8259779,
      -6.22519
     ],
     [
      106.8260048,
      -6.2251311
     ],
     [
      106.8260466,
      -6.2250447
     ],
     [
      106.8263988,
      -6.2246575
     ],
     [
      106.8266038,
      -6.2244996
     ],
     [
      106.8267515,
      -6.2245456
     ],
     [
      106.8268989,
      -6.2245946
     ],
     [
      106.8270638,
      -6.2246474
     ],
     [
      106.8279179,
      -6.2249229
     ],
     [
      106.8282807,
      -6.2250409
     ],
     [
      106.8284303,
      -6.2250881
     ],
     [
      106.8293657,
      -6.2253531
     ]
    ]
   },
   "properties": {
    "id": "osm-way-832117695",
    "street_name": "",
    "side": "n-a",
    "kind": "sidewalk",
    "level": 0,
    "has_sidewalk": "yes",
    "width_m": null,
    "surface": "unknown",
    "obstruction": null,
    "obstruction_types": [],
    "kerb_ramp": null,
    "lit": null,
    "eyes_on_street": null,
    "crossing_spacing_m": null,
    "shade": null,
    "shade_modeled": null,
    "drainage": null,
    "length_m": 755.5331437367237,
    "source": "osm",
    "confidence": "med",
    "notes": ""
   }
  },
  {
   "type": "Feature",
   "geometry": {
    "type": "LineString",
    "coordinates": [
     [
      106.8257452,
      -6.2242307
     ],
     [
      106.8264793,
      -6.2244595
     ]
    ]
   },
   "properties": {
    "id": "osm-way-832117702",
    "street_name": "",
    "side": "n-a",
    "kind": "footway",
    "level": 0,
    "has_sidewalk": "unknown",
    "width_m": null,
    "surface": "unknown",
    "obstruction": null,
    "obstruction_types": [],
    "kerb_ramp": null,
    "lit": null,
    "eyes_on_street": null,
    "crossing_spacing_m": null,
    "shade": null,
    "shade_modeled": null,
    "drainage": null,
    "length_m": 85.04175321127299,
    "source": "osm",
    "confidence": "med",
    "notes": ""
   }
  },
  {
   "type": "Feature",
   "geometry": {
    "type": "LineString",
    "coordinates": [
     [
      106.8256434,
      -6.2241968
     ],
     [
      106.8257081,
      -6.2242193
     ],
     [
      106.8257452,
      -6.2242307
     ]
    ]
   },
   "properties": {
    "id": "osm-way-832117703",
    "street_name": "",
    "side": "n-a",
    "kind": "crossing",
    "level": 0,
    "has_sidewalk": "unknown",
    "width_m": null,
    "surface": "unknown",
    "obstruction": null,
    "obstruction_types": [],
    "kerb_ramp": null,
    "lit": null,
    "eyes_on_street": null,
    "crossing_spacing_m": null,
    "shade": null,
    "shade_modeled": null,
    "drainage": null,
    "length_m": 11.869338812523075,
    "source": "osm",
    "confidence": "med",
    "notes": ""
   }
  },
  {
   "type": "Feature",
   "geometry": {
    "type": "LineString",
    "coordinates": [
     [
      106.8264793,
      -6.2244595
     ],
     [
      106.8265421,
      -6.2244785
     ],
     [
      106.8266038,
      -6.2244996
     ]
    ]
   },
   "properties": {
    "id": "osm-way-832117704",
    "street_name": "",
    "side": "n-a",
    "kind": "crossing",
    "level": 0,
    "has_sidewalk": "unknown",
    "width_m": null,
    "surface": "unknown",
    "obstruction": null,
    "obstruction_types": [],
    "kerb_ramp": null,
    "lit": null,
    "eyes_on_street": null,
    "crossing_spacing_m": null,
    "shade": null,
    "shade_modeled": null,
    "drainage": null,
    "length_m": 14.468803242293934,
    "source": "osm",
    "confidence": "med",
    "notes": ""
   }
  },
  {
   "type": "Feature",
   "geometry": {
    "type": "LineString",
    "coordinates": [
     [
      106.8268989,
      -6.2245946
     ],
     [
      106.8269162,
      -6.2245405
     ],
     [
      106.8269287,
      -6.2245012
     ]
    ]
   },
   "properties": {
    "id": "osm-way-832117705",
    "street_name": "",
    "side": "n-a",
    "kind": "crossing",
    "level": 0,
    "has_sidewalk": "unknown",
    "width_m": null,
    "surface": "unknown",
    "obstruction": null,
    "obstruction_types": [],
    "kerb_ramp": null,
    "lit": null,
    "eyes_on_street": null,
    "crossing_spacing_m": null,
    "shade": null,
    "shade_modeled": null,
    "drainage": null,
    "length_m": 10.895494768555473,
    "source": "osm",
    "confidence": "med",
    "notes": ""
   }
  },
  {
   "type": "Feature",
   "geometry": {
    "type": "LineString",
    "coordinates": [
     [
      106.8269828,
      -6.2243315
     ],
     [
      106.8269922,
      -6.2243019
     ],
     [
      106.8270071,
      -6.2242552
     ]
    ]
   },
   "properties": {
    "id": "osm-way-832117706",
    "street_name": "",
    "side": "n-a",
    "kind": "crossing",
    "level": 0,
    "has_sidewalk": "unknown",
    "width_m": null,
    "surface": "unknown",
    "obstruction": null,
    "obstruction_types": [],
    "kerb_ramp": null,
    "lit": null,
    "eyes_on_street": null,
    "crossing_spacing_m": null,
    "shade": null,
    "shade_modeled": null,
    "drainage": null,
    "length_m": 8.89923606158511,
    "source": "osm",
    "confidence": "med",
    "notes": ""
   }
  },
  {
   "type": "Feature",
   "geometry": {
    "type": "LineString",
    "coordinates": [
     [
      106.8269287,
      -6.2245012
     ],
     [
      106.8269828,
      -6.2243315
     ]
    ]
   },
   "properties": {
    "id": "osm-way-832117707",
    "street_name": "",
    "side": "n-a",
    "kind": "footway",
    "level": 0,
    "has_sidewalk": "unknown",
    "width_m": null,
    "surface": "unknown",
    "obstruction": null,
    "obstruction_types": [],
    "kerb_ramp": null,
    "lit": null,
    "eyes_on_street": null,
    "crossing_spacing_m": null,
    "shade": null,
    "shade_modeled": null,
    "drainage": null,
    "length_m": 19.794725130448587,
    "source": "osm",
    "confidence": "med",
    "notes": ""
   }
  },
  {
   "type": "Feature",
   "geometry": {
    "type": "LineString",
    "coordinates": [
     [
      106.824583,
      -6.2238667
     ],
     [
      106.8245149,
      -6.2238453
     ],
     [
      106.8244778,
      -6.2238309
     ]
    ]
   },
   "properties": {
    "id": "osm-way-832117708",
    "street_name": "",
    "side": "n-a",
    "kind": "crossing",
    "level": 0,
    "has_sidewalk": "unknown",
    "width_m": null,
    "surface": "unknown",
    "obstruction": null,
    "obstruction_types": [],
    "kerb_ramp": null,
    "lit": null,
    "eyes_on_street": null,
    "crossing_spacing_m": null,
    "shade": null,
    "shade_modeled": null,
    "drainage": null,
    "length_m": 12.297410774015928,
    "source": "osm",
    "confidence": "med",
    "notes": ""
   }
  },
  {
   "type": "Feature",
   "geometry": {
    "type": "LineString",
    "coordinates": [
     [
      106.8244778,
      -6.2238309
     ],
     [
      106.8244157,
      -6.2238078
     ],
     [
      106.824347,
      -6.2238069
     ],
     [
      106.8242905,
      -6.2238198
     ],
     [
      106.8242506,
      -6.2237884
     ],
     [
      106.8241717,
      -6.2237451
     ],
     [
      106.8241123,
      -6.2237276
     ]
    ]
   },
   "properties": {
    "id": "osm-way-832117709",
    "street_name": "",
    "side": "n-a",
    "kind": "footway",
    "level": 0,
    "has_sidewalk": "unknown",
    "width_m": null,
    "surface": "unknown",
    "obstruction": null,
    "obstruction_types": [],
    "kerb_ramp": null,
    "lit": null,
    "eyes_on_street": null,
    "crossing_spacing_m": null,
    "shade": null,
    "shade_modeled": null,
    "drainage": null,
    "length_m": 43.768036293148896,
    "source": "osm",
    "confidence": "med",
    "notes": ""
   }
  },
  {
   "type": "Feature",
   "geometry": {
    "type": "LineString",
    "coordinates": [
     [
      106.8244778,
      -6.2238309
     ],
     [
      106.8244723,
      -6.2238668
     ],
     [
      106.8244565,
      -6.2239046
     ],
     [
      106.8244157,
      -6.2239249
     ],
     [
      106.8243675,
      -6.2239212
     ],
     [
      106.8243239,
      -6.2238936
     ],
     [
      106.8243062,
      -6.2238604
     ],
     [
      106.8242905,
      -6.2238198
     ]
    ]
   },
   "properties": {
    "id": "osm-way-832117710",
    "street_name": "",
    "side": "n-a",
    "kind": "footway",
    "level": 0,
    "has_sidewalk": "unknown",
    "width_m": null,
    "surface": "unknown",
    "obstruction": null,
    "obstruction_types": [],
    "kerb_ramp": null,
    "lit": null,
    "eyes_on_street": null,
    "crossing_spacing_m": null,
    "shade": null,
    "shade_modeled": null,
    "drainage": null,
    "length_m": 33.70514618955086,
    "source": "osm",
    "confidence": "med",
    "notes": ""
   }
  },
  {
   "type": "Feature",
   "geometry": {
    "type": "LineString",
    "coordinates": [
     [
      106.824583,
      -6.2238667
     ],
     [
      106.8245484,
      -6.224012
     ],
     [
      106.824481,
      -6.2242215
     ],
     [
      106.824463,
      -6.2244372
     ]
    ]
   },
   "properties": {
    "id": "osm-way-832117711",
    "street_name": "",
    "side": "n-a",
    "kind": "footway",
    "level": 0,
    "has_sidewalk": "unknown",
    "width_m": null,
    "surface": "unknown",
    "obstruction": null,
    "obstruction_types": [],
    "kerb_ramp": null,
    "lit": null,
    "eyes_on_street": null,
    "crossing_spacing_m": null,
    "shade": null,
    "shade_modeled": null,
    "drainage": null,
    "length_m": 65.12801426304627,
    "source": "osm",
    "confidence": "med",
    "notes": ""
   }
  },
  {
   "type": "Feature",
   "geometry": {
    "type": "LineString",
    "coordinates": [
     [
      106.8244417,
      -6.2246202
     ],
     [
      106.824439,
      -6.2247057
     ],
     [
      106.824413,
      -6.2248159
     ],
     [
      106.8244185,
      -6.2251424
     ],
     [
      106.8244254,
      -6.2252211
     ],
     [
      106.8244281,
      -6.2252512
     ],
     [
      106.8250152,
      -6.2252063
     ],
     [
      106.8250269,
      -6.2252201
     ]
    ]
   },
   "properties": {
    "id": "osm-way-832117713",
    "street_name": "",
    "side": "n-a",
    "kind": "footway",
    "level": 0,
    "has_sidewalk": "unknown",
    "width_m": null,
    "surface": "unknown",
    "obstruction": null,
    "obstruction_types": [],
    "kerb_ramp": null,
    "lit": null,
    "eyes_on_street": null,
    "crossing_spacing_m": null,
    "shade": null,
    "shade_modeled": null,
    "drainage": null,
    "length_m": 137.64892687491331,
    "source": "osm",
    "confidence": "med",
    "notes": ""
   }
  },
  {
   "type": "Feature",
   "geometry": {
    "type": "LineString",
    "coordinates": [
     [
      106.824463,
      -6.2244372
     ],
     [
      106.8244328,
      -6.2244835
     ],
     [
      106.8244269,
      -6.2245552
     ],
     [
      106.8244417,
      -6.2246202
     ]
    ]
   },
   "properties": {
    "id": "osm-way-832117714",
    "street_name": "",
    "side": "n-a",
    "kind": "footway",
    "level": 0,
    "has_sidewalk": "unknown",
    "width_m": null,
    "surface": "unknown",
    "obstruction": null,
    "obstruction_types": [],
    "kerb_ramp": null,
    "lit": null,
    "eyes_on_street": null,
    "crossing_spacing_m": null,
    "shade": null,
    "shade_modeled": null,
    "drainage": null,
    "length_m": 21.5457299285945,
    "source": "osm",
    "confidence": "med",
    "notes": ""
   }
  },
  {
   "type": "Feature",
   "geometry": {
    "type": "LineString",
    "coordinates": [
     [
      106.8241123,
      -6.2237276
     ],
     [
      106.8238571,
      -6.2236467
     ],
     [
      106.8236851,
      -6.2235947
     ],
     [
      106.8235364,
      -6.2236004
     ],
     [
      106.8232981,
      -6.2235189
     ],
     [
      106.823242,
      -6.2235007
     ],
     [
      106.822964,
      -6.2234148
     ],
     [
      106.8228326,
      -6.2233486
     ],
     [
      106.8228138,
      -6.2233416
     ],
     [
      106.8226996,
      -6.2232994
     ],
     [
      106.8223544,
      -6.2231672
     ]
    ]
   },
   "properties": {
    "id": "osm-way-832135480",
    "street_name": "",
    "side": "n-a",
    "kind": "footway",
    "level": 0,
    "has_sidewalk": "unknown",
    "width_m": null,
    "surface": "unknown",
    "obstruction": null,
    "obstruction_types": [],
    "kerb_ramp": null,
    "lit": null,
    "eyes_on_street": null,
    "crossing_spacing_m": null,
    "shade": null,
    "shade_modeled": null,
    "drainage": null,
    "length_m": 205.35381606754942,
    "source": "osm",
    "confidence": "med",
    "notes": ""
   }
  },
  {
   "type": "Feature",
   "geometry": {
    "type": "LineString",
    "coordinates": [
     [
      106.8221503,
      -6.2229996
     ],
     [
      106.8220514,
      -6.2229295
     ],
     [
      106.8219709,
      -6.2228724
     ],
     [
      106.8216037,
      -6.2226142
     ],
     [
      106.8212268,
      -6.2222982
     ],
     [
      106.821036,
      -6.222069
     ],
     [
      106.8208637,
      -6.2218599
     ],
     [
      106.820786,
      -6.2217565
     ],
     [
      106.8207141,
      -6.2215939
     ],
     [
      106.820688,
      -6.2215068
     ],
     [
      106.8206747,
      -6.2214724
     ],
     [
      106.8206344,
      -6.2213683
     ],
     [
      106.8206236,
      -6.2213402
     ],
     [
      106.8205582,
      -6.2211711
     ],
     [
      106.8204876,
      -6.2209907
     ],
     [
      106.8204296,
      -6.2209005
     ],
     [
      106.820379,
      -6.2208049
     ],
     [
      106.8201811,
      -6.2204318
     ],
     [
      106.8199517,
      -6.2200285
     ],
     [
      106.8197311,
      -6.2196189
     ],
     [
      106.8196588,
      -6.219479
     ],
     [
      106.819582,
      -6.2192503
     ],
     [
      106.8195657,
      -6.2191687
     ],
     [
      106.8194421,
      -6.2186466
     ],
     [
      106.8194267,
      -6.2185901
     ],
     [
      106.8192918,
      -6.2181223
     ],
     [
      106.8192698,
      -6.2180477
     ],
     [
      106.8192022,
      -6.2178186
     ],
     [
      106.8191291,
      -6.2175966
     ],
     [
      106.8190825,
      -6.2174553
     ],
     [
      106.8190523,
      -6.2173723
     ],
     [
      106.8190329,
      -6.2173188
     ],
     [
      106.8187611,
      -6.2166483
     ],
     [
      106.818741,
      -6.2166009
     ],
     [
      106.8185736,
      -6.2161825
     ],
     [
      106.8185336,
      -6.2161052
     ],
     [
      106.8184128,
      -6.2157429
     ],
     [
      106.8183161,
      -6.2154253
     ],
     [
      106.8182626,
      -6.2153217
     ],
     [
      106.818173,
      -6.2152595
     ]
    ]
   },
   "properties": {
    "id": "osm-way-832135483",
    "street_name": "",
    "side": "n-a",
    "kind": "sidewalk",
    "level": 0,
    "has_sidewalk": "yes",
    "width_m": null,
    "surface": "unknown",
    "obstruction": null,
    "obstruction_types": [],
    "kerb_ramp": null,
    "lit": null,
    "eyes_on_street": null,
    "crossing_spacing_m": null,
    "shade": null,
    "shade_modeled": null,
    "drainage": null,
    "length_m": 989.2907558685356,
    "source": "osm",
    "confidence": "med",
    "notes": ""
   }
  },
  {
   "type": "Feature",
   "geometry": {
    "type": "LineString",
    "coordinates": [
     [
      106.822297,
      -6.2231201
     ],
     [
      106.8222198,
      -6.2230567
     ]
    ]
   },
   "properties": {
    "id": "osm-way-832135484",
    "street_name": "",
    "side": "n-a",
    "kind": "footway",
    "level": 0,
    "has_sidewalk": "unknown",
    "width_m": null,
    "surface": "unknown",
    "obstruction": null,
    "obstruction_types": [],
    "kerb_ramp": null,
    "lit": null,
    "eyes_on_street": null,
    "crossing_spacing_m": null,
    "shade": null,
    "shade_modeled": null,
    "drainage": null,
    "length_m": 11.068989213131418,
    "source": "osm",
    "confidence": "med",
    "notes": ""
   }
  },
  {
   "type": "Feature",
   "geometry": {
    "type": "LineString",
    "coordinates": [
     [
      106.8111687,
      -6.2120301
     ],
     [
      106.8112202,
      -6.212024
     ],
     [
      106.8122441,
      -6.2119174
     ]
    ]
   },
   "properties": {
    "id": "osm-way-880050726",
    "street_name": "Jalan Bendungan Hilir Gang 12",
    "side": "n-a",
    "kind": "footway",
    "level": 0,
    "has_sidewalk": "unknown",
    "width_m": null,
    "surface": "unknown",
    "obstruction": null,
    "obstruction_types": [],
    "kerb_ramp": null,
    "lit": null,
    "eyes_on_street": null,
    "crossing_spacing_m": null,
    "shade": null,
    "shade_modeled": null,
    "drainage": null,
    "length_m": 119.53615580598948,
    "source": "osm",
    "confidence": "med",
    "notes": ""
   }
  },
  {
   "type": "Feature",
   "geometry": {
    "type": "LineString",
    "coordinates": [
     [
      106.8215314,
      -6.2151472
     ],
     [
      106.8216891,
      -6.2152651
     ],
     [
      106.8217347,
      -6.2157284
     ],
     [
      106.8212043,
      -6.2157911
     ],
     [
      106.8212083,
      -6.2158238
     ],
     [
      106.8210527,
      -6.2158438
     ]
    ]
   },
   "properties": {
    "id": "osm-way-894747823",
    "street_name": "",
    "side": "n-a",
    "kind": "footway",
    "level": 0,
    "has_sidewalk": "unknown",
    "width_m": null,
    "surface": "unknown",
    "obstruction": null,
    "obstruction_types": [],
    "kerb_ramp": null,
    "lit": null,
    "eyes_on_street": null,
    "crossing_spacing_m": null,
    "shade": null,
    "shade_modeled": null,
    "drainage": null,
    "length_m": 153.62485731271948,
    "source": "osm",
    "confidence": "med",
    "notes": ""
   }
  },
  {
   "type": "Feature",
   "geometry": {
    "type": "LineString",
    "coordinates": [
     [
      106.813448,
      -6.2067648
     ],
     [
      106.8134557,
      -6.2070214
     ]
    ]
   },
   "properties": {
    "id": "osm-way-895041471",
    "street_name": "",
    "side": "n-a",
    "kind": "footway",
    "level": 0,
    "has_sidewalk": "unknown",
    "width_m": null,
    "surface": "unknown",
    "obstruction": null,
    "obstruction_types": [],
    "kerb_ramp": null,
    "lit": null,
    "eyes_on_street": null,
    "crossing_spacing_m": null,
    "shade": null,
    "shade_modeled": null,
    "drainage": null,
    "length_m": 28.545311534196976,
    "source": "osm",
    "confidence": "med",
    "notes": ""
   }
  },
  {
   "type": "Feature",
   "geometry": {
    "type": "LineString",
    "coordinates": [
     [
      106.8161349,
      -6.1978736
     ],
     [
      106.8161298,
      -6.1979399
     ]
    ]
   },
   "properties": {
    "id": "osm-way-897337625",
    "street_name": "",
    "side": "n-a",
    "kind": "crossing",
    "level": 0,
    "has_sidewalk": "unknown",
    "width_m": null,
    "surface": "unknown",
    "obstruction": null,
    "obstruction_types": [],
    "kerb_ramp": null,
    "lit": null,
    "eyes_on_street": null,
    "crossing_spacing_m": null,
    "shade": null,
    "shade_modeled": null,
    "drainage": null,
    "length_m": 7.393749290247644,
    "source": "osm",
    "confidence": "med",
    "notes": ""
   }
  },
  {
   "type": "Feature",
   "geometry": {
    "type": "LineString",
    "coordinates": [
     [
      106.8203639,
      -6.195281
     ],
     [
      106.8205099,
      -6.1952465
     ],
     [
      106.8206276,
      -6.195218
     ],
     [
      106.8207295,
      -6.1951948
     ],
     [
      106.8208864,
      -6.1951577
     ],
     [
      106.820937,
      -6.1951458
     ],
     [
      106.8210239,
      -6.1951253
     ],
     [
      106.8210742,
      -6.1951134
     ],
     [
      106.8210823,
      -6.1951115
     ]
    ]
   },
   "properties": {
    "id": "osm-way-897341505",
    "street_name": "",
    "side": "n-a",
    "kind": "crossing",
    "level": 0,
    "has_sidewalk": "unknown",
    "width_m": null,
    "surface": "unknown",
    "obstruction": null,
    "obstruction_types": [],
    "kerb_ramp": null,
    "lit": null,
    "eyes_on_street": null,
    "crossing_spacing_m": null,
    "shade": null,
    "shade_modeled": null,
    "drainage": null,
    "length_m": 81.62240091383973,
    "source": "osm",
    "confidence": "med",
    "notes": ""
   }
  },
  {
   "type": "Feature",
   "geometry": {
    "type": "LineString",
    "coordinates": [
     [
      106.8194714,
      -6.2043794
     ],
     [
      106.8194807,
      -6.2043986
     ]
    ]
   },
   "properties": {
    "id": "osm-way-897346469",
    "street_name": "",
    "side": "n-a",
    "kind": "crossing",
    "level": 0,
    "has_sidewalk": "unknown",
    "width_m": null,
    "surface": "unknown",
    "obstruction": null,
    "obstruction_types": [],
    "kerb_ramp": null,
    "lit": null,
    "eyes_on_street": null,
    "crossing_spacing_m": null,
    "shade": null,
    "shade_modeled": null,
    "drainage": null,
    "length_m": 2.3695734606669516,
    "source": "osm",
    "confidence": "med",
    "notes": ""
   }
  },
  {
   "type": "Feature",
   "geometry": {
    "type": "LineString",
    "coordinates": [
     [
      106.8130501,
      -6.22466
     ],
     [
      106.8131438,
      -6.2247846
     ]
    ]
   },
   "properties": {
    "id": "osm-way-897354055",
    "street_name": "",
    "side": "n-a",
    "kind": "crossing",
    "level": 0,
    "has_sidewalk": "unknown",
    "width_m": null,
    "surface": "unknown",
    "obstruction": null,
    "obstruction_types": [],
    "kerb_ramp": null,
    "lit": null,
    "eyes_on_street": null,
    "crossing_spacing_m": null,
    "shade": null,
    "shade_modeled": null,
    "drainage": null,
    "length_m": 17.298453551007466,
    "source": "osm",
    "confidence": "med",
    "notes": ""
   }
  },
  {
   "type": "Feature",
   "geometry": {
    "type": "LineString",
    "coordinates": [
     [
      106.8147978,
      -6.2088623
     ],
     [
      106.8152927,
      -6.2088516
     ],
     [
      106.8153007,
      -6.2088463
     ],
     [
      106.8153074,
      -6.2088423
     ],
     [
      106.8152833,
      -6.2083663
     ],
     [
      106.8152779,
      -6.2080944
     ],
     [
      106.8152753,
      -6.2080824
     ],
     [
      106.8152659,
      -6.2080784
     ],
     [
      106.8142319,
      -6.2081584
     ],
     [
      106.8139744,
      -6.208181
     ],
     [
      106.8139596,
      -6.2081784
     ],
     [
      106.8139449,
      -6.2081597
     ],
     [
      106.8138873,
      -6.2079546
     ]
    ]
   },
   "properties": {
    "id": "osm-way-913157721",
    "street_name": "",
    "side": "n-a",
    "kind": "footway",
    "level": 0,
    "has_sidewalk": "unknown",
    "width_m": null,
    "surface": "unknown",
    "obstruction": null,
    "obstruction_types": [],
    "kerb_ramp": null,
    "lit": null,
    "eyes_on_street": null,
    "crossing_spacing_m": null,
    "shade": null,
    "shade_modeled": null,
    "drainage": null,
    "length_m": 313.5790095930004,
    "source": "osm",
    "confidence": "med",
    "notes": ""
   }
  },
  {
   "type": "Feature",
   "geometry": {
    "type": "LineString",
    "coordinates": [
     [
      106.8141478,
      -6.2079165
     ],
     [
      106.8141434,
      -6.2075491
     ]
    ]
   },
   "properties": {
    "id": "osm-way-913160962",
    "street_name": "",
    "side": "n-a",
    "kind": "footway",
    "level": 0,
    "has_sidewalk": "unknown",
    "width_m": null,
    "surface": "unknown",
    "obstruction": null,
    "obstruction_types": [],
    "kerb_ramp": null,
    "lit": null,
    "eyes_on_street": null,
    "crossing_spacing_m": null,
    "shade": null,
    "shade_modeled": null,
    "drainage": null,
    "length_m": 40.85591137689479,
    "source": "osm",
    "confidence": "med",
    "notes": ""
   }
  },
  {
   "type": "Feature",
   "geometry": {
    "type": "LineString",
    "coordinates": [
     [
      106.8122801,
      -6.2113081
     ],
     [
      106.812302,
      -6.2113081
     ]
    ]
   },
   "properties": {
    "id": "osm-way-936179576",
    "street_name": "Jalan Bendungan Hilir XIV",
    "side": "n-a",
    "kind": "footway",
    "level": 0,
    "has_sidewalk": "unknown",
    "width_m": null,
    "surface": "unknown",
    "obstruction": null,
    "obstruction_types": [],
    "kerb_ramp": null,
    "lit": null,
    "eyes_on_street": null,
    "crossing_spacing_m": null,
    "shade": null,
    "shade_modeled": null,
    "drainage": null,
    "length_m": 2.4208735498192424,
    "source": "osm",
    "confidence": "med",
    "notes": ""
   }
  },
  {
   "type": "Feature",
   "geometry": {
    "type": "LineString",
    "coordinates": [
     [
      106.8112203,
      -6.2123823
     ],
     [
      106.8111343,
      -6.212398
     ]
    ]
   },
   "properties": {
    "id": "osm-way-936209118",
    "street_name": "Jalan Bendungan Hilir Gang 11",
    "side": "n-a",
    "kind": "footway",
    "level": 0,
    "has_sidewalk": "unknown",
    "width_m": null,
    "surface": "unknown",
    "obstruction": null,
    "obstruction_types": [],
    "kerb_ramp": null,
    "lit": null,
    "eyes_on_street": null,
    "crossing_spacing_m": null,
    "shade": null,
    "shade_modeled": null,
    "drainage": null,
    "length_m": 9.665570823066375,
    "source": "osm",
    "confidence": "med",
    "notes": ""
   }
  },
  {
   "type": "Feature",
   "geometry": {
    "type": "LineString",
    "coordinates": [
     [
      106.8111077,
      -6.2120389
     ],
     [
      106.8111687,
      -6.2120301
     ]
    ]
   },
   "properties": {
    "id": "osm-way-936215885",
    "street_name": "Jalan Bendungan Hilir Gang 12",
    "side": "n-a",
    "kind": "footway",
    "level": 0,
    "has_sidewalk": "unknown",
    "width_m": null,
    "surface": "unknown",
    "obstruction": null,
    "obstruction_types": [],
    "kerb_ramp": null,
    "lit": null,
    "eyes_on_street": null,
    "crossing_spacing_m": null,
    "shade": null,
    "shade_modeled": null,
    "drainage": null,
    "length_m": 6.813691569744708,
    "source": "osm",
    "confidence": "med",
    "notes": ""
   }
  },
  {
   "type": "Feature",
   "geometry": {
    "type": "LineString",
    "coordinates": [
     [
      106.8258961,
      -6.2129448
     ],
     [
      106.8259078,
      -6.2127758
     ],
     [
      106.8259173,
      -6.2125726
     ]
    ]
   },
   "properties": {
    "id": "osm-way-944147564",
    "street_name": "Jalan Karet Karya IV BB",
    "side": "n-a",
    "kind": "footway",
    "level": 0,
    "has_sidewalk": "unknown",
    "width_m": null,
    "surface": "unknown",
    "obstruction": null,
    "obstruction_types": [],
    "kerb_ramp": null,
    "lit": null,
    "eyes_on_street": null,
    "crossing_spacing_m": null,
    "shade": null,
    "shade_modeled": null,
    "drainage": null,
    "length_m": 41.45559652556861,
    "source": "osm",
    "confidence": "med",
    "notes": ""
   }
  },
  {
   "type": "Feature",
   "geometry": {
    "type": "LineString",
    "coordinates": [
     [
      106.8125421,
      -6.1992729
     ],
     [
      106.8125837,
      -6.1993056
     ],
     [
      106.8126111,
      -6.1993249
     ],
     [
      106.8126849,
      -6.1993362
     ],
     [
      106.8128634,
      -6.1993311
     ],
     [
      106.8132662,
      -6.1993282
     ],
     [
      106.8134488,
      -6.1993269
     ],
     [
      106.8141568,
      -6.1993124
     ]
    ]
   },
   "properties": {
    "id": "osm-way-948123529",
    "street_name": "Jalan Awaludin II",
    "side": "n-a",
    "kind": "footway",
    "level": 0,
    "has_sidewalk": "unknown",
    "width_m": null,
    "surface": "unknown",
    "obstruction": null,
    "obstruction_types": [],
    "kerb_ramp": null,
    "lit": null,
    "eyes_on_street": null,
    "crossing_spacing_m": null,
    "shade": null,
    "shade_modeled": null,
    "drainage": null,
    "length_m": 180.56617227911244,
    "source": "osm",
    "confidence": "med",
    "notes": ""
   }
  },
  {
   "type": "Feature",
   "geometry": {
    "type": "LineString",
    "coordinates": [
     [
      106.809389,
      -6.2102885
     ],
     [
      106.8092453,
      -6.2103042
     ],
     [
      106.8092416,
      -6.210465
     ],
     [
      106.8092457,
      -6.2107317
     ]
    ]
   },
   "properties": {
    "id": "osm-way-949934769",
    "street_name": "",
    "side": "n-a",
    "kind": "footway",
    "level": 0,
    "has_sidewalk": "unknown",
    "width_m": null,
    "surface": "unknown",
    "obstruction": null,
    "obstruction_types": [],
    "kerb_ramp": null,
    "lit": null,
    "eyes_on_street": null,
    "crossing_spacing_m": null,
    "shade": null,
    "shade_modeled": null,
    "drainage": null,
    "length_m": 63.52455402852591,
    "source": "osm",
    "confidence": "med",
    "notes": ""
   }
  },
  {
   "type": "Feature",
   "geometry": {
    "type": "LineString",
    "coordinates": [
     [
      106.8148004,
      -6.2192354
     ],
     [
      106.814871,
      -6.2191819
     ]
    ]
   },
   "properties": {
    "id": "osm-way-974026507",
    "street_name": "",
    "side": "n-a",
    "kind": "crossing",
    "level": 0,
    "has_sidewalk": "unknown",
    "width_m": null,
    "surface": "unknown",
    "obstruction": null,
    "obstruction_types": [],
    "kerb_ramp": null,
    "lit": null,
    "eyes_on_street": null,
    "crossing_spacing_m": null,
    "shade": null,
    "shade_modeled": null,
    "drainage": null,
    "length_m": 9.81298455901399,
    "source": "osm",
    "confidence": "med",
    "notes": ""
   }
  },
  {
   "type": "Feature",
   "geometry": {
    "type": "LineString",
    "coordinates": [
     [
      106.8137746,
      -6.2014195
     ],
     [
      106.8136653,
      -6.2014195
     ],
     [
      106.8135484,
      -6.2014196
     ],
     [
      106.813543,
      -6.2015361
     ],
     [
      106.8135583,
      -6.2015803
     ],
     [
      106.8135861,
      -6.2016095
     ],
     [
      106.8136375,
      -6.201608
     ]
    ]
   },
   "properties": {
    "id": "osm-way-974531315",
    "street_name": "",
    "side": "n-a",
    "kind": "footway",
    "level": 0,
    "has_sidewalk": "unknown",
    "width_m": null,
    "surface": "unknown",
    "obstruction": null,
    "obstruction_types": [],
    "kerb_ramp": null,
    "lit": null,
    "eyes_on_street": null,
    "crossing_spacing_m": null,
    "shade": null,
    "shade_modeled": null,
    "drainage": null,
    "length_m": 53.32579840852658,
    "source": "osm",
    "confidence": "med",
    "notes": ""
   }
  },
  {
   "type": "Feature",
   "geometry": {
    "type": "LineString",
    "coordinates": [
     [
      106.8136929,
      -6.2045575
     ],
     [
      106.8136969,
      -6.2033696
     ],
     [
      106.8136992,
      -6.2027049
     ]
    ]
   },
   "properties": {
    "id": "osm-way-974531316",
    "street_name": "",
    "side": "n-a",
    "kind": "footway",
    "level": 0,
    "has_sidewalk": "unknown",
    "width_m": null,
    "surface": "unknown",
    "obstruction": null,
    "obstruction_types": [],
    "kerb_ramp": null,
    "lit": null,
    "eyes_on_street": null,
    "crossing_spacing_m": null,
    "shade": null,
    "shade_modeled": null,
    "drainage": null,
    "length_m": 206.00089850836898,
    "source": "osm",
    "confidence": "med",
    "notes": ""
   }
  },
  {
   "type": "Feature",
   "geometry": {
    "type": "LineString",
    "coordinates": [
     [
      106.8112879,
      -6.2071425
     ],
     [
      106.8113261,
      -6.2070862
     ],
     [
      106.8114337,
      -6.2069631
     ]
    ]
   },
   "properties": {
    "id": "osm-way-974939033",
    "street_name": "",
    "side": "n-a",
    "kind": "footway",
    "level": 0,
    "has_sidewalk": "unknown",
    "width_m": null,
    "surface": "unknown",
    "obstruction": null,
    "obstruction_types": [],
    "kerb_ramp": null,
    "lit": null,
    "eyes_on_street": null,
    "crossing_spacing_m": null,
    "shade": null,
    "shade_modeled": null,
    "drainage": null,
    "length_m": 25.685319622268537,
    "source": "osm",
    "confidence": "med",
    "notes": ""
   }
  },
  {
   "type": "Feature",
   "geometry": {
    "type": "LineString",
    "coordinates": [
     [
      106.8189508,
      -6.2096097
     ],
     [
      106.8189368,
      -6.2092759
     ]
    ]
   },
   "properties": {
    "id": "osm-way-985429881",
    "street_name": "",
    "side": "n-a",
    "kind": "footway",
    "level": 0,
    "has_sidewalk": "unknown",
    "width_m": null,
    "surface": "unknown",
    "obstruction": null,
    "obstruction_types": [],
    "kerb_ramp": null,
    "lit": null,
    "eyes_on_street": null,
    "crossing_spacing_m": null,
    "shade": null,
    "shade_modeled": null,
    "drainage": null,
    "length_m": 37.14911617818958,
    "source": "osm",
    "confidence": "med",
    "notes": ""
   }
  },
  {
   "type": "Feature",
   "geometry": {
    "type": "LineString",
    "coordinates": [
     [
      106.8222198,
      -6.2230567
     ],
     [
      106.8221897,
      -6.2230287
     ],
     [
      106.8221503,
      -6.2229996
     ]
    ]
   },
   "properties": {
    "id": "osm-way-997353954",
    "street_name": "",
    "side": "n-a",
    "kind": "crossing",
    "level": 0,
    "has_sidewalk": "unknown",
    "width_m": null,
    "surface": "unknown",
    "obstruction": null,
    "obstruction_types": [],
    "kerb_ramp": null,
    "lit": null,
    "eyes_on_street": null,
    "crossing_spacing_m": null,
    "shade": null,
    "shade_modeled": null,
    "drainage": null,
    "length_m": 9.982503637915347,
    "source": "osm",
    "confidence": "med",
    "notes": ""
   }
  },
  {
   "type": "Feature",
   "geometry": {
    "type": "LineString",
    "coordinates": [
     [
      106.8223544,
      -6.2231672
     ],
     [
      106.8223215,
      -6.2231384
     ],
     [
      106.822297,
      -6.2231201
     ]
    ]
   },
   "properties": {
    "id": "osm-way-997353955",
    "street_name": "",
    "side": "n-a",
    "kind": "crossing",
    "level": 0,
    "has_sidewalk": "unknown",
    "width_m": null,
    "surface": "unknown",
    "obstruction": null,
    "obstruction_types": [],
    "kerb_ramp": null,
    "lit": null,
    "eyes_on_street": null,
    "crossing_spacing_m": null,
    "shade": null,
    "shade_modeled": null,
    "drainage": null,
    "length_m": 8.233265173970395,
    "source": "osm",
    "confidence": "med",
    "notes": ""
   }
  },
  {
   "type": "Feature",
   "geometry": {
    "type": "LineString",
    "coordinates": [
     [
      106.8106831,
      -6.2211334
     ],
     [
      106.8104754,
      -6.2212974
     ],
     [
      106.8103231,
      -6.2214064
     ],
     [
      106.8101093,
      -6.2215561
     ],
     [
      106.810081,
      -6.2215743
     ],
     [
      106.8099912,
      -6.2216426
     ],
     [
      106.8097337,
      -6.2218549
     ],
     [
      106.8095011,
      -6.2220469
     ],
     [
      106.8095092,
      -6.2220917
     ],
     [
      106.8093439,
      -6.2222295
     ],
     [
      106.8093109,
      -6.2222715
     ],
     [
      106.8093007,
      -6.2223226
     ],
     [
      106.8091959,
      -6.2223178
     ],
     [
      106.8090414,
      -6.2224372
     ],
     [
      106.8088645,
      -6.2225569
     ],
     [
      106.8088485,
      -6.2226022
     ],
     [
      106.8088287,
      -6.2226738
     ],
     [
      106.8087407,
      -6.2226601
     ],
     [
      106.8086481,
      -6.2226751
     ],
     [
      106.8085937,
      -6.2226948
     ],
     [
      106.8085291,
      -6.2227347
     ],
     [
      106.8084755,
      -6.2227679
     ],
     [
      106.8080425,
      -6.2230478
     ],
     [
      106.8077649,
      -6.2232272
     ],
     [
      106.8076503,
      -6.2232993
     ],
     [
      106.8075122,
      -6.2234259
     ],
     [
      106.8074228,
      -6.2234813
     ],
     [
      106.807293,
      -6.2235621
     ],
     [
      106.8068833,
      -6.2238092
     ],
     [
      106.8068389,
      -6.2238385
     ],
     [
      106.8066519,
      -6.2239615
     ],
     [
      106.8063995,
      -6.2241277
     ],
     [
      106.8063119,
      -6.2241895
     ],
     [
      106.8061291,
      -6.2243207
     ],
     [
      106.8061094,
      -6.2243326
     ],
     [
      106.8060974,
      -6.2243184
     ],
     [
      106.8059908,
      -6.2243956
     ],
     [
      106.8059548,
      -6.2244232
     ],
     [
      106.805678,
      -6.2246358
     ],
     [
      106.80569,
      -6.2246519
     ],
     [
      106.8054348,
      -6.2248363
     ],
     [
      106.8053569,
      -6.224894
     ],
     [
      106.8052666,
      -6.2249628
     ]
    ]
   },
   "properties": {
    "id": "osm-way-998288836",
    "street_name": "",
    "side": "n-a",
    "kind": "sidewalk",
    "level": 0,
    "has_sidewalk": "yes",
    "width_m": null,
    "surface": "unknown",
    "obstruction": null,
    "obstruction_types": [],
    "kerb_ramp": null,
    "lit": null,
    "eyes_on_street": null,
    "crossing_spacing_m": null,
    "shade": null,
    "shade_modeled": null,
    "drainage": null,
    "length_m": 753.9372426637888,
    "source": "osm",
    "confidence": "med",
    "notes": ""
   }
  },
  {
   "type": "Feature",
   "geometry": {
    "type": "LineString",
    "coordinates": [
     [
      106.8099686,
      -6.2216746
     ],
     [
      106.8099973,
      -6.2216516
     ]
    ]
   },
   "properties": {
    "id": "osm-way-998288837",
    "street_name": "",
    "side": "n-a",
    "kind": "footway",
    "level": 0,
    "has_sidewalk": "unknown",
    "width_m": null,
    "surface": "unknown",
    "obstruction": null,
    "obstruction_types": [],
    "kerb_ramp": null,
    "lit": null,
    "eyes_on_street": null,
    "crossing_spacing_m": null,
    "shade": null,
    "shade_modeled": null,
    "drainage": null,
    "length_m": 4.074980191387215,
    "source": "osm",
    "confidence": "med",
    "notes": ""
   }
  },
  {
   "type": "Feature",
   "geometry": {
    "type": "LineString",
    "coordinates": [
     [
      106.8099973,
      -6.2216516
     ],
     [
      106.8099912,
      -6.2216426
     ]
    ]
   },
   "properties": {
    "id": "osm-way-998288838",
    "street_name": "",
    "side": "n-a",
    "kind": "footway",
    "level": 0,
    "has_sidewalk": "unknown",
    "width_m": null,
    "surface": "unknown",
    "obstruction": null,
    "obstruction_types": [],
    "kerb_ramp": null,
    "lit": null,
    "eyes_on_street": null,
    "crossing_spacing_m": null,
    "shade": null,
    "shade_modeled": null,
    "drainage": null,
    "length_m": 1.2067235125630906,
    "source": "osm",
    "confidence": "med",
    "notes": ""
   }
  },
  {
   "type": "Feature",
   "geometry": {
    "type": "LineString",
    "coordinates": [
     [
      106.8137648,
      -6.2219433
     ],
     [
      106.8137429,
      -6.2219609
     ]
    ]
   },
   "properties": {
    "id": "osm-way-998288839",
    "street_name": "",
    "side": "n-a",
    "kind": "footway",
    "level": 0,
    "has_sidewalk": "unknown",
    "width_m": null,
    "surface": "unknown",
    "obstruction": null,
    "obstruction_types": [],
    "kerb_ramp": null,
    "lit": null,
    "eyes_on_street": null,
    "crossing_spacing_m": null,
    "shade": null,
    "shade_modeled": null,
    "drainage": null,
    "length_m": 3.1129344292688605,
    "source": "osm",
    "confidence": "med",
    "notes": ""
   }
  },
  {
   "type": "Feature",
   "geometry": {
    "type": "LineString",
    "coordinates": [
     [
      106.813831,
      -6.2209932
     ],
     [
      106.8137062,
      -6.2210864
     ]
    ]
   },
   "properties": {
    "id": "osm-way-998288840",
    "street_name": "",
    "side": "n-a",
    "kind": "footway",
    "level": 0,
    "has_sidewalk": "unknown",
    "width_m": null,
    "surface": "unknown",
    "obstruction": null,
    "obstruction_types": [],
    "kerb_ramp": null,
    "lit": null,
    "eyes_on_street": null,
    "crossing_spacing_m": null,
    "shade": null,
    "shade_modeled": null,
    "drainage": null,
    "length_m": 17.25435173799578,
    "source": "osm",
    "confidence": "med",
    "notes": ""
   }
  },
  {
   "type": "Feature",
   "geometry": {
    "type": "LineString",
    "coordinates": [
     [
      106.8137062,
      -6.2210864
     ],
     [
      106.8136703,
      -6.2210346
     ]
    ]
   },
   "properties": {
    "id": "osm-way-998288841",
    "street_name": "",
    "side": "n-a",
    "kind": "footway",
    "level": 0,
    "has_sidewalk": "unknown",
    "width_m": null,
    "surface": "unknown",
    "obstruction": null,
    "obstruction_types": [],
    "kerb_ramp": null,
    "lit": null,
    "eyes_on_street": null,
    "crossing_spacing_m": null,
    "shade": null,
    "shade_modeled": null,
    "drainage": null,
    "length_m": 6.9946077746663855,
    "source": "osm",
    "confidence": "med",
    "notes": ""
   }
  },
  {
   "type": "Feature",
   "geometry": {
    "type": "LineString",
    "coordinates": [
     [
      106.8208895,
      -6.1956522
     ],
     [
      106.8208002,
      -6.1957035
     ],
     [
      106.8207074,
      -6.1957502
     ],
     [
      106.8205848,
      -6.1958113
     ],
     [
      106.8204986,
      -6.1958373
     ]
    ]
   },
   "properties": {
    "id": "osm-way-1005518733",
    "street_name": "Jalan Teluk Betung",
    "side": "n-a",
    "kind": "footway",
    "level": 0,
    "has_sidewalk": "unknown",
    "width_m": null,
    "surface": "unknown",
    "obstruction": null,
    "obstruction_types": [],
    "kerb_ramp": null,
    "lit": null,
    "eyes_on_street": null,
    "crossing_spacing_m": null,
    "shade": null,
    "shade_modeled": null,
    "drainage": null,
    "length_m": 48.01768758691261,
    "source": "osm",
    "confidence": "med",
    "notes": ""
   }
  },
  {
   "type": "Feature",
   "geometry": {
    "type": "LineString",
    "coordinates": [
     [
      106.8198613,
      -6.2131764
     ],
     [
      106.8198844,
      -6.2131911
     ]
    ]
   },
   "properties": {
    "id": "osm-way-1015511828",
    "street_name": "",
    "side": "n-a",
    "kind": "footway",
    "level": 0,
    "has_sidewalk": "unknown",
    "width_m": null,
    "surface": "unknown",
    "obstruction": null,
    "obstruction_types": [],
    "kerb_ramp": null,
    "lit": null,
    "eyes_on_street": null,
    "crossing_spacing_m": null,
    "shade": null,
    "shade_modeled": null,
    "drainage": null,
    "length_m": 3.0318712483950128,
    "source": "osm",
    "confidence": "med",
    "notes": ""
   }
  },
  {
   "type": "Feature",
   "geometry": {
    "type": "LineString",
    "coordinates": [
     [
      106.8136375,
      -6.201608
     ],
     [
      106.8136359,
      -6.2016611
     ]
    ]
   },
   "properties": {
    "id": "osm-way-1051497233",
    "street_name": "",
    "side": "n-a",
    "kind": "footway",
    "level": 0,
    "has_sidewalk": "unknown",
    "width_m": null,
    "surface": "unknown",
    "obstruction": null,
    "obstruction_types": [],
    "kerb_ramp": null,
    "lit": null,
    "eyes_on_street": null,
    "crossing_spacing_m": null,
    "shade": null,
    "shade_modeled": null,
    "drainage": null,
    "length_m": 5.907099135524192,
    "source": "osm",
    "confidence": "med",
    "notes": ""
   }
  },
  {
   "type": "Feature",
   "geometry": {
    "type": "LineString",
    "coordinates": [
     [
      106.8187836,
      -6.2003875
     ],
     [
      106.8182709,
      -6.2003508
     ]
    ]
   },
   "properties": {
    "id": "osm-way-1055003693",
    "street_name": "Jalan Martapura I",
    "side": "n-a",
    "kind": "footway",
    "level": 0,
    "has_sidewalk": "unknown",
    "width_m": null,
    "surface": "unknown",
    "obstruction": null,
    "obstruction_types": [],
    "kerb_ramp": null,
    "lit": null,
    "eyes_on_street": null,
    "crossing_spacing_m": null,
    "shade": null,
    "shade_modeled": null,
    "drainage": null,
    "length_m": 56.82287475985152,
    "source": "osm",
    "confidence": "med",
    "notes": ""
   }
  },
  {
   "type": "Feature",
   "geometry": {
    "type": "LineString",
    "coordinates": [
     [
      106.8261537,
      -6.2266473
     ],
     [
      106.8262926,
      -6.2265325
     ],
     [
      106.8263084,
      -6.2264336
     ],
     [
      106.8263203,
      -6.2262584
     ],
     [
      106.8263129,
      -6.2261194
     ],
     [
      106.8262955,
      -6.22604
     ],
     [
      106.8262878,
      -6.2258831
     ],
     [
      106.8262988,
      -6.2255582
     ],
     [
      106.8263175,
      -6.2252523
     ],
     [
      106.8264835,
      -6.2250443
     ],
     [
      106.8264955,
      -6.2250221
     ],
     [
      106.8265669,
      -6.2249045
     ],
     [
      106.8267515,
      -6.2245456
     ]
    ]
   },
   "properties": {
    "id": "osm-way-1066283734",
    "street_name": "",
    "side": "n-a",
    "kind": "footway",
    "level": 0,
    "has_sidewalk": "unknown",
    "width_m": null,
    "surface": "unknown",
    "obstruction": null,
    "obstruction_types": [],
    "kerb_ramp": null,
    "lit": null,
    "eyes_on_street": null,
    "crossing_spacing_m": null,
    "shade": null,
    "shade_modeled": null,
    "drainage": null,
    "length_m": 255.25551718043275,
    "source": "osm",
    "confidence": "med",
    "notes": ""
   }
  },
  {
   "type": "Feature",
   "geometry": {
    "type": "LineString",
    "coordinates": [
     [
      106.8245834,
      -6.2198368
     ],
     [
      106.8240213,
      -6.2198332
     ],
     [
      106.8237104,
      -6.2197839
     ]
    ]
   },
   "properties": {
    "id": "osm-way-1082611436",
    "street_name": "Jalan Haji Sidik",
    "side": "n-a",
    "kind": "footway",
    "level": 0,
    "has_sidewalk": "unknown",
    "width_m": null,
    "surface": "unknown",
    "obstruction": null,
    "obstruction_types": [],
    "kerb_ramp": null,
    "lit": null,
    "eyes_on_street": null,
    "crossing_spacing_m": null,
    "shade": null,
    "shade_modeled": null,
    "drainage": null,
    "length_m": 96.93750830034918,
    "source": "osm",
    "confidence": "med",
    "notes": ""
   }
  },
  {
   "type": "Feature",
   "geometry": {
    "type": "LineString",
    "coordinates": [
     [
      106.8245834,
      -6.2198368
     ],
     [
      106.824624,
      -6.2199937
     ]
    ]
   },
   "properties": {
    "id": "osm-way-1082611437",
    "street_name": "Jalan Blumbang",
    "side": "n-a",
    "kind": "footway",
    "level": 0,
    "has_sidewalk": "unknown",
    "width_m": null,
    "surface": "unknown",
    "obstruction": null,
    "obstruction_types": [],
    "kerb_ramp": null,
    "lit": null,
    "eyes_on_street": null,
    "crossing_spacing_m": null,
    "shade": null,
    "shade_modeled": null,
    "drainage": null,
    "length_m": 18.014477445389957,
    "source": "osm",
    "confidence": "med",
    "notes": ""
   }
  },
  {
   "type": "Feature",
   "geometry": {
    "type": "LineString",
    "coordinates": [
     [
      106.8171106,
      -6.198959
     ],
     [
      106.8171727,
      -6.198959
     ],
     [
      106.8176181,
      -6.1989922
     ]
    ]
   },
   "properties": {
    "id": "osm-way-1082824153",
    "street_name": "Jalan Dukuh Pinggir IV",
    "side": "n-a",
    "kind": "footway",
    "level": 0,
    "has_sidewalk": "unknown",
    "width_m": null,
    "surface": "unknown",
    "obstruction": null,
    "obstruction_types": [],
    "kerb_ramp": null,
    "lit": null,
    "eyes_on_street": null,
    "crossing_spacing_m": null,
    "shade": null,
    "shade_modeled": null,
    "drainage": null,
    "length_m": 56.23966838408576,
    "source": "osm",
    "confidence": "med",
    "notes": ""
   }
  },
  {
   "type": "Feature",
   "geometry": {
    "type": "LineString",
    "coordinates": [
     [
      106.8202635,
      -6.1983036
     ],
     [
      106.8202957,
      -6.1988516
     ]
    ]
   },
   "properties": {
    "id": "osm-way-1082831985",
    "street_name": "Jalan Baturaja",
    "side": "n-a",
    "kind": "footway",
    "level": 0,
    "has_sidewalk": "unknown",
    "width_m": null,
    "surface": "unknown",
    "obstruction": null,
    "obstruction_types": [],
    "kerb_ramp": null,
    "lit": null,
    "eyes_on_street": null,
    "crossing_spacing_m": null,
    "shade": null,
    "shade_modeled": null,
    "drainage": null,
    "length_m": 61.03869770062227,
    "source": "osm",
    "confidence": "med",
    "notes": ""
   }
  },
  {
   "type": "Feature",
   "geometry": {
    "type": "LineString",
    "coordinates": [
     [
      106.816493,
      -6.1933172
     ],
     [
      106.8173856,
      -6.1933949
     ]
    ]
   },
   "properties": {
    "id": "osm-way-1083073263",
    "street_name": "Gang Kebon Kacang XLIV",
    "side": "n-a",
    "kind": "footway",
    "level": 0,
    "has_sidewalk": "unknown",
    "width_m": null,
    "surface": "unknown",
    "obstruction": null,
    "obstruction_types": [],
    "kerb_ramp": null,
    "lit": null,
    "eyes_on_street": null,
    "crossing_spacing_m": null,
    "shade": null,
    "shade_modeled": null,
    "drainage": null,
    "length_m": 99.05083258671284,
    "source": "osm",
    "confidence": "med",
    "notes": ""
   }
  },
  {
   "type": "Feature",
   "geometry": {
    "type": "LineString",
    "coordinates": [
     [
      106.8149604,
      -6.1930364
     ],
     [
      106.8150746,
      -6.1931088
     ],
     [
      106.8151037,
      -6.1931272
     ],
     [
      106.8151399,
      -6.1931501
     ],
     [
      106.8154734,
      -6.1933615
     ],
     [
      106.8157421,
      -6.1935138
     ]
    ]
   },
   "properties": {
    "id": "osm-way-1096821892",
    "street_name": "Jalan M. Mashabi",
    "side": "n-a",
    "kind": "sidewalk",
    "level": 0,
    "has_sidewalk": "yes",
    "width_m": null,
    "surface": "unknown",
    "obstruction": null,
    "obstruction_types": [],
    "kerb_ramp": null,
    "lit": null,
    "eyes_on_street": null,
    "crossing_spacing_m": null,
    "shade": null,
    "shade_modeled": null,
    "drainage": null,
    "length_m": 101.44404723901707,
    "source": "osm",
    "confidence": "med",
    "notes": ""
   }
  },
  {
   "type": "Feature",
   "geometry": {
    "type": "LineString",
    "coordinates": [
     [
      106.8233782,
      -6.2001295
     ],
     [
      106.8233611,
      -6.2001301
     ],
     [
      106.8233411,
      -6.2001307
     ],
     [
      106.8232829,
      -6.2001327
     ]
    ]
   },
   "properties": {
    "id": "osm-way-1100713151",
    "street_name": "",
    "side": "n-a",
    "kind": "footway",
    "level": 0,
    "has_sidewalk": "unknown",
    "width_m": null,
    "surface": "unknown",
    "obstruction": null,
    "obstruction_types": [],
    "kerb_ramp": null,
    "lit": null,
    "eyes_on_street": null,
    "crossing_spacing_m": null,
    "shade": null,
    "shade_modeled": null,
    "drainage": null,
    "length_m": 10.540918250009167,
    "source": "osm",
    "confidence": "med",
    "notes": ""
   }
  },
  {
   "type": "Feature",
   "geometry": {
    "type": "LineString",
    "coordinates": [
     [
      106.823425,
      -6.199968
     ],
     [
      106.8233782,
      -6.1999696
     ],
     [
      106.8233782,
      -6.2001295
     ],
     [
      106.8233795,
      -6.2003308
     ],
     [
      106.8234361,
      -6.2003265
     ]
    ]
   },
   "properties": {
    "id": "osm-way-1100713152",
    "street_name": "",
    "side": "n-a",
    "kind": "footway",
    "level": 0,
    "has_sidewalk": "unknown",
    "width_m": null,
    "surface": "unknown",
    "obstruction": null,
    "obstruction_types": [],
    "kerb_ramp": null,
    "lit": null,
    "eyes_on_street": null,
    "crossing_spacing_m": null,
    "shade": null,
    "shade_modeled": null,
    "drainage": null,
    "length_m": 51.615672010917685,
    "source": "osm",
    "confidence": "med",
    "notes": ""
   }
  },
  {
   "type": "Feature",
   "geometry": {
    "type": "LineString",
    "coordinates": [
     [
      106.8177541,
      -6.202184
     ],
     [
      106.817777,
      -6.2023372
     ],
     [
      106.8177998,
      -6.2023795
     ],
     [
      106.8178469,
      -6.2024102
     ],
     [
      106.817898,
      -6.2024187
     ],
     [
      106.8180145,
      -6.202402
     ],
     [
      106.8180523,
      -6.2023702
     ],
     [
      106.8180735,
      -6.2023309
     ],
     [
      106.8180674,
      -6.202238
     ],
     [
      106.8180864,
      -6.2021885
     ],
     [
      106.8181235,
      -6.2021618
     ],
     [
      106.8181531,
      -6.2021618
     ],
     [
      106.8181776,
      -6.2021682
     ]
    ]
   },
   "properties": {
    "id": "osm-way-1101674519",
    "street_name": "",
    "side": "n-a",
    "kind": "sidewalk",
    "level": 0,
    "has_sidewalk": "yes",
    "width_m": null,
    "surface": "unknown",
    "obstruction": null,
    "obstruction_types": [],
    "kerb_ramp": null,
    "lit": null,
    "eyes_on_street": null,
    "crossing_spacing_m": null,
    "shade": null,
    "shade_modeled": null,
    "drainage": null,
    "length_m": 85.33448319599414,
    "source": "osm",
    "confidence": "med",
    "notes": ""
   }
  },
  {
   "type": "Feature",
   "geometry": {
    "type": "LineString",
    "coordinates": [
     [
      106.8084893,
      -6.2139947
     ],
     [
      106.8085642,
      -6.2140916
     ]
    ]
   },
   "properties": {
    "id": "osm-way-1103268268",
    "street_name": "",
    "side": "n-a",
    "kind": "footway",
    "level": 0,
    "has_sidewalk": "unknown",
    "width_m": null,
    "surface": "unknown",
    "obstruction": null,
    "obstruction_types": [],
    "kerb_ramp": null,
    "lit": null,
    "eyes_on_street": null,
    "crossing_spacing_m": null,
    "shade": null,
    "shade_modeled": null,
    "drainage": null,
    "length_m": 13.588497762125083,
    "source": "osm",
    "confidence": "med",
    "notes": ""
   }
  },
  {
   "type": "Feature",
   "geometry": {
    "type": "LineString",
    "coordinates": [
     [
      106.8136175,
      -6.2216501
     ],
     [
      106.8139373,
      -6.2214232
     ],
     [
      106.8140396,
      -6.2213512
     ]
    ]
   },
   "properties": {
    "id": "osm-way-1103268270",
    "street_name": "",
    "side": "n-a",
    "kind": "footway",
    "level": 0,
    "has_sidewalk": "unknown",
    "width_m": null,
    "surface": "unknown",
    "obstruction": null,
    "obstruction_types": [],
    "kerb_ramp": null,
    "lit": null,
    "eyes_on_street": null,
    "crossing_spacing_m": null,
    "shade": null,
    "shade_modeled": null,
    "drainage": null,
    "length_m": 57.28619866718098,
    "source": "osm",
    "confidence": "med",
    "notes": ""
   }
  },
  {
   "type": "Feature",
   "geometry": {
    "type": "LineString",
    "coordinates": [
     [
      106.8125597,
      -6.217907
     ],
     [
      106.8125607,
      -6.2178891
     ]
    ]
   },
   "properties": {
    "id": "osm-way-1103319817",
    "street_name": "",
    "side": "n-a",
    "kind": "footway",
    "level": 0,
    "has_sidewalk": "unknown",
    "width_m": null,
    "surface": "unknown",
    "obstruction": null,
    "obstruction_types": [],
    "kerb_ramp": null,
    "lit": null,
    "eyes_on_street": null,
    "crossing_spacing_m": null,
    "shade": null,
    "shade_modeled": null,
    "drainage": null,
    "length_m": 1.9934563905903906,
    "source": "osm",
    "confidence": "med",
    "notes": ""
   }
  },
  {
   "type": "Feature",
   "geometry": {
    "type": "LineString",
    "coordinates": [
     [
      106.819074,
      -6.2175368
     ],
     [
      106.819091,
      -6.2175312
     ]
    ]
   },
   "properties": {
    "id": "osm-way-1107199745",
    "street_name": "",
    "side": "n-a",
    "kind": "footway",
    "level": 0,
    "has_sidewalk": "unknown",
    "width_m": null,
    "surface": "unknown",
    "obstruction": null,
    "obstruction_types": [],
    "kerb_ramp": null,
    "lit": null,
    "eyes_on_street": null,
    "crossing_spacing_m": null,
    "shade": null,
    "shade_modeled": null,
    "drainage": null,
    "length_m": 1.9796760962252908,
    "source": "osm",
    "confidence": "med",
    "notes": ""
   }
  },
  {
   "type": "Feature",
   "geometry": {
    "type": "LineString",
    "coordinates": [
     [
      106.8191291,
      -6.2175966
     ],
     [
      106.8190972,
      -6.2176077
     ]
    ]
   },
   "properties": {
    "id": "osm-way-1107199746",
    "street_name": "",
    "side": "n-a",
    "kind": "footway",
    "level": 0,
    "has_sidewalk": "unknown",
    "width_m": null,
    "surface": "unknown",
    "obstruction": null,
    "obstruction_types": [],
    "kerb_ramp": null,
    "lit": null,
    "eyes_on_street": null,
    "crossing_spacing_m": null,
    "shade": null,
    "shade_modeled": null,
    "drainage": null,
    "length_m": 3.7360229699915393,
    "source": "osm",
    "confidence": "med",
    "notes": ""
   }
  },
  {
   "type": "Feature",
   "geometry": {
    "type": "LineString",
    "coordinates": [
     [
      106.8199517,
      -6.2200285
     ],
     [
      106.8199966,
      -6.2200121
     ],
     [
      106.8202,
      -6.2199321
     ]
    ]
   },
   "properties": {
    "id": "osm-way-1107223313",
    "street_name": "",
    "side": "n-a",
    "kind": "crossing",
    "level": 0,
    "has_sidewalk": "unknown",
    "width_m": null,
    "surface": "unknown",
    "obstruction": null,
    "obstruction_types": [],
    "kerb_ramp": null,
    "lit": null,
    "eyes_on_street": null,
    "crossing_spacing_m": null,
    "shade": null,
    "shade_modeled": null,
    "drainage": null,
    "length_m": 29.467367012465417,
    "source": "osm",
    "confidence": "med",
    "notes": ""
   }
  },
  {
   "type": "Feature",
   "geometry": {
    "type": "LineString",
    "coordinates": [
     [
      106.8136646,
      -6.2012194
     ],
     [
      106.8136669,
      -6.201375
     ],
     [
      106.8136653,
      -6.2014195
     ]
    ]
   },
   "properties": {
    "id": "osm-way-1107835118",
    "street_name": "",
    "side": "n-a",
    "kind": "footway",
    "level": 0,
    "has_sidewalk": "unknown",
    "width_m": null,
    "surface": "unknown",
    "obstruction": null,
    "obstruction_types": [],
    "kerb_ramp": null,
    "lit": null,
    "eyes_on_street": null,
    "crossing_spacing_m": null,
    "shade": null,
    "shade_modeled": null,
    "drainage": null,
    "length_m": 22.255132919786767,
    "source": "osm",
    "confidence": "med",
    "notes": ""
   }
  },
  {
   "type": "Feature",
   "geometry": {
    "type": "LineString",
    "coordinates": [
     [
      106.8082682,
      -6.2015227
     ],
     [
      106.8082613,
      -6.2014337
     ]
    ]
   },
   "properties": {
    "id": "osm-way-1107846469",
    "street_name": "",
    "side": "n-a",
    "kind": "crossing",
    "level": 0,
    "has_sidewalk": "unknown",
    "width_m": null,
    "surface": "unknown",
    "obstruction": null,
    "obstruction_types": [],
    "kerb_ramp": null,
    "lit": null,
    "eyes_on_street": null,
    "crossing_spacing_m": null,
    "shade": null,
    "shade_modeled": null,
    "drainage": null,
    "length_m": 9.925699400151325,
    "source": "osm",
    "confidence": "med",
    "notes": ""
   }
  },
  {
   "type": "Feature",
   "geometry": {
    "type": "LineString",
    "coordinates": [
     [
      106.8122278,
      -6.2012128
     ],
     [
      106.81223,
      -6.2013032
     ]
    ]
   },
   "properties": {
    "id": "osm-way-1107846473",
    "street_name": "",
    "side": "n-a",
    "kind": "crossing",
    "level": 0,
    "has_sidewalk": "unknown",
    "width_m": null,
    "surface": "unknown",
    "obstruction": null,
    "obstruction_types": [],
    "kerb_ramp": null,
    "lit": null,
    "eyes_on_street": null,
    "crossing_spacing_m": null,
    "shade": null,
    "shade_modeled": null,
    "drainage": null,
    "length_m": 10.054962882982087,
    "source": "osm",
    "confidence": "med",
    "notes": ""
   }
  },
  {
   "type": "Feature",
   "geometry": {
    "type": "LineString",
    "coordinates": [
     [
      106.8142816,
      -6.1970896
     ],
     [
      106.8144065,
      -6.1970904
     ]
    ]
   },
   "properties": {
    "id": "osm-way-1108631481",
    "street_name": "",
    "side": "n-a",
    "kind": "crossing",
    "level": 0,
    "has_sidewalk": "unknown",
    "width_m": null,
    "surface": "unknown",
    "obstruction": null,
    "obstruction_types": [],
    "kerb_ramp": null,
    "lit": null,
    "eyes_on_street": null,
    "crossing_spacing_m": null,
    "shade": null,
    "shade_modeled": null,
    "drainage": null,
    "length_m": 13.807376205059446,
    "source": "osm",
    "confidence": "med",
    "notes": ""
   }
  },
  {
   "type": "Feature",
   "geometry": {
    "type": "LineString",
    "coordinates": [
     [
      106.814395,
      -6.1943352
     ],
     [
      106.8145189,
      -6.1943351
     ]
    ]
   },
   "properties": {
    "id": "osm-way-1108631484",
    "street_name": "",
    "side": "n-a",
    "kind": "crossing",
    "level": 0,
    "has_sidewalk": "unknown",
    "width_m": null,
    "surface": "unknown",
    "obstruction": null,
    "obstruction_types": [],
    "kerb_ramp": null,
    "lit": null,
    "eyes_on_street": null,
    "crossing_spacing_m": null,
    "shade": null,
    "shade_modeled": null,
    "drainage": null,
    "length_m": 13.69662049642506,
    "source": "osm",
    "confidence": "med",
    "notes": ""
   }
  },
  {
   "type": "Feature",
   "geometry": {
    "type": "LineString",
    "coordinates": [
     [
      106.8098151,
      -6.2214554
     ],
     [
      106.809801,
      -6.2214662
     ]
    ]
   },
   "properties": {
    "id": "osm-way-1109654748",
    "street_name": "",
    "side": "n-a",
    "kind": "footway",
    "level": 0,
    "has_sidewalk": "unknown",
    "width_m": null,
    "surface": "unknown",
    "obstruction": null,
    "obstruction_types": [],
    "kerb_ramp": null,
    "lit": null,
    "eyes_on_street": null,
    "crossing_spacing_m": null,
    "shade": null,
    "shade_modeled": null,
    "drainage": null,
    "length_m": 1.9676007153105348,
    "source": "osm",
    "confidence": "med",
    "notes": ""
   }
  },
  {
   "type": "Feature",
   "geometry": {
    "type": "LineString",
    "coordinates": [
     [
      106.8194173,
      -6.2175038
     ],
     [
      106.8193796,
      -6.2175162
     ]
    ]
   },
   "properties": {
    "id": "osm-way-1109764144",
    "street_name": "",
    "side": "n-a",
    "kind": "footway",
    "level": 0,
    "has_sidewalk": "unknown",
    "width_m": null,
    "surface": "unknown",
    "obstruction": null,
    "obstruction_types": [],
    "kerb_ramp": null,
    "lit": null,
    "eyes_on_street": null,
    "crossing_spacing_m": null,
    "shade": null,
    "shade_modeled": null,
    "drainage": null,
    "length_m": 4.389565138420841,
    "source": "osm",
    "confidence": "med",
    "notes": ""
   }
  },
  {
   "type": "Feature",
   "geometry": {
    "type": "LineString",
    "coordinates": [
     [
      106.8163592,
      -6.2049624
     ],
     [
      106.8164799,
      -6.2049436
     ]
    ]
   },
   "properties": {
    "id": "osm-way-1109764146",
    "street_name": "",
    "side": "n-a",
    "kind": "footway",
    "level": 0,
    "has_sidewalk": "unknown",
    "width_m": null,
    "surface": "unknown",
    "obstruction": null,
    "obstruction_types": [],
    "kerb_ramp": null,
    "lit": null,
    "eyes_on_street": null,
    "crossing_spacing_m": null,
    "shade": null,
    "shade_modeled": null,
    "drainage": null,
    "length_m": 13.505370974069441,
    "source": "osm",
    "confidence": "med",
    "notes": ""
   }
  },
  {
   "type": "Feature",
   "geometry": {
    "type": "LineString",
    "coordinates": [
     [
      106.8217773,
      -6.207745
     ],
     [
      106.8217166,
      -6.2077318
     ]
    ]
   },
   "properties": {
    "id": "osm-way-1109767082",
    "street_name": "",
    "side": "n-a",
    "kind": "footway",
    "level": 0,
    "has_sidewalk": "unknown",
    "width_m": null,
    "surface": "unknown",
    "obstruction": null,
    "obstruction_types": [],
    "kerb_ramp": null,
    "lit": null,
    "eyes_on_street": null,
    "crossing_spacing_m": null,
    "shade": null,
    "shade_modeled": null,
    "drainage": null,
    "length_m": 6.86861394307759,
    "source": "osm",
    "confidence": "med",
    "notes": ""
   }
  },
  {
   "type": "Feature",
   "geometry": {
    "type": "LineString",
    "coordinates": [
     [
      106.8151445,
      -6.2169006
     ],
     [
      106.8151579,
      -6.2169156
     ]
    ]
   },
   "properties": {
    "id": "osm-way-1109796984",
    "street_name": "",
    "side": "n-a",
    "kind": "footway",
    "level": 0,
    "has_sidewalk": "unknown",
    "width_m": null,
    "surface": "unknown",
    "obstruction": null,
    "obstruction_types": [],
    "kerb_ramp": null,
    "lit": null,
    "eyes_on_street": null,
    "crossing_spacing_m": null,
    "shade": null,
    "shade_modeled": null,
    "drainage": null,
    "length_m": 2.2307105845833055,
    "source": "osm",
    "confidence": "med",
    "notes": ""
   }
  },
  {
   "type": "Feature",
   "geometry": {
    "type": "LineString",
    "coordinates": [
     [
      106.8178109,
      -6.2084843
     ],
     [
      106.8177523,
      -6.2084903
     ],
     [
      106.817698,
      -6.2085083
     ],
     [
      106.8176677,
      -6.2085233
     ]
    ]
   },
   "properties": {
    "id": "osm-way-1111173744",
    "street_name": "Jalan Karet Pasar Baru Timur V",
    "side": "n-a",
    "kind": "sidewalk",
    "level": 0,
    "has_sidewalk": "yes",
    "width_m": null,
    "surface": "unknown",
    "obstruction": null,
    "obstruction_types": [],
    "kerb_ramp": null,
    "lit": null,
    "eyes_on_street": null,
    "crossing_spacing_m": null,
    "shade": null,
    "shade_modeled": null,
    "drainage": null,
    "length_m": 16.581208111010287,
    "source": "osm",
    "confidence": "med",
    "notes": ""
   }
  },
  {
   "type": "Feature",
   "geometry": {
    "type": "LineString",
    "coordinates": [
     [
      106.8204323,
      -6.2086455
     ],
     [
      106.8211781,
      -6.2089702
     ],
     [
      106.8213956,
      -6.2090655
     ],
     [
      106.8214956,
      -6.2091093
     ],
     [
      106.8215556,
      -6.2091356
     ]
    ]
   },
   "properties": {
    "id": "osm-way-1118312620",
    "street_name": "Jalan Karet Pasar Baru Timur V",
    "side": "n-a",
    "kind": "sidewalk",
    "level": 0,
    "has_sidewalk": "yes",
    "width_m": null,
    "surface": "unknown",
    "obstruction": null,
    "obstruction_types": [],
    "kerb_ramp": null,
    "lit": null,
    "eyes_on_street": null,
    "crossing_spacing_m": null,
    "shade": null,
    "shade_modeled": null,
    "drainage": null,
    "length_m": 135.60508090220856,
    "source": "osm",
    "confidence": "med",
    "notes": ""
   }
  },
  {
   "type": "Feature",
   "geometry": {
    "type": "LineString",
    "coordinates": [
     [
      106.8189478,
      -6.2084498
     ],
     [
      106.8192822,
      -6.2084456
     ],
     [
      106.8193685,
      -6.2084486
     ],
     [
      106.8195279,
      -6.2084542
     ],
     [
      106.8195741,
      -6.2084558
     ],
     [
      106.8198431,
      -6.2084803
     ]
    ]
   },
   "properties": {
    "id": "osm-way-1118312621",
    "street_name": "Jalan Karet Pasar Baru Timur V",
    "side": "n-a",
    "kind": "sidewalk",
    "level": 0,
    "has_sidewalk": "yes",
    "width_m": null,
    "surface": "unknown",
    "obstruction": null,
    "obstruction_types": [],
    "kerb_ramp": null,
    "lit": null,
    "eyes_on_street": null,
    "crossing_spacing_m": null,
    "shade": null,
    "shade_modeled": null,
    "drainage": null,
    "length_m": 99.11635193617192,
    "source": "osm",
    "confidence": "med",
    "notes": ""
   }
  },
  {
   "type": "Feature",
   "geometry": {
    "type": "LineString",
    "coordinates": [
     [
      106.8176181,
      -6.1989922
     ],
     [
      106.8177651,
      -6.1990032
     ]
    ]
   },
   "properties": {
    "id": "osm-way-1177453060",
    "street_name": "Jalan Dukuh Pinggir IV",
    "side": "n-a",
    "kind": "footway",
    "level": 0,
    "has_sidewalk": "unknown",
    "width_m": null,
    "surface": "unknown",
    "obstruction": null,
    "obstruction_types": [],
    "kerb_ramp": null,
    "lit": null,
    "eyes_on_street": null,
    "crossing_spacing_m": null,
    "shade": null,
    "shade_modeled": null,
    "drainage": null,
    "length_m": 16.29604681842623,
    "source": "osm",
    "confidence": "med",
    "notes": ""
   }
  },
  {
   "type": "Feature",
   "geometry": {
    "type": "LineString",
    "coordinates": [
     [
      106.8272365,
      -6.202263
     ],
     [
      106.8268944,
      -6.2019345
     ],
     [
      106.8255811,
      -6.2005814
     ]
    ]
   },
   "properties": {
    "id": "osm-way-1188772112",
    "street_name": "Jalan Purworejo",
    "side": "n-a",
    "kind": "sidewalk",
    "level": 0,
    "has_sidewalk": "yes",
    "width_m": null,
    "surface": "unknown",
    "obstruction": null,
    "obstruction_types": [],
    "kerb_ramp": null,
    "lit": null,
    "eyes_on_street": null,
    "crossing_spacing_m": null,
    "shade": null,
    "shade_modeled": null,
    "drainage": null,
    "length_m": 261.6568460362799,
    "source": "osm",
    "confidence": "med",
    "notes": ""
   }
  },
  {
   "type": "Feature",
   "geometry": {
    "type": "LineString",
    "coordinates": [
     [
      106.8232216,
      -6.2021788
     ],
     [
      106.8232321,
      -6.202186
     ],
     [
      106.8232439,
      -6.2021909
     ],
     [
      106.8235812,
      -6.2022826
     ],
     [
      106.8238155,
      -6.2023426
     ]
    ]
   },
   "properties": {
    "id": "osm-way-1204238342",
    "street_name": "Jalan Kendal",
    "side": "n-a",
    "kind": "footway",
    "level": 0,
    "has_sidewalk": "unknown",
    "width_m": null,
    "surface": "unknown",
    "obstruction": null,
    "obstruction_types": [],
    "kerb_ramp": null,
    "lit": null,
    "eyes_on_street": null,
    "crossing_spacing_m": null,
    "shade": null,
    "shade_modeled": null,
    "drainage": null,
    "length_m": 68.22522388262655,
    "source": "osm",
    "confidence": "med",
    "notes": ""
   }
  },
  {
   "type": "Feature",
   "geometry": {
    "type": "LineString",
    "coordinates": [
     [
      106.8233545,
      -6.2013092
     ],
     [
      106.8232009,
      -6.2021219
     ],
     [
      106.8232002,
      -6.202137
     ],
     [
      106.8232021,
      -6.2021482
     ],
     [
      106.8232066,
      -6.2021597
     ],
     [
      106.8232134,
      -6.2021703
     ],
     [
      106.8232216,
      -6.2021788
     ]
    ]
   },
   "properties": {
    "id": "osm-way-1204238343",
    "street_name": "Jalan Blora",
    "side": "n-a",
    "kind": "footway",
    "level": 0,
    "has_sidewalk": "unknown",
    "width_m": null,
    "surface": "unknown",
    "obstruction": null,
    "obstruction_types": [],
    "kerb_ramp": null,
    "lit": null,
    "eyes_on_street": null,
    "crossing_spacing_m": null,
    "shade": null,
    "shade_modeled": null,
    "drainage": null,
    "length_m": 98.97288860698973,
    "source": "osm",
    "confidence": "med",
    "notes": ""
   }
  },
  {
   "type": "Feature",
   "geometry": {
    "type": "LineString",
    "coordinates": [
     [
      106.8250483,
      -6.202734
     ],
     [
      106.8254727,
      -6.202837
     ]
    ]
   },
   "properties": {
    "id": "osm-way-1204238351",
    "street_name": "",
    "side": "n-a",
    "kind": "footway",
    "level": 0,
    "has_sidewalk": "unknown",
    "width_m": null,
    "surface": "unknown",
    "obstruction": null,
    "obstruction_types": [],
    "kerb_ramp": null,
    "lit": null,
    "eyes_on_street": null,
    "crossing_spacing_m": null,
    "shade": null,
    "shade_modeled": null,
    "drainage": null,
    "length_m": 48.29261576214389,
    "source": "osm",
    "confidence": "med",
    "notes": ""
   }
  },
  {
   "type": "Feature",
   "geometry": {
    "type": "LineString",
    "coordinates": [
     [
      106.8232216,
      -6.2021788
     ],
     [
      106.8232059,
      -6.2022455
     ],
     [
      106.8232633,
      -6.2022599
     ],
     [
      106.823439,
      -6.2023014
     ],
     [
      106.8234286,
      -6.2023397
     ]
    ]
   },
   "properties": {
    "id": "osm-way-1204238352",
    "street_name": "",
    "side": "n-a",
    "kind": "footway",
    "level": 0,
    "has_sidewalk": "unknown",
    "width_m": null,
    "surface": "unknown",
    "obstruction": null,
    "obstruction_types": [],
    "kerb_ramp": null,
    "lit": null,
    "eyes_on_street": null,
    "crossing_spacing_m": null,
    "shade": null,
    "shade_modeled": null,
    "drainage": null,
    "length_m": 38.53566776205254,
    "source": "osm",
    "confidence": "med",
    "notes": ""
   }
  },
  {
   "type": "Feature",
   "geometry": {
    "type": "LineString",
    "coordinates": [
     [
      106.8229599,
      -6.1995747
     ],
     [
      106.8229714,
      -6.1995546
     ],
     [
      106.8229749,
      -6.1994838
     ],
     [
      106.8229723,
      -6.1993538
     ],
     [
      106.8229641,
      -6.1989812
     ],
     [
      106.8229632,
      -6.1988977
     ],
     [
      106.8229563,
      -6.1987032
     ]
    ]
   },
   "properties": {
    "id": "osm-way-1214084107",
    "street_name": "",
    "side": "n-a",
    "kind": "sidewalk",
    "level": 0,
    "has_sidewalk": "yes",
    "width_m": null,
    "surface": "unknown",
    "obstruction": null,
    "obstruction_types": [],
    "kerb_ramp": null,
    "lit": null,
    "eyes_on_street": null,
    "crossing_spacing_m": null,
    "shade": null,
    "shade_modeled": null,
    "drainage": null,
    "length_m": 97.27888112535553,
    "source": "osm",
    "confidence": "med",
    "notes": ""
   }
  },
  {
   "type": "Feature",
   "geometry": {
    "type": "LineString",
    "coordinates": [
     [
      106.8229352,
      -6.1977646
     ],
     [
      106.8229463,
      -6.1977538
     ],
     [
      106.822943,
      -6.1976896
     ],
     [
      106.822939,
      -6.1976203
     ]
    ]
   },
   "properties": {
    "id": "osm-way-1214084108",
    "street_name": "",
    "side": "n-a",
    "kind": "footway",
    "level": 0,
    "has_sidewalk": "unknown",
    "width_m": null,
    "surface": "unknown",
    "obstruction": null,
    "obstruction_types": [],
    "kerb_ramp": null,
    "lit": null,
    "eyes_on_street": null,
    "crossing_spacing_m": null,
    "shade": null,
    "shade_modeled": null,
    "drainage": null,
    "length_m": 16.58343668757594,
    "source": "osm",
    "confidence": "med",
    "notes": ""
   }
  },
  {
   "type": "Feature",
   "geometry": {
    "type": "LineString",
    "coordinates": [
     [
      106.8234544,
      -6.1976913
     ],
     [
      106.8234046,
      -6.1976466
     ],
     [
      106.8233212,
      -6.1975795
     ],
     [
      106.8233128,
      -6.1975796
     ],
     [
      106.823304,
      -6.1975798
     ],
     [
      106.8232299,
      -6.197581
     ],
     [
      106.8231616,
      -6.1975824
     ],
     [
      106.8231212,
      -6.1975833
     ],
     [
      106.8231236,
      -6.1976889
     ],
     [
      106.8230975,
      -6.197689
     ],
     [
      106.8230317,
      -6.1976894
     ],
     [
      106.8229934,
      -6.1976895
     ],
     [
      106.822943,
      -6.1976896
     ]
    ]
   },
   "properties": {
    "id": "osm-way-1214084109",
    "street_name": "",
    "side": "n-a",
    "kind": "crossing",
    "level": 0,
    "has_sidewalk": "unknown",
    "width_m": null,
    "surface": "unknown",
    "obstruction": null,
    "obstruction_types": [],
    "kerb_ramp": null,
    "lit": null,
    "eyes_on_street": null,
    "crossing_spacing_m": null,
    "shade": null,
    "shade_modeled": null,
    "drainage": null,
    "length_m": 73.10025674209139,
    "source": "osm",
    "confidence": "med",
    "notes": ""
   }
  },
  {
   "type": "Feature",
   "geometry": {
    "type": "LineString",
    "coordinates": [
     [
      106.8167221,
      -6.2160697
     ],
     [
      106.816556,
      -6.2162021
     ],
     [
      106.8153907,
      -6.2171304
     ],
     [
      106.8152169,
      -6.2172699
     ],
     [
      106.8143868,
      -6.2179002
     ],
     [
      106.8134156,
      -6.2186682
     ],
     [
      106.8121074,
      -6.2197125
     ],
     [
      106.8106314,
      -6.2208618
     ],
     [
      106.8103316,
      -6.2211233
     ],
     [
      106.8099447,
      -6.2214199
     ],
     [
      106.809241,
      -6.221964
     ],
     [
      106.8086188,
      -6.2224346
     ],
     [
      106.8083693,
      -6.2226093
     ],
     [
      106.807967,
      -6.2228719
     ],
     [
      106.8074052,
      -6.2232155
     ],
     [
      106.8063729,
      -6.2238829
     ]
    ]
   },
   "properties": {
    "id": "osm-way-1214084111",
    "street_name": "Transjakarta Busway Koridor 1",
    "side": "n-a",
    "kind": "footway",
    "level": 0,
    "has_sidewalk": "unknown",
    "width_m": null,
    "surface": "unknown",
    "obstruction": null,
    "obstruction_types": [],
    "kerb_ramp": null,
    "lit": null,
    "eyes_on_street": null,
    "crossing_spacing_m": null,
    "shade": null,
    "shade_modeled": null,
    "drainage": null,
    "length_m": 1437.6786928929669,
    "source": "osm",
    "confidence": "med",
    "notes": ""
   }
  },
  {
   "type": "Feature",
   "geometry": {
    "type": "LineString",
    "coordinates": [
     [
      106.8220343,
      -6.204906
     ],
     [
      106.8221066,
      -6.2049189
     ]
    ]
   },
   "properties": {
    "id": "osm-way-1225962460",
    "street_name": "",
    "side": "n-a",
    "kind": "footway",
    "level": 0,
    "has_sidewalk": "unknown",
    "width_m": null,
    "surface": "unknown",
    "obstruction": null,
    "obstruction_types": [],
    "kerb_ramp": null,
    "lit": null,
    "eyes_on_street": null,
    "crossing_spacing_m": null,
    "shade": null,
    "shade_modeled": null,
    "drainage": null,
    "length_m": 8.11999635765591,
    "source": "osm",
    "confidence": "med",
    "notes": ""
   }
  },
  {
   "type": "Feature",
   "geometry": {
    "type": "LineString",
    "coordinates": [
     [
      106.8223485,
      -6.2048043
     ],
     [
      106.8223318,
      -6.2049448
     ]
    ]
   },
   "properties": {
    "id": "osm-way-1225962463",
    "street_name": "Jembatan Penyeberangan Orang Dukuh Atas",
    "side": "n-a",
    "kind": "footway",
    "level": 0,
    "has_sidewalk": "unknown",
    "width_m": null,
    "surface": "unknown",
    "obstruction": null,
    "obstruction_types": [],
    "kerb_ramp": null,
    "lit": null,
    "eyes_on_street": null,
    "crossing_spacing_m": null,
    "shade": null,
    "shade_modeled": null,
    "drainage": null,
    "length_m": 15.731579826687103,
    "source": "osm",
    "confidence": "med",
    "notes": ""
   }
  },
  {
   "type": "Feature",
   "geometry": {
    "type": "LineString",
    "coordinates": [
     [
      106.8226753,
      -6.2004291
     ],
     [
      106.8227,
      -6.2003138
     ]
    ]
   },
   "properties": {
    "id": "osm-way-1232216963",
    "street_name": "",
    "side": "n-a",
    "kind": "footway",
    "level": 0,
    "has_sidewalk": "unknown",
    "width_m": null,
    "surface": "unknown",
    "obstruction": null,
    "obstruction_types": [],
    "kerb_ramp": null,
    "lit": null,
    "eyes_on_street": null,
    "crossing_spacing_m": null,
    "shade": null,
    "shade_modeled": null,
    "drainage": null,
    "length_m": 13.108303498354337,
    "source": "osm",
    "confidence": "med",
    "notes": ""
   }
  },
  {
   "type": "Feature",
   "geometry": {
    "type": "LineString",
    "coordinates": [
     [
      106.8225259,
      -6.2011206
     ],
     [
      106.8225515,
      -6.2010023
     ]
    ]
   },
   "properties": {
    "id": "osm-way-1232216964",
    "street_name": "",
    "side": "n-a",
    "kind": "footway",
    "level": 0,
    "has_sidewalk": "unknown",
    "width_m": null,
    "surface": "unknown",
    "obstruction": null,
    "obstruction_types": [],
    "kerb_ramp": null,
    "lit": null,
    "eyes_on_street": null,
    "crossing_spacing_m": null,
    "shade": null,
    "shade_modeled": null,
    "drainage": null,
    "length_m": 13.455322823255601,
    "source": "osm",
    "confidence": "med",
    "notes": ""
   }
  },
  {
   "type": "Feature",
   "geometry": {
    "type": "LineString",
    "coordinates": [
     [
      106.8223631,
      -6.2018685
     ],
     [
      106.8223405,
      -6.2019641
     ],
     [
      106.8223726,
      -6.2019716
     ],
     [
      106.8223908,
      -6.2019757
     ]
    ]
   },
   "properties": {
    "id": "osm-way-1232216965",
    "street_name": "",
    "side": "n-a",
    "kind": "footway",
    "level": 0,
    "has_sidewalk": "unknown",
    "width_m": null,
    "surface": "unknown",
    "obstruction": null,
    "obstruction_types": [],
    "kerb_ramp": null,
    "lit": null,
    "eyes_on_street": null,
    "crossing_spacing_m": null,
    "shade": null,
    "shade_modeled": null,
    "drainage": null,
    "length_m": 16.627920737939213,
    "source": "osm",
    "confidence": "med",
    "notes": ""
   }
  },
  {
   "type": "Feature",
   "geometry": {
    "type": "LineString",
    "coordinates": [
     [
      106.8225195,
      -6.2020714
     ],
     [
      106.8225432,
      -6.2019539
     ]
    ]
   },
   "properties": {
    "id": "osm-way-1232216966",
    "street_name": "",
    "side": "n-a",
    "kind": "footway",
    "level": 0,
    "has_sidewalk": "unknown",
    "width_m": null,
    "surface": "unknown",
    "obstruction": null,
    "obstruction_types": [],
    "kerb_ramp": null,
    "lit": null,
    "eyes_on_street": null,
    "crossing_spacing_m": null,
    "shade": null,
    "shade_modeled": null,
    "drainage": null,
    "length_m": 13.325488056779204,
    "source": "osm",
    "confidence": "med",
    "notes": ""
   }
  },
  {
   "type": "Feature",
   "geometry": {
    "type": "LineString",
    "coordinates": [
     [
      106.8228295,
      -6.2004665
     ],
     [
      106.8228596,
      -6.2004708
     ]
    ]
   },
   "properties": {
    "id": "osm-way-1232216969",
    "street_name": "",
    "side": "n-a",
    "kind": "footway",
    "level": 0,
    "has_sidewalk": "unknown",
    "width_m": null,
    "surface": "unknown",
    "obstruction": null,
    "obstruction_types": [],
    "kerb_ramp": null,
    "lit": null,
    "eyes_on_street": null,
    "crossing_spacing_m": null,
    "shade": null,
    "shade_modeled": null,
    "drainage": null,
    "length_m": 3.3615659619104408,
    "source": "osm",
    "confidence": "med",
    "notes": ""
   }
  },
  {
   "type": "Feature",
   "geometry": {
    "type": "LineString",
    "coordinates": [
     [
      106.8226505,
      -6.2015062
     ],
     [
      106.8226442,
      -6.2015435
     ],
     [
      106.8227013,
      -6.2015553
     ],
     [
      106.8227351,
      -6.2015626
     ]
    ]
   },
   "properties": {
    "id": "osm-way-1232216973",
    "street_name": "",
    "side": "n-a",
    "kind": "footway",
    "level": 0,
    "has_sidewalk": "unknown",
    "width_m": null,
    "surface": "unknown",
    "obstruction": null,
    "obstruction_types": [],
    "kerb_ramp": null,
    "lit": null,
    "eyes_on_street": null,
    "crossing_spacing_m": null,
    "shade": null,
    "shade_modeled": null,
    "drainage": null,
    "length_m": 14.476191080244128,
    "source": "osm",
    "confidence": "med",
    "notes": ""
   }
  },
  {
   "type": "Feature",
   "geometry": {
    "type": "LineString",
    "coordinates": [
     [
      106.8227221,
      -6.201619
     ],
     [
      106.8226912,
      -6.201612
     ]
    ]
   },
   "properties": {
    "id": "osm-way-1232216974",
    "street_name": "",
    "side": "n-a",
    "kind": "footway",
    "level": 0,
    "has_sidewalk": "unknown",
    "width_m": null,
    "surface": "unknown",
    "obstruction": null,
    "obstruction_types": [],
    "kerb_ramp": null,
    "lit": null,
    "eyes_on_street": null,
    "crossing_spacing_m": null,
    "shade": null,
    "shade_modeled": null,
    "drainage": null,
    "length_m": 3.5033769055030684,
    "source": "osm",
    "confidence": "med",
    "notes": ""
   }
  },
  {
   "type": "Feature",
   "geometry": {
    "type": "LineString",
    "coordinates": [
     [
      106.8228799,
      -6.201713
     ],
     [
      106.8228497,
      -6.2017053
     ],
     [
      106.8228236,
      -6.2016987
     ],
     [
      106.8227679,
      -6.2016846
     ]
    ]
   },
   "properties": {
    "id": "osm-way-1232216975",
    "street_name": "",
    "side": "n-a",
    "kind": "footway",
    "level": 0,
    "has_sidewalk": "unknown",
    "width_m": null,
    "surface": "unknown",
    "obstruction": null,
    "obstruction_types": [],
    "kerb_ramp": null,
    "lit": null,
    "eyes_on_street": null,
    "crossing_spacing_m": null,
    "shade": null,
    "shade_modeled": null,
    "drainage": null,
    "length_m": 12.777345712745916,
    "source": "osm",
    "confidence": "med",
    "notes": ""
   }
  },
  {
   "type": "Feature",
   "geometry": {
    "type": "LineString",
    "coordinates": [
     [
      106.8225811,
      -6.2019319
     ],
     [
      106.8225756,
      -6.2019594
     ],
     [
      106.8226039,
      -6.2019653
     ],
     [
      106.8226394,
      -6.2019718
     ]
    ]
   },
   "properties": {
    "id": "osm-way-1232216976",
    "street_name": "",
    "side": "n-a",
    "kind": "footway",
    "level": 0,
    "has_sidewalk": "unknown",
    "width_m": null,
    "surface": "unknown",
    "obstruction": null,
    "obstruction_types": [],
    "kerb_ramp": null,
    "lit": null,
    "eyes_on_street": null,
    "crossing_spacing_m": null,
    "shade": null,
    "shade_modeled": null,
    "drainage": null,
    "length_m": 10.304486292949335,
    "source": "osm",
    "confidence": "med",
    "notes": ""
   }
  },
  {
   "type": "Feature",
   "geometry": {
    "type": "LineString",
    "coordinates": [
     [
      106.8225897,
      -6.2020364
     ],
     [
      106.8225803,
      -6.2020845
     ]
    ]
   },
   "properties": {
    "id": "osm-way-1232216977",
    "street_name": "",
    "side": "n-a",
    "kind": "footway",
    "level": 0,
    "has_sidewalk": "unknown",
    "width_m": null,
    "surface": "unknown",
    "obstruction": null,
    "obstruction_types": [],
    "kerb_ramp": null,
    "lit": null,
    "eyes_on_street": null,
    "crossing_spacing_m": null,
    "shade": null,
    "shade_modeled": null,
    "drainage": null,
    "length_m": 5.448481850257891,
    "source": "osm",
    "confidence": "med",
    "notes": ""
   }
  },
  {
   "type": "Feature",
   "geometry": {
    "type": "LineString",
    "coordinates": [
     [
      106.8227759,
      -6.2016481
     ],
     [
      106.8227679,
      -6.2016846
     ]
    ]
   },
   "properties": {
    "id": "osm-way-1232216979",
    "street_name": "",
    "side": "n-a",
    "kind": "footway",
    "level": 0,
    "has_sidewalk": "unknown",
    "width_m": null,
    "surface": "unknown",
    "obstruction": null,
    "obstruction_types": [],
    "kerb_ramp": null,
    "lit": null,
    "eyes_on_street": null,
    "crossing_spacing_m": null,
    "shade": null,
    "shade_modeled": null,
    "drainage": null,
    "length_m": 4.153845866643835,
    "source": "osm",
    "confidence": "med",
    "notes": ""
   }
  },
  {
   "type": "Feature",
   "geometry": {
    "type": "LineString",
    "coordinates": [
     [
      106.8229087,
      -6.2004534
     ],
     [
      106.822878,
      -6.2004496
     ],
     [
      106.8228596,
      -6.2004708
     ],
     [
      106.8228508,
      -6.2005412
     ],
     [
      106.8228493,
      -6.2007211
     ],
     [
      106.8228123,
      -6.2008528
     ],
     [
      106.8227834,
      -6.2010201
     ],
     [
      106.8227608,
      -6.2011868
     ],
     [
      106.8227351,
      -6.2013143
     ],
     [
      106.8227084,
      -6.2013949
     ],
     [
      106.8227013,
      -6.2015553
     ],
     [
      106.8226912,
      -6.201612
     ],
     [
      106.8226345,
      -6.2018122
     ],
     [
      106.8226039,
      -6.2019653
     ]
    ]
   },
   "properties": {
    "id": "osm-way-1232216984",
    "street_name": "",
    "side": "n-a",
    "kind": "footway",
    "level": 0,
    "has_sidewalk": "unknown",
    "width_m": null,
    "surface": "unknown",
    "obstruction": null,
    "obstruction_types": [],
    "kerb_ramp": null,
    "lit": null,
    "eyes_on_street": null,
    "crossing_spacing_m": null,
    "shade": null,
    "shade_modeled": null,
    "drainage": null,
    "length_m": 175.84466208257678,
    "source": "osm",
    "confidence": "med",
    "notes": ""
   }
  },
  {
   "type": "Feature",
   "geometry": {
    "type": "LineString",
    "coordinates": [
     [
      106.8226547,
      -6.2006818
     ],
     [
      106.8227109,
      -6.2006949
     ],
     [
      106.8227591,
      -6.2007056
     ],
     [
      106.8228001,
      -6.2007127
     ]
    ]
   },
   "properties": {
    "id": "osm-way-1232216985",
    "street_name": "",
    "side": "n-a",
    "kind": "crossing",
    "level": 0,
    "has_sidewalk": "unknown",
    "width_m": null,
    "surface": "unknown",
    "obstruction": null,
    "obstruction_types": [],
    "kerb_ramp": null,
    "lit": null,
    "eyes_on_street": null,
    "crossing_spacing_m": null,
    "shade": null,
    "shade_modeled": null,
    "drainage": null,
    "length_m": 16.441108674761068,
    "source": "osm",
    "confidence": "med",
    "notes": ""
   }
  },
  {
   "type": "Feature",
   "geometry": {
    "type": "LineString",
    "coordinates": [
     [
      106.8225095,
      -6.2013488
     ],
     [
      106.8225623,
      -6.2013609
     ],
     [
      106.8226034,
      -6.2013688
     ],
     [
      106.8226481,
      -6.2013784
     ]
    ]
   },
   "properties": {
    "id": "osm-way-1232216986",
    "street_name": "",
    "side": "n-a",
    "kind": "crossing",
    "level": 0,
    "has_sidewalk": "unknown",
    "width_m": null,
    "surface": "unknown",
    "obstruction": null,
    "obstruction_types": [],
    "kerb_ramp": null,
    "lit": null,
    "eyes_on_street": null,
    "crossing_spacing_m": null,
    "shade": null,
    "shade_modeled": null,
    "drainage": null,
    "length_m": 15.672631390732827,
    "source": "osm",
    "confidence": "med",
    "notes": ""
   }
  },
  {
   "type": "Feature",
   "geometry": {
    "type": "LineString",
    "coordinates": [
     [
      106.8155659,
      -6.2169082
     ],
     [
      106.8155576,
      -6.2169151
     ]
    ]
   },
   "properties": {
    "id": "osm-way-1233442171",
    "street_name": "",
    "side": "n-a",
    "kind": "footway",
    "level": 0,
    "has_sidewalk": "unknown",
    "width_m": null,
    "surface": "unknown",
    "obstruction": null,
    "obstruction_types": [],
    "kerb_ramp": null,
    "lit": null,
    "eyes_on_street": null,
    "crossing_spacing_m": null,
    "shade": null,
    "shade_modeled": null,
    "drainage": null,
    "length_m": 1.1960155678049325,
    "source": "osm",
    "confidence": "med",
    "notes": ""
   }
  },
  {
   "type": "Feature",
   "geometry": {
    "type": "LineString",
    "coordinates": [
     [
      106.8137956,
      -6.2219904
     ],
     [
      106.8137648,
      -6.2219433
     ]
    ]
   },
   "properties": {
    "id": "osm-way-1234373202",
    "street_name": "",
    "side": "n-a",
    "kind": "footway",
    "level": 0,
    "has_sidewalk": "unknown",
    "width_m": null,
    "surface": "unknown",
    "obstruction": null,
    "obstruction_types": [],
    "kerb_ramp": null,
    "lit": null,
    "eyes_on_street": null,
    "crossing_spacing_m": null,
    "shade": null,
    "shade_modeled": null,
    "drainage": null,
    "length_m": 6.246648491302746,
    "source": "osm",
    "confidence": "med",
    "notes": ""
   }
  },
  {
   "type": "Feature",
   "geometry": {
    "type": "LineString",
    "coordinates": [
     [
      106.8199289,
      -6.2011008
     ],
     [
      106.8200926,
      -6.2005637
     ],
     [
      106.8201078,
      -6.2004957
     ]
    ]
   },
   "properties": {
    "id": "osm-way-1237198006",
    "street_name": "Jalan Martapura",
    "side": "n-a",
    "kind": "sidewalk",
    "level": 0,
    "has_sidewalk": "yes",
    "width_m": null,
    "surface": "unknown",
    "obstruction": null,
    "obstruction_types": [],
    "kerb_ramp": null,
    "lit": null,
    "eyes_on_street": null,
    "crossing_spacing_m": null,
    "shade": null,
    "shade_modeled": null,
    "drainage": null,
    "length_m": 70.14988129974748,
    "source": "osm",
    "confidence": "med",
    "notes": ""
   }
  },
  {
   "type": "Feature",
   "geometry": {
    "type": "LineString",
    "coordinates": [
     [
      106.8246616,
      -6.2132301
     ],
     [
      106.8246771,
      -6.2132506
     ],
     [
      106.8247052,
      -6.2132633
     ],
     [
      106.8247421,
      -6.2132681
     ],
     [
      106.8248327,
      -6.2132519
     ]
    ]
   },
   "properties": {
    "id": "osm-way-1242136241",
    "street_name": "Jalan Teladan",
    "side": "n-a",
    "kind": "footway",
    "level": 0,
    "has_sidewalk": "unknown",
    "width_m": null,
    "surface": "unknown",
    "obstruction": null,
    "obstruction_types": [],
    "kerb_ramp": null,
    "lit": null,
    "eyes_on_street": null,
    "crossing_spacing_m": null,
    "shade": null,
    "shade_modeled": null,
    "drainage": null,
    "length_m": 20.553357631045973,
    "source": "osm",
    "confidence": "med",
    "notes": ""
   }
  },
  {
   "type": "Feature",
   "geometry": {
    "type": "LineString",
    "coordinates": [
     [
      106.8094884,
      -6.2231731
     ],
     [
      106.8097591,
      -6.2235191
     ]
    ]
   },
   "properties": {
    "id": "osm-way-1244589749",
    "street_name": "",
    "side": "n-a",
    "kind": "footway",
    "level": 0,
    "has_sidewalk": "unknown",
    "width_m": null,
    "surface": "unknown",
    "obstruction": null,
    "obstruction_types": [],
    "kerb_ramp": null,
    "lit": null,
    "eyes_on_street": null,
    "crossing_spacing_m": null,
    "shade": null,
    "shade_modeled": null,
    "drainage": null,
    "length_m": 48.74009343172199,
    "source": "osm",
    "confidence": "med",
    "notes": ""
   }
  },
  {
   "type": "Feature",
   "geometry": {
    "type": "LineString",
    "coordinates": [
     [
      106.8093758,
      -6.2229878
     ],
     [
      106.8094884,
      -6.2231731
     ]
    ]
   },
   "properties": {
    "id": "osm-way-1244589750",
    "street_name": "",
    "side": "n-a",
    "kind": "footway",
    "level": 0,
    "has_sidewalk": "unknown",
    "width_m": null,
    "surface": "unknown",
    "obstruction": null,
    "obstruction_types": [],
    "kerb_ramp": null,
    "lit": null,
    "eyes_on_street": null,
    "crossing_spacing_m": null,
    "shade": null,
    "shade_modeled": null,
    "drainage": null,
    "length_m": 24.072062648452352,
    "source": "osm",
    "confidence": "med",
    "notes": ""
   }
  },
  {
   "type": "Feature",
   "geometry": {
    "type": "LineString",
    "coordinates": [
     [
      106.8090414,
      -6.2224372
     ],
     [
      106.8093758,
      -6.2229878
     ]
    ]
   },
   "properties": {
    "id": "osm-way-1244589751",
    "street_name": "",
    "side": "n-a",
    "kind": "footway",
    "level": 0,
    "has_sidewalk": "unknown",
    "width_m": null,
    "surface": "unknown",
    "obstruction": null,
    "obstruction_types": [],
    "kerb_ramp": null,
    "lit": null,
    "eyes_on_street": null,
    "crossing_spacing_m": null,
    "shade": null,
    "shade_modeled": null,
    "drainage": null,
    "length_m": 71.51743487107896,
    "source": "osm",
    "confidence": "med",
    "notes": ""
   }
  },
  {
   "type": "Feature",
   "geometry": {
    "type": "LineString",
    "coordinates": [
     [
      106.8176677,
      -6.2085233
     ],
     [
      106.8177043,
      -6.2087237
     ],
     [
      106.8178108,
      -6.2093063
     ],
     [
      106.817825,
      -6.2094349
     ]
    ]
   },
   "properties": {
    "id": "osm-way-1253507712",
    "street_name": "Jalan Kyai Haji Mas Mansyur",
    "side": "n-a",
    "kind": "sidewalk",
    "level": 0,
    "has_sidewalk": "yes",
    "width_m": null,
    "surface": "unknown",
    "obstruction": null,
    "obstruction_types": [],
    "kerb_ramp": null,
    "lit": null,
    "eyes_on_street": null,
    "crossing_spacing_m": null,
    "shade": null,
    "shade_modeled": null,
    "drainage": null,
    "length_m": 102.87654388246366,
    "source": "osm",
    "confidence": "med",
    "notes": ""
   }
  },
  {
   "type": "Feature",
   "geometry": {
    "type": "LineString",
    "coordinates": [
     [
      106.817825,
      -6.2094349
     ],
     [
      106.8178482,
      -6.2095819
     ],
     [
      106.8178554,
      -6.2096582
     ]
    ]
   },
   "properties": {
    "id": "osm-way-1253507713",
    "street_name": "Jalan Kyai Haji Mas Mansyur",
    "side": "n-a",
    "kind": "sidewalk",
    "level": 0,
    "has_sidewalk": "yes",
    "width_m": null,
    "surface": "unknown",
    "obstruction": null,
    "obstruction_types": [],
    "kerb_ramp": null,
    "lit": null,
    "eyes_on_street": null,
    "crossing_spacing_m": null,
    "shade": null,
    "shade_modeled": null,
    "drainage": null,
    "length_m": 25.06704271338979,
    "source": "osm",
    "confidence": "med",
    "notes": ""
   }
  },
  {
   "type": "Feature",
   "geometry": {
    "type": "LineString",
    "coordinates": [
     [
      106.8174487,
      -6.2076908
     ],
     [
      106.8175185,
      -6.2078809
     ],
     [
      106.8176235,
      -6.2082737
     ],
     [
      106.8176677,
      -6.2085233
     ]
    ]
   },
   "properties": {
    "id": "osm-way-1253507714",
    "street_name": "Jalan Kyai Haji Mas Mansyur",
    "side": "n-a",
    "kind": "sidewalk",
    "level": 0,
    "has_sidewalk": "yes",
    "width_m": null,
    "surface": "unknown",
    "obstruction": null,
    "obstruction_types": [],
    "kerb_ramp": null,
    "lit": null,
    "eyes_on_street": null,
    "crossing_spacing_m": null,
    "shade": null,
    "shade_modeled": null,
    "drainage": null,
    "length_m": 95.87672395423091,
    "source": "osm",
    "confidence": "med",
    "notes": ""
   }
  },
  {
   "type": "Feature",
   "geometry": {
    "type": "LineString",
    "coordinates": [
     [
      106.8167878,
      -6.2162915
     ],
     [
      106.81665,
      -6.2163988
     ],
     [
      106.8164719,
      -6.2165286
     ],
     [
      106.8159988,
      -6.2168764
     ],
     [
      106.81586,
      -6.2169867
     ],
     [
      106.8158174,
      -6.2170203
     ],
     [
      106.8156467,
      -6.2171519
     ],
     [
      106.8155526,
      -6.2172411
     ],
     [
      106.8152944,
      -6.2174542
     ],
     [
      106.8150693,
      -6.2176281
     ],
     [
      106.8147481,
      -6.2178658
     ],
     [
      106.8146059,
      -6.2179724
     ],
     [
      106.8145084,
      -6.2180639
     ],
     [
      106.8144418,
      -6.2181599
     ],
     [
      106.814394,
      -6.2182593
     ],
     [
      106.8143759,
      -6.2183095
     ],
     [
      106.81431,
      -6.2184923
     ]
    ]
   },
   "properties": {
    "id": "osm-way-1263520645",
    "street_name": "",
    "side": "n-a",
    "kind": "sidewalk",
    "level": 0,
    "has_sidewalk": "yes",
    "width_m": null,
    "surface": "unknown",
    "obstruction": null,
    "obstruction_types": [],
    "kerb_ramp": null,
    "lit": null,
    "eyes_on_street": null,
    "crossing_spacing_m": null,
    "shade": null,
    "shade_modeled": null,
    "drainage": null,
    "length_m": 372.82980599164125,
    "source": "osm",
    "confidence": "med",
    "notes": ""
   }
  },
  {
   "type": "Feature",
   "geometry": {
    "type": "LineString",
    "coordinates": [
     [
      106.8142433,
      -6.2188457
     ],
     [
      106.8142316,
      -6.2189649
     ],
     [
      106.8142284,
      -6.2190495
     ]
    ]
   },
   "properties": {
    "id": "osm-way-1263520646",
    "street_name": "",
    "side": "n-a",
    "kind": "crossing",
    "level": 0,
    "has_sidewalk": "unknown",
    "width_m": null,
    "surface": "unknown",
    "obstruction": null,
    "obstruction_types": [],
    "kerb_ramp": null,
    "lit": null,
    "eyes_on_street": null,
    "crossing_spacing_m": null,
    "shade": null,
    "shade_modeled": null,
    "drainage": null,
    "length_m": 22.731123983833452,
    "source": "osm",
    "confidence": "med",
    "notes": ""
   }
  },
  {
   "type": "Feature",
   "geometry": {
    "type": "LineString",
    "coordinates": [
     [
      106.81431,
      -6.2184923
     ],
     [
      106.8142903,
      -6.2185716
     ],
     [
      106.8142679,
      -6.2186619
     ]
    ]
   },
   "properties": {
    "id": "osm-way-1263520647",
    "street_name": "",
    "side": "n-a",
    "kind": "crossing",
    "level": 0,
    "has_sidewalk": "unknown",
    "width_m": null,
    "surface": "unknown",
    "obstruction": null,
    "obstruction_types": [],
    "kerb_ramp": null,
    "lit": null,
    "eyes_on_street": null,
    "crossing_spacing_m": null,
    "shade": null,
    "shade_modeled": null,
    "drainage": null,
    "length_m": 19.424380135419035,
    "source": "osm",
    "confidence": "med",
    "notes": ""
   }
  },
  {
   "type": "Feature",
   "geometry": {
    "type": "LineString",
    "coordinates": [
     [
      106.8142679,
      -6.2186619
     ],
     [
      106.8142433,
      -6.2188457
     ]
    ]
   },
   "properties": {
    "id": "osm-way-1263520648",
    "street_name": "",
    "side": "n-a",
    "kind": "sidewalk",
    "level": 0,
    "has_sidewalk": "yes",
    "width_m": null,
    "surface": "unknown",
    "obstruction": null,
    "obstruction_types": [],
    "kerb_ramp": null,
    "lit": null,
    "eyes_on_street": null,
    "crossing_spacing_m": null,
    "shade": null,
    "shade_modeled": null,
    "drainage": null,
    "length_m": 20.617740060541227,
    "source": "osm",
    "confidence": "med",
    "notes": ""
   }
  },
  {
   "type": "Feature",
   "geometry": {
    "type": "LineString",
    "coordinates": [
     [
      106.817703,
      -6.2155605
     ],
     [
      106.8177998,
      -6.2154778
     ]
    ]
   },
   "properties": {
    "id": "osm-way-1263520650",
    "street_name": "",
    "side": "n-a",
    "kind": "footway",
    "level": 0,
    "has_sidewalk": "unknown",
    "width_m": null,
    "surface": "unknown",
    "obstruction": null,
    "obstruction_types": [],
    "kerb_ramp": null,
    "lit": null,
    "eyes_on_street": null,
    "crossing_spacing_m": null,
    "shade": null,
    "shade_modeled": null,
    "drainage": null,
    "length_m": 14.108919159365495,
    "source": "osm",
    "confidence": "med",
    "notes": ""
   }
  },
  {
   "type": "Feature",
   "geometry": {
    "type": "LineString",
    "coordinates": [
     [
      106.818173,
      -6.2152595
     ],
     [
      106.8181967,
      -6.2152195
     ],
     [
      106.8182116,
      -6.2151965
     ]
    ]
   },
   "properties": {
    "id": "osm-way-1263520657",
    "street_name": "",
    "side": "n-a",
    "kind": "crossing",
    "level": 0,
    "has_sidewalk": "unknown",
    "width_m": null,
    "surface": "unknown",
    "obstruction": null,
    "obstruction_types": [],
    "kerb_ramp": null,
    "lit": null,
    "eyes_on_street": null,
    "crossing_spacing_m": null,
    "shade": null,
    "shade_modeled": null,
    "drainage": null,
    "length_m": 8.203980286274867,
    "source": "osm",
    "confidence": "med",
    "notes": ""
   }
  },
  {
   "type": "Feature",
   "geometry": {
    "type": "LineString",
    "coordinates": [
     [
      106.8182116,
      -6.2151965
     ],
     [
      106.8185234,
      -6.2149438
     ]
    ]
   },
   "properties": {
    "id": "osm-way-1263520658",
    "street_name": "",
    "side": "n-a",
    "kind": "sidewalk",
    "level": 0,
    "has_sidewalk": "yes",
    "width_m": null,
    "surface": "unknown",
    "obstruction": null,
    "obstruction_types": [],
    "kerb_ramp": null,
    "lit": null,
    "eyes_on_street": null,
    "crossing_spacing_m": null,
    "shade": null,
    "shade_modeled": null,
    "drainage": null,
    "length_m": 44.46922442219609,
    "source": "osm",
    "confidence": "med",
    "notes": ""
   }
  },
  {
   "type": "Feature",
   "geometry": {
    "type": "LineString",
    "coordinates": [
     [
      106.817987,
      -6.2153639
     ],
     [
      106.8179686,
      -6.2153439
     ],
     [
      106.8180099,
      -6.2153064
     ]
    ]
   },
   "properties": {
    "id": "osm-way-1263520659",
    "street_name": "",
    "side": "n-a",
    "kind": "footway",
    "level": 0,
    "has_sidewalk": "unknown",
    "width_m": null,
    "surface": "unknown",
    "obstruction": null,
    "obstruction_types": [],
    "kerb_ramp": null,
    "lit": null,
    "eyes_on_street": null,
    "crossing_spacing_m": null,
    "shade": null,
    "shade_modeled": null,
    "drainage": null,
    "length_m": 9.196779855953459,
    "source": "osm",
    "confidence": "med",
    "notes": ""
   }
  },
  {
   "type": "Feature",
   "geometry": {
    "type": "LineString",
    "coordinates": [
     [
      106.8185234,
      -6.2149438
     ],
     [
      106.8185628,
      -6.214943
     ],
     [
      106.8186049,
      -6.2149422
     ]
    ]
   },
   "properties": {
    "id": "osm-way-1263520660",
    "street_name": "",
    "side": "n-a",
    "kind": "crossing",
    "level": 0,
    "has_sidewalk": "unknown",
    "width_m": null,
    "surface": "unknown",
    "obstruction": null,
    "obstruction_types": [],
    "kerb_ramp": null,
    "lit": null,
    "eyes_on_street": null,
    "crossing_spacing_m": null,
    "shade": null,
    "shade_modeled": null,
    "drainage": null,
    "length_m": 9.010883189429933,
    "source": "osm",
    "confidence": "med",
    "notes": ""
   }
  },
  {
   "type": "Feature",
   "geometry": {
    "type": "LineString",
    "coordinates": [
     [
      106.8186049,
      -6.2149422
     ],
     [
      106.8186188,
      -6.2148365
     ],
     [
      106.8186527,
      -6.2147584
     ],
     [
      106.8187135,
      -6.2146528
     ],
     [
      106.818999,
      -6.2143448
     ],
     [
      106.8191347,
      -6.2141983
     ],
     [
      106.8191989,
      -6.214129
     ],
     [
      106.8193,
      -6.2140063
     ],
     [
      106.8194464,
      -6.2138284
     ],
     [
      106.8195546,
      -6.2136809
     ],
     [
      106.8196187,
      -6.2135936
     ],
     [
      106.8196414,
      -6.2135626
     ],
     [
      106.8196134,
      -6.2135413
     ],
     [
      106.8196732,
      -6.2134622
     ],
     [
      106.8196961,
      -6.213432
     ],
     [
      106.8197829,
      -6.2133003
     ],
     [
      106.8198172,
      -6.213246
     ],
     [
      106.8198613,
      -6.2131764
     ],
     [
      106.8199555,
      -6.2130276
     ],
     [
      106.8199798,
      -6.213038
     ],
     [
      106.8200183,
      -6.2129735
     ],
     [
      106.8201894,
      -6.212687
     ],
     [
      106.8202454,
      -6.2125857
     ],
     [
      106.8202936,
      -6.2124986
     ],
     [
      106.8204438,
      -6.2122267
     ],
     [
      106.820469,
      -6.2121748
     ],
     [
      106.8205065,
      -6.2120972
     ],
     [
      106.8205981,
      -6.211908
     ],
     [
      106.820677,
      -6.211753
     ],
     [
      106.8207055,
      -6.211697
     ],
     [
      106.8208639,
      -6.2113857
     ],
     [
      106.8208825,
      -6.2113491
     ],
     [
      106.8210182,
      -6.2110837
     ],
     [
      106.821106,
      -6.2109121
     ],
     [
      106.8211298,
      -6.21087
     ],
     [
      106.8212119,
      -6.2107241
     ],
     [
      106.8213714,
      -6.2104409
     ],
     [
      106.8215621,
      -6.2100485
     ],
     [
      106.8215221,
      -6.2100282
     ],
     [
      106.8216411,
      -6.209781
     ],
     [
      106.8216619,
      -6.2097379
     ],
     [
      106.8217326,
      -6.2095909
     ],
     [
      106.8217782,
      -6.2095442
     ],
     [
      106.8218265,
      -6.2095242
     ],
     [
      106.8218761,
      -6.2095282
     ],
     [
      106.8219057,
      -6.2095415
     ]
    ]
   },
   "properties": {
    "id": "osm-way-1263520661",
    "street_name": "",
    "side": "n-a",
    "kind": "sidewalk",
    "level": 0,
    "has_sidewalk": "yes",
    "width_m": null,
    "surface": "unknown",
    "obstruction": null,
    "obstruction_types": [],
    "kerb_ramp": null,
    "lit": null,
    "eyes_on_street": null,
    "crossing_spacing_m": null,
    "shade": null,
    "shade_modeled": null,
    "drainage": null,
    "length_m": 725.9401166065184,
    "source": "osm",
    "confidence": "med",
    "notes": ""
   }
  },
  {
   "type": "Feature",
   "geometry": {
    "type": "LineString",
    "coordinates": [
     [
      106.8219057,
      -6.2095415
     ],
     [
      106.8219237,
      -6.2094981
     ],
     [
      106.8219574,
      -6.2094128
     ],
     [
      106.8219821,
      -6.2093576
     ],
     [
      106.8220076,
      -6.2092922
     ]
    ]
   },
   "properties": {
    "id": "osm-way-1263520662",
    "street_name": "",
    "side": "n-a",
    "kind": "crossing",
    "level": 0,
    "has_sidewalk": "unknown",
    "width_m": null,
    "surface": "unknown",
    "obstruction": null,
    "obstruction_types": [],
    "kerb_ramp": null,
    "lit": null,
    "eyes_on_street": null,
    "crossing_spacing_m": null,
    "shade": null,
    "shade_modeled": null,
    "drainage": null,
    "length_m": 29.927457241423745,
    "source": "osm",
    "confidence": "med",
    "notes": ""
   }
  },
  {
   "type": "Feature",
   "geometry": {
    "type": "LineString",
    "coordinates": [
     [
      106.8215621,
      -6.2100485
     ],
     [
      106.8216078,
      -6.209952
     ]
    ]
   },
   "properties": {
    "id": "osm-way-1263520663",
    "street_name": "",
    "side": "n-a",
    "kind": "footway",
    "level": 0,
    "has_sidewalk": "unknown",
    "width_m": null,
    "surface": "unknown",
    "obstruction": null,
    "obstruction_types": [],
    "kerb_ramp": null,
    "lit": null,
    "eyes_on_street": null,
    "crossing_spacing_m": null,
    "shade": null,
    "shade_modeled": null,
    "drainage": null,
    "length_m": 11.860022835132266,
    "source": "osm",
    "confidence": "med",
    "notes": ""
   }
  },
  {
   "type": "Feature",
   "geometry": {
    "type": "LineString",
    "coordinates": [
     [
      106.8216619,
      -6.2097379
     ],
     [
      106.8216967,
      -6.2097547
     ],
     [
      106.8217419,
      -6.2096555
     ]
    ]
   },
   "properties": {
    "id": "osm-way-1263520664",
    "street_name": "",
    "side": "n-a",
    "kind": "footway",
    "level": 0,
    "has_sidewalk": "unknown",
    "width_m": null,
    "surface": "unknown",
    "obstruction": null,
    "obstruction_types": [],
    "kerb_ramp": null,
    "lit": null,
    "eyes_on_street": null,
    "crossing_spacing_m": null,
    "shade": null,
    "shade_modeled": null,
    "drainage": null,
    "length_m": 16.385884723367028,
    "source": "osm",
    "confidence": "med",
    "notes": ""
   }
  },
  {
   "type": "Feature",
   "geometry": {
    "type": "LineString",
    "coordinates": [
     [
      106.8196732,
      -6.2134622
     ],
     [
      106.8196846,
      -6.2134732
     ]
    ]
   },
   "properties": {
    "id": "osm-way-1263520665",
    "street_name": "",
    "side": "n-a",
    "kind": "footway",
    "level": 0,
    "has_sidewalk": "unknown",
    "width_m": null,
    "surface": "unknown",
    "obstruction": null,
    "obstruction_types": [],
    "kerb_ramp": null,
    "lit": null,
    "eyes_on_street": null,
    "crossing_spacing_m": null,
    "shade": null,
    "shade_modeled": null,
    "drainage": null,
    "length_m": 1.7561674794787008,
    "source": "osm",
    "confidence": "med",
    "notes": ""
   }
  },
  {
   "type": "Feature",
   "geometry": {
    "type": "LineString",
    "coordinates": [
     [
      106.8228368,
      -6.2032303
     ],
     [
      106.8228883,
      -6.2030066
     ],
     [
      106.8230334,
      -6.2023679
     ],
     [
      106.8230595,
      -6.2022547
     ],
     [
      106.823104,
      -6.2020508
     ],
     [
      106.8231724,
      -6.2017523
     ]
    ]
   },
   "properties": {
    "id": "osm-way-1263520666",
    "street_name": "",
    "side": "n-a",
    "kind": "sidewalk",
    "level": 0,
    "has_sidewalk": "yes",
    "width_m": null,
    "surface": "unknown",
    "obstruction": null,
    "obstruction_types": [],
    "kerb_ramp": null,
    "lit": null,
    "eyes_on_street": null,
    "crossing_spacing_m": null,
    "shade": null,
    "shade_modeled": null,
    "drainage": null,
    "length_m": 168.48235152640285,
    "source": "osm",
    "confidence": "med",
    "notes": ""
   }
  },
  {
   "type": "Feature",
   "geometry": {
    "type": "LineString",
    "coordinates": [
     [
      106.8220478,
      -6.2088306
     ],
     [
      106.8220722,
      -6.2087343
     ]
    ]
   },
   "properties": {
    "id": "osm-way-1263520667",
    "street_name": "",
    "side": "n-a",
    "kind": "footway",
    "level": 0,
    "has_sidewalk": "unknown",
    "width_m": null,
    "surface": "unknown",
    "obstruction": null,
    "obstruction_types": [],
    "kerb_ramp": null,
    "lit": null,
    "eyes_on_street": null,
    "crossing_spacing_m": null,
    "shade": null,
    "shade_modeled": null,
    "drainage": null,
    "length_m": 11.042549878378017,
    "source": "osm",
    "confidence": "med",
    "notes": ""
   }
  },
  {
   "type": "Feature",
   "geometry": {
    "type": "LineString",
    "coordinates": [
     [
      106.8220076,
      -6.2092922
     ],
     [
      106.8220466,
      -6.2094092
     ],
     [
      106.8220805,
      -6.209469
     ],
     [
      106.8223738,
      -6.2098235
     ]
    ]
   },
   "properties": {
    "id": "osm-way-1263520668",
    "street_name": "",
    "side": "n-a",
    "kind": "sidewalk",
    "level": 0,
    "has_sidewalk": "yes",
    "width_m": null,
    "surface": "unknown",
    "obstruction": null,
    "obstruction_types": [],
    "kerb_ramp": null,
    "lit": null,
    "eyes_on_street": null,
    "crossing_spacing_m": null,
    "shade": null,
    "shade_modeled": null,
    "drainage": null,
    "length_m": 72.37762110088799,
    "source": "osm",
    "confidence": "med",
    "notes": ""
   }
  },
  {
   "type": "Feature",
   "geometry": {
    "type": "LineString",
    "coordinates": [
     [
      106.8226735,
      -6.204344
     ],
     [
      106.8226773,
      -6.2043125
     ],
     [
      106.8226949,
      -6.2043147
     ]
    ]
   },
   "properties": {
    "id": "osm-way-1263520669",
    "street_name": "",
    "side": "n-a",
    "kind": "footway",
    "level": 0,
    "has_sidewalk": "unknown",
    "width_m": null,
    "surface": "unknown",
    "obstruction": null,
    "obstruction_types": [],
    "kerb_ramp": null,
    "lit": null,
    "eyes_on_street": null,
    "crossing_spacing_m": null,
    "shade": null,
    "shade_modeled": null,
    "drainage": null,
    "length_m": 5.488626281160908,
    "source": "osm",
    "confidence": "med",
    "notes": ""
   }
  },
  {
   "type": "Feature",
   "geometry": {
    "type": "LineString",
    "coordinates": [
     [
      106.8220076,
      -6.2092922
     ],
     [
      106.8219831,
      -6.2092196
     ],
     [
      106.8219723,
      -6.2091614
     ],
     [
      106.8219908,
      -6.2090435
     ],
     [
      106.8220403,
      -6.2088586
     ],
     [
      106.8220478,
      -6.2088306
     ],
     [
      106.8220894,
      -6.2088429
     ],
     [
      106.8221418,
      -6.2086285
     ],
     [
      106.8221152,
      -6.2086204
     ],
     [
      106.8221679,
      -6.2083972
     ],
     [
      106.8222103,
      -6.2081842
     ],
     [
      106.8222304,
      -6.208068
     ],
     [
      106.8222552,
      -6.2079283
     ],
     [
      106.8222885,
      -6.2079312
     ],
     [
      106.8222935,
      -6.2078916
     ],
     [
      106.8223144,
      -6.2077517
     ],
     [
      106.8222934,
      -6.2077468
     ],
     [
      106.822307,
      -6.2076633
     ],
     [
      106.8223697,
      -6.2071923
     ],
     [
      106.8223774,
      -6.207133
     ],
     [
      106.8224097,
      -6.2069032
     ],
     [
      106.8224378,
      -6.2066822
     ],
     [
      106.8225333,
      -6.2059002
     ],
     [
      106.8225831,
      -6.2053909
     ],
     [
      106.8226379,
      -6.204911
     ],
     [
      106.8226434,
      -6.2048622
     ],
     [
      106.8226603,
      -6.204715
     ]
    ]
   },
   "properties": {
    "id": "osm-way-1263520670",
    "street_name": "",
    "side": "n-a",
    "kind": "sidewalk",
    "level": 0,
    "has_sidewalk": "yes",
    "width_m": null,
    "surface": "unknown",
    "obstruction": null,
    "obstruction_types": [],
    "kerb_ramp": null,
    "lit": null,
    "eyes_on_street": null,
    "crossing_spacing_m": null,
    "shade": null,
    "shade_modeled": null,
    "drainage": null,
    "length_m": 529.619589097283,
    "source": "osm",
    "confidence": "med",
    "notes": ""
   }
  },
  {
   "type": "Feature",
   "geometry": {
    "type": "LineString",
    "coordinates": [
     [
      106.8226603,
      -6.204715
     ],
     [
      106.8226726,
      -6.204627
     ],
     [
      106.8226794,
      -6.2045785
     ]
    ]
   },
   "properties": {
    "id": "osm-way-1263520671",
    "street_name": "",
    "side": "n-a",
    "kind": "crossing",
    "level": 0,
    "has_sidewalk": "unknown",
    "width_m": null,
    "surface": "unknown",
    "obstruction": null,
    "obstruction_types": [],
    "kerb_ramp": null,
    "lit": null,
    "eyes_on_street": null,
    "crossing_spacing_m": null,
    "shade": null,
    "shade_modeled": null,
    "drainage": null,
    "length_m": 15.324258258539547,
    "source": "osm",
    "confidence": "med",
    "notes": ""
   }
  },
  {
   "type": "Feature",
   "geometry": {
    "type": "LineString",
    "coordinates": [
     [
      106.8233625,
      -6.1997797
     ],
     [
      106.8233611,
      -6.2001301
     ],
     [
      106.8233613,
      -6.2003619
     ],
     [
      106.8233459,
      -6.2006529
     ],
     [
      106.823312,
      -6.201025
     ],
     [
      106.8232704,
      -6.2012568
     ],
     [
      106.8232232,
      -6.2015146
     ],
     [
      106.8231724,
      -6.2017523
     ]
    ]
   },
   "properties": {
    "id": "osm-way-1263520672",
    "street_name": "",
    "side": "n-a",
    "kind": "sidewalk",
    "level": 0,
    "has_sidewalk": "yes",
    "width_m": null,
    "surface": "unknown",
    "obstruction": null,
    "obstruction_types": [],
    "kerb_ramp": null,
    "lit": null,
    "eyes_on_street": null,
    "crossing_spacing_m": null,
    "shade": null,
    "shade_modeled": null,
    "drainage": null,
    "length_m": 221.0255200006977,
    "source": "osm",
    "confidence": "med",
    "notes": ""
   }
  },
  {
   "type": "Feature",
   "geometry": {
    "type": "LineString",
    "coordinates": [
     [
      106.8226794,
      -6.2045785
     ],
     [
      106.8226852,
      -6.204537
     ],
     [
      106.8227158,
      -6.2043178
     ],
     [
      106.8226949,
      -6.2043147
     ],
     [
      106.822722,
      -6.2041355
     ],
     [
      106.8227882,
      -6.2037572
     ],
     [
      106.822849,
      -6.203427
     ],
     [
      106.8228466,
      -6.2034146
     ],
     [
      106.8228165,
      -6.2033559
     ],
     [
      106.8228147,
      -6.2033438
     ],
     [
      106.8228368,
      -6.2032303
     ]
    ]
   },
   "properties": {
    "id": "osm-way-1263520673",
    "street_name": "",
    "side": "n-a",
    "kind": "sidewalk",
    "level": 0,
    "has_sidewalk": "yes",
    "width_m": null,
    "surface": "unknown",
    "obstruction": null,
    "obstruction_types": [],
    "kerb_ramp": null,
    "lit": null,
    "eyes_on_street": null,
    "crossing_spacing_m": null,
    "shade": null,
    "shade_modeled": null,
    "drainage": null,
    "length_m": 154.72136914652586,
    "source": "osm",
    "confidence": "med",
    "notes": ""
   }
  },
  {
   "type": "Feature",
   "geometry": {
    "type": "LineString",
    "coordinates": [
     [
      106.8095011,
      -6.2220469
     ],
     [
      106.809395,
      -6.2221363
     ]
    ]
   },
   "properties": {
    "id": "osm-way-1263520676",
    "street_name": "",
    "side": "n-a",
    "kind": "footway",
    "level": 0,
    "has_sidewalk": "unknown",
    "width_m": null,
    "surface": "unknown",
    "obstruction": null,
    "obstruction_types": [],
    "kerb_ramp": null,
    "lit": null,
    "eyes_on_street": null,
    "crossing_spacing_m": null,
    "shade": null,
    "shade_modeled": null,
    "drainage": null,
    "length_m": 15.374416218027575,
    "source": "osm",
    "confidence": "med",
    "notes": ""
   }
  },
  {
   "type": "Feature",
   "geometry": {
    "type": "LineString",
    "coordinates": [
     [
      106.8085291,
      -6.2227347
     ],
     [
      106.8085537,
      -6.2227708
     ],
     [
      106.8084537,
      -6.2228315
     ]
    ]
   },
   "properties": {
    "id": "osm-way-1263520677",
    "street_name": "",
    "side": "n-a",
    "kind": "footway",
    "level": 0,
    "has_sidewalk": "unknown",
    "width_m": null,
    "surface": "unknown",
    "obstruction": null,
    "obstruction_types": [],
    "kerb_ramp": null,
    "lit": null,
    "eyes_on_street": null,
    "crossing_spacing_m": null,
    "shade": null,
    "shade_modeled": null,
    "drainage": null,
    "length_m": 17.80018208608272,
    "source": "osm",
    "confidence": "med",
    "notes": ""
   }
  },
  {
   "type": "Feature",
   "geometry": {
    "type": "LineString",
    "coordinates": [
     [
      106.8080425,
      -6.2230478
     ],
     [
      106.8080626,
      -6.2230752
     ],
     [
      106.8081741,
      -6.223003
     ]
    ]
   },
   "properties": {
    "id": "osm-way-1263520678",
    "street_name": "",
    "side": "n-a",
    "kind": "footway",
    "level": 0,
    "has_sidewalk": "unknown",
    "width_m": null,
    "surface": "unknown",
    "obstruction": null,
    "obstruction_types": [],
    "kerb_ramp": null,
    "lit": null,
    "eyes_on_street": null,
    "crossing_spacing_m": null,
    "shade": null,
    "shade_modeled": null,
    "drainage": null,
    "length_m": 18.480129245330794,
    "source": "osm",
    "confidence": "med",
    "notes": ""
   }
  },
  {
   "type": "Feature",
   "geometry": {
    "type": "LineString",
    "coordinates": [
     [
      106.8137429,
      -6.2219609
     ],
     [
      106.8134629,
      -6.2215206
     ],
     [
      106.8134139,
      -6.2214494
     ],
     [
      106.8132817,
      -6.2212774
     ],
     [
      106.8131338,
      -6.2211765
     ],
     [
      106.8129636,
      -6.221102
     ],
     [
      106.8127996,
      -6.2210515
     ],
     [
      106.8125982,
      -6.221017
     ],
     [
      106.8123882,
      -6.2210054
     ],
     [
      106.8122302,
      -6.2209966
     ],
     [
      106.8113067,
      -6.2209394
     ],
     [
      106.8110847,
      -6.2209432
     ],
     [
      106.8109649,
      -6.2209664
     ],
     [
      106.8108795,
      -6.2210122
     ],
     [
      106.8106831,
      -6.2211334
     ]
    ]
   },
   "properties": {
    "id": "osm-way-1263520680",
    "street_name": "",
    "side": "n-a",
    "kind": "sidewalk",
    "level": 0,
    "has_sidewalk": "yes",
    "width_m": null,
    "surface": "unknown",
    "obstruction": null,
    "obstruction_types": [],
    "kerb_ramp": null,
    "lit": null,
    "eyes_on_street": null,
    "crossing_spacing_m": null,
    "shade": null,
    "shade_modeled": null,
    "drainage": null,
    "length_m": 390.8768107167291,
    "source": "osm",
    "confidence": "med",
    "notes": ""
   }
  },
  {
   "type": "Feature",
   "geometry": {
    "type": "LineString",
    "coordinates": [
     [
      106.808364,
      -6.2222347
     ],
     [
      106.8083833,
      -6.2222601
     ],
     [
      106.8084989,
      -6.2221811
     ]
    ]
   },
   "properties": {
    "id": "osm-way-1263553286",
    "street_name": "",
    "side": "n-a",
    "kind": "footway",
    "level": 0,
    "has_sidewalk": "unknown",
    "width_m": null,
    "surface": "unknown",
    "obstruction": null,
    "obstruction_types": [],
    "kerb_ramp": null,
    "lit": null,
    "eyes_on_street": null,
    "crossing_spacing_m": null,
    "shade": null,
    "shade_modeled": null,
    "drainage": null,
    "length_m": 19.04611421573873,
    "source": "osm",
    "confidence": "med",
    "notes": ""
   }
  },
  {
   "type": "Feature",
   "geometry": {
    "type": "LineString",
    "coordinates": [
     [
      106.8082515,
      -6.2223076
     ],
     [
      106.8082668,
      -6.2223321
     ],
     [
      106.8081605,
      -6.2223959
     ]
    ]
   },
   "properties": {
    "id": "osm-way-1263553287",
    "street_name": "",
    "side": "n-a",
    "kind": "footway",
    "level": 0,
    "has_sidewalk": "unknown",
    "width_m": null,
    "surface": "unknown",
    "obstruction": null,
    "obstruction_types": [],
    "kerb_ramp": null,
    "lit": null,
    "eyes_on_street": null,
    "crossing_spacing_m": null,
    "shade": null,
    "shade_modeled": null,
    "drainage": null,
    "length_m": 16.932440735032486,
    "source": "osm",
    "confidence": "med",
    "notes": ""
   }
  },
  {
   "type": "Feature",
   "geometry": {
    "type": "LineString",
    "coordinates": [
     [
      106.8098739,
      -6.2161909
     ],
     [
      106.8099675,
      -6.2163127
     ],
     [
      106.81008,
      -6.2164735
     ],
     [
      106.8101493,
      -6.2166068
     ],
     [
      106.8102202,
      -6.2167063
     ],
     [
      106.8104128,
      -6.2169391
     ],
     [
      106.8107316,
      -6.2174231
     ],
     [
      106.8109827,
      -6.2178013
     ],
     [
      106.8110582,
      -6.21793
     ],
     [
      106.8111029,
      -6.2181153
     ],
     [
      106.8111152,
      -6.2182271
     ],
     [
      106.8111152,
      -6.2184108
     ],
     [
      106.8110937,
      -6.2185701
     ],
     [
      106.8110721,
      -6.2186482
     ],
     [
      106.8110188,
      -6.2187986
     ],
     [
      106.8109716,
      -6.2189272
     ],
     [
      106.8108773,
      -6.2191857
     ],
     [
      106.8105618,
      -6.2201157
     ],
     [
      106.8104804,
      -6.2203339
     ],
     [
      106.8103901,
      -6.2205502
     ],
     [
      106.8102751,
      -6.2207156
     ],
     [
      106.8101459,
      -6.2208669
     ],
     [
      106.8100224,
      -6.2209794
     ],
     [
      106.8099745,
      -6.2210207
     ],
     [
      106.8098695,
      -6.2211113
     ],
     [
      106.8097112,
      -6.2212407
     ]
    ]
   },
   "properties": {
    "id": "osm-way-1263553289",
    "street_name": "",
    "side": "n-a",
    "kind": "sidewalk",
    "level": 0,
    "has_sidewalk": "yes",
    "width_m": null,
    "surface": "unknown",
    "obstruction": null,
    "obstruction_types": [],
    "kerb_ramp": null,
    "lit": null,
    "eyes_on_street": null,
    "crossing_spacing_m": null,
    "shade": null,
    "shade_modeled": null,
    "drainage": null,
    "length_m": 647.4220689201487,
    "source": "osm",
    "confidence": "med",
    "notes": ""
   }
  },
  {
   "type": "Feature",
   "geometry": {
    "type": "LineString",
    "coordinates": [
     [
      106.8124464,
      -6.218939
     ],
     [
      106.8125042,
      -6.218874
     ],
     [
      106.8125287,
      -6.2188357
     ],
     [
      106.8125489,
      -6.2187185
     ],
     [
      106.8125579,
      -6.2185711
     ],
     [
      106.8125812,
      -6.2182159
     ],
     [
      106.8125842,
      -6.2181838
     ]
    ]
   },
   "properties": {
    "id": "osm-way-1263553290",
    "street_name": "",
    "side": "n-a",
    "kind": "sidewalk",
    "level": 0,
    "has_sidewalk": "yes",
    "width_m": null,
    "surface": "unknown",
    "obstruction": null,
    "obstruction_types": [],
    "kerb_ramp": null,
    "lit": null,
    "eyes_on_street": null,
    "crossing_spacing_m": null,
    "shade": null,
    "shade_modeled": null,
    "drainage": null,
    "length_m": 87.5011060863652,
    "source": "osm",
    "confidence": "med",
    "notes": ""
   }
  },
  {
   "type": "Feature",
   "geometry": {
    "type": "LineString",
    "coordinates": [
     [
      106.8109716,
      -6.2189272
     ],
     [
      106.8110055,
      -6.2189427
     ],
     [
      106.8110627,
      -6.2189663
     ]
    ]
   },
   "properties": {
    "id": "osm-way-1263553291",
    "street_name": "",
    "side": "n-a",
    "kind": "crossing",
    "level": 0,
    "has_sidewalk": "unknown",
    "width_m": null,
    "surface": "unknown",
    "obstruction": null,
    "obstruction_types": [],
    "kerb_ramp": null,
    "lit": null,
    "eyes_on_street": null,
    "crossing_spacing_m": null,
    "shade": null,
    "shade_modeled": null,
    "drainage": null,
    "length_m": 10.970534766731976,
    "source": "osm",
    "confidence": "med",
    "notes": ""
   }
  },
  {
   "type": "Feature",
   "geometry": {
    "type": "LineString",
    "coordinates": [
     [
      106.8125267,
      -6.2178181
     ],
     [
      106.8125248,
      -6.2178869
     ],
     [
      106.8125228,
      -6.2179154
     ]
    ]
   },
   "properties": {
    "id": "osm-way-1263553292",
    "street_name": "",
    "side": "n-a",
    "kind": "crossing",
    "level": 0,
    "has_sidewalk": "unknown",
    "width_m": null,
    "surface": "unknown",
    "obstruction": null,
    "obstruction_types": [],
    "kerb_ramp": null,
    "lit": null,
    "eyes_on_street": null,
    "crossing_spacing_m": null,
    "shade": null,
    "shade_modeled": null,
    "drainage": null,
    "length_m": 10.829851101898338,
    "source": "osm",
    "confidence": "med",
    "notes": ""
   }
  },
  {
   "type": "Feature",
   "geometry": {
    "type": "LineString",
    "coordinates": [
     [
      106.8125195,
      -6.2181916
     ],
     [
      106.8125135,
      -6.2182693
     ],
     [
      106.8124925,
      -6.2185573
     ],
     [
      106.8124843,
      -6.2186593
     ],
     [
      106.8124516,
      -6.2187835
     ],
     [
      106.8124038,
      -6.2188589
     ]
    ]
   },
   "properties": {
    "id": "osm-way-1263553293",
    "street_name": "",
    "side": "n-a",
    "kind": "sidewalk",
    "level": 0,
    "has_sidewalk": "yes",
    "width_m": null,
    "surface": "unknown",
    "obstruction": null,
    "obstruction_types": [],
    "kerb_ramp": null,
    "lit": null,
    "eyes_on_street": null,
    "crossing_spacing_m": null,
    "shade": null,
    "shade_modeled": null,
    "drainage": null,
    "length_m": 76.33729403769951,
    "source": "osm",
    "confidence": "med",
    "notes": ""
   }
  },
  {
   "type": "Feature",
   "geometry": {
    "type": "LineString",
    "coordinates": [
     [
      106.8110915,
      -6.2190693
     ],
     [
      106.811067,
      -6.2190621
     ],
     [
      106.8110468,
      -6.2190433
     ],
     [
      106.811048,
      -6.2190143
     ],
     [
      106.8110627,
      -6.2189663
     ],
     [
      106.8111355,
      -6.2187613
     ]
    ]
   },
   "properties": {
    "id": "osm-way-1263553294",
    "street_name": "",
    "side": "n-a",
    "kind": "sidewalk",
    "level": 0,
    "has_sidewalk": "yes",
    "width_m": null,
    "surface": "unknown",
    "obstruction": null,
    "obstruction_types": [],
    "kerb_ramp": null,
    "lit": null,
    "eyes_on_street": null,
    "crossing_spacing_m": null,
    "shade": null,
    "shade_modeled": null,
    "drainage": null,
    "length_m": 38.86321410853887,
    "source": "osm",
    "confidence": "med",
    "notes": ""
   }
  },
  {
   "type": "Feature",
   "geometry": {
    "type": "LineString",
    "coordinates": [
     [
      106.8112101,
      -6.2191046
     ],
     [
      106.8110915,
      -6.2190693
     ]
    ]
   },
   "properties": {
    "id": "osm-way-1263553295",
    "street_name": "",
    "side": "n-a",
    "kind": "sidewalk",
    "level": 0,
    "has_sidewalk": "yes",
    "width_m": null,
    "surface": "unknown",
    "obstruction": null,
    "obstruction_types": [],
    "kerb_ramp": null,
    "lit": null,
    "eyes_on_street": null,
    "crossing_spacing_m": null,
    "shade": null,
    "shade_modeled": null,
    "drainage": null,
    "length_m": 13.685100226931848,
    "source": "osm",
    "confidence": "med",
    "notes": ""
   }
  },
  {
   "type": "Feature",
   "geometry": {
    "type": "LineString",
    "coordinates": [
     [
      106.8116978,
      -6.2188966
     ],
     [
      106.8116616,
      -6.2188819
     ],
     [
      106.8115114,
      -6.2188472
     ],
     [
      106.8114363,
      -6.2188446
     ],
     [
      106.8113505,
      -6.2188752
     ],
     [
      106.8112284,
      -6.2189485
     ],
     [
      106.8111654,
      -6.2190259
     ],
     [
      106.8111278,
      -6.2190939
     ],
     [
      106.8110997,
      -6.2192059
     ],
     [
      106.8111077,
      -6.2193285
     ],
     [
      106.8111589,
      -6.2194865
     ],
     [
      106.81116,
      -6.2194898
     ],
     [
      106.8112231,
      -6.2195792
     ],
     [
      106.8113008,
      -6.2196538
     ],
     [
      106.8114122,
      -6.2197205
     ],
     [
      106.8114993,
      -6.2197525
     ],
     [
      106.8115986,
      -6.2197711
     ],
     [
      106.8117032,
      -6.2197698
     ],
     [
      106.8117662,
      -6.2197631
     ],
     [
      106.8118091,
      -6.2197511
     ]
    ]
   },
   "properties": {
    "id": "osm-way-1263553296",
    "street_name": "",
    "side": "n-a",
    "kind": "sidewalk",
    "level": 0,
    "has_sidewalk": "yes",
    "width_m": null,
    "surface": "unknown",
    "obstruction": null,
    "obstruction_types": [],
    "kerb_ramp": null,
    "lit": null,
    "eyes_on_street": null,
    "crossing_spacing_m": null,
    "shade": null,
    "shade_modeled": null,
    "drainage": null,
    "length_m": 203.94618292841858,
    "source": "osm",
    "confidence": "med",
    "notes": ""
   }
  },
  {
   "type": "Feature",
   "geometry": {
    "type": "LineString",
    "coordinates": [
     [
      106.8110892,
      -6.2191444
     ],
     [
      106.811184,
      -6.2191707
     ]
    ]
   },
   "properties": {
    "id": "osm-way-1263553297",
    "street_name": "",
    "side": "n-a",
    "kind": "sidewalk",
    "level": 0,
    "has_sidewalk": "yes",
    "width_m": null,
    "surface": "unknown",
    "obstruction": null,
    "obstruction_types": [],
    "kerb_ramp": null,
    "lit": null,
    "eyes_on_street": null,
    "crossing_spacing_m": null,
    "shade": null,
    "shade_modeled": null,
    "drainage": null,
    "length_m": 10.879649481615958,
    "source": "osm",
    "confidence": "med",
    "notes": ""
   }
  },
  {
   "type": "Feature",
   "geometry": {
    "type": "LineString",
    "coordinates": [
     [
      106.8124434,
      -6.2178818
     ],
     [
      106.8124505,
      -6.2179061
     ],
     [
      106.8124948,
      -6.2179096
     ],
     [
      106.8125228,
      -6.2179154
     ],
     [
      106.8125333,
      -6.2179339
     ]
    ]
   },
   "properties": {
    "id": "osm-way-1263553298",
    "street_name": "",
    "side": "n-a",
    "kind": "sidewalk",
    "level": 0,
    "has_sidewalk": "yes",
    "width_m": null,
    "surface": "unknown",
    "obstruction": null,
    "obstruction_types": [],
    "kerb_ramp": null,
    "lit": null,
    "eyes_on_street": null,
    "crossing_spacing_m": null,
    "shade": null,
    "shade_modeled": null,
    "drainage": null,
    "length_m": 13.2496901374477,
    "source": "osm",
    "confidence": "med",
    "notes": ""
   }
  },
  {
   "type": "Feature",
   "geometry": {
    "type": "LineString",
    "coordinates": [
     [
      106.8125333,
      -6.2179339
     ],
     [
      106.8125195,
      -6.2181916
     ]
    ]
   },
   "properties": {
    "id": "osm-way-1263553299",
    "street_name": "",
    "side": "n-a",
    "kind": "sidewalk",
    "level": 0,
    "has_sidewalk": "yes",
    "width_m": null,
    "surface": "unknown",
    "obstruction": null,
    "obstruction_types": [],
    "kerb_ramp": null,
    "lit": null,
    "eyes_on_street": null,
    "crossing_spacing_m": null,
    "shade": null,
    "shade_modeled": null,
    "drainage": null,
    "length_m": 28.695508316948164,
    "source": "osm",
    "confidence": "med",
    "notes": ""
   }
  },
  {
   "type": "Feature",
   "geometry": {
    "type": "LineString",
    "coordinates": [
     [
      106.8136506,
      -6.2179439
     ],
     [
      106.8136551,
      -6.2179745
     ],
     [
      106.8135941,
      -6.2179789
     ],
     [
      106.8135083,
      -6.217978
     ],
     [
      106.813341,
      -6.2179728
     ],
     [
      106.8131561,
      -6.2179569
     ],
     [
      106.812724,
      -6.2179247
     ],
     [
      106.8126072,
      -6.2179177
     ],
     [
      106.8125932,
      -6.2179293
     ],
     [
      106.8125897,
      -6.2179421
     ]
    ]
   },
   "properties": {
    "id": "osm-way-1263553300",
    "street_name": "",
    "side": "n-a",
    "kind": "sidewalk",
    "level": 0,
    "has_sidewalk": "yes",
    "width_m": null,
    "surface": "unknown",
    "obstruction": null,
    "obstruction_types": [],
    "kerb_ramp": null,
    "lit": null,
    "eyes_on_street": null,
    "crossing_spacing_m": null,
    "shade": null,
    "shade_modeled": null,
    "drainage": null,
    "length_m": 123.02504648682556,
    "source": "osm",
    "confidence": "med",
    "notes": ""
   }
  },
  {
   "type": "Feature",
   "geometry": {
    "type": "LineString",
    "coordinates": [
     [
      106.8125842,
      -6.2181838
     ],
     [
      106.8125894,
      -6.2179554
     ],
     [
      106.8125897,
      -6.2179421
     ]
    ]
   },
   "properties": {
    "id": "osm-way-1263553301",
    "street_name": "",
    "side": "n-a",
    "kind": "sidewalk",
    "level": 0,
    "has_sidewalk": "yes",
    "width_m": null,
    "surface": "unknown",
    "obstruction": null,
    "obstruction_types": [],
    "kerb_ramp": null,
    "lit": null,
    "eyes_on_street": null,
    "crossing_spacing_m": null,
    "shade": null,
    "shade_modeled": null,
    "drainage": null,
    "length_m": 26.882689597552638,
    "source": "osm",
    "confidence": "med",
    "notes": ""
   }
  },
  {
   "type": "Feature",
   "geometry": {
    "type": "LineString",
    "coordinates": [
     [
      106.8117926,
      -6.2190667
     ],
     [
      106.8117202,
      -6.2190054
     ],
     [
      106.8116216,
      -6.2189549
     ],
     [
      106.8115292,
      -6.2189319
     ],
     [
      106.811426,
      -6.2189411
     ],
     [
      106.8113181,
      -6.2189977
     ],
     [
      106.8112503,
      -6.2190452
     ],
     [
      106.811218,
      -6.2190758
     ],
     [
      106.8112058,
      -6.2191045
     ],
     [
      106.8111767,
      -6.2191704
     ],
     [
      106.8111733,
      -6.2191815
     ],
     [
      106.8111687,
      -6.2192657
     ],
     [
      106.8111697,
      -6.2192692
     ],
     [
      106.8111964,
      -6.2193653
     ],
     [
      106.811255,
      -6.2194694
     ],
     [
      106.811312,
      -6.2195445
     ],
     [
      106.8113952,
      -6.2195981
     ],
     [
      106.8114209,
      -6.2196124
     ],
     [
      106.8114999,
      -6.2196563
     ],
     [
      106.8116232,
      -6.2196731
     ],
     [
      106.8117279,
      -6.2196731
     ],
     [
      106.8118311,
      -6.2196593
     ],
     [
      106.811902,
      -6.2196195
     ],
     [
      106.8120468,
      -6.2195292
     ],
     [
      106.8125629,
      -6.219108
     ],
     [
      106.8128263,
      -6.2188844
     ],
     [
      106.8129172,
      -6.2187864
     ],
     [
      106.812965,
      -6.2187037
     ],
     [
      106.8129911,
      -6.2185842
     ],
     [
      106.812985,
      -6.2184862
     ],
     [
      106.8129603,
      -6.2183928
     ],
     [
      106.8129141,
      -6.2183147
     ],
     [
      106.8128633,
      -6.2182611
     ],
     [
      106.8127708,
      -6.2181937
     ],
     [
      106.8126738,
      -6.21816
     ],
     [
      106.8125983,
      -6.218157
     ],
     [
      106.8124951,
      -6.2181769
     ],
     [
      106.8123796,
      -6.2182274
     ],
     [
      106.8122794,
      -6.2183438
     ],
     [
      106.8122471,
      -6.2184372
     ],
     [
      106.8122352,
      -6.2185232
     ],
     [
      106.8122384,
      -6.2185456
     ],
     [
      106.8122486,
      -6.2186164
     ],
     [
      106.8122686,
      -6.2186914
     ],
     [
      106.8123263,
      -6.2187976
     ]
    ]
   },
   "properties": {
    "id": "osm-way-1263553302",
    "street_name": "",
    "side": "n-a",
    "kind": "sidewalk",
    "level": 0,
    "has_sidewalk": "yes",
    "width_m": null,
    "surface": "unknown",
    "obstruction": null,
    "obstruction_types": [],
    "kerb_ramp": null,
    "lit": null,
    "eyes_on_street": null,
    "crossing_spacing_m": null,
    "shade": null,
    "shade_modeled": null,
    "drainage": null,
    "length_m": 537.8392119202297,
    "source": "osm",
    "confidence": "med",
    "notes": ""
   }
  },
  {
   "type": "Feature",
   "geometry": {
    "type": "LineString",
    "coordinates": [
     [
      106.8129218,
      -6.2196869
     ],
     [
      106.8130096,
      -6.2197773
     ],
     [
      106.8130592,
      -6.2198176
     ],
     [
      106.8130944,
      -6.2198462
     ],
     [
      106.8132176,
      -6.2199044
     ],
     [
      106.8133208,
      -6.2199181
     ],
     [
      106.8134441,
      -6.2198921
     ],
     [
      106.8134689,
      -6.2198746
     ],
     [
      106.8135457,
      -6.2198201
     ],
     [
      106.8135919,
      -6.2197527
     ],
     [
      106.8135991,
      -6.2197353
     ],
     [
      106.8136274,
      -6.219667
     ],
     [
      106.8136412,
      -6.2195828
     ],
     [
      106.8136337,
      -6.2195375
     ],
     [
      106.8136166,
      -6.2194342
     ],
     [
      106.8135673,
      -6.2193423
     ],
     [
      106.8134872,
      -6.2192504
     ],
     [
      106.8133732,
      -6.2191861
     ],
     [
      106.8132638,
      -6.2191509
     ],
     [
      106.8131437,
      -6.219157
     ],
     [
      106.8130789,
      -6.2191672
     ],
     [
      106.8130173,
      -6.2191769
     ],
     [
      106.8129003,
      -6.2192275
     ],
     [
      106.8127339,
      -6.2193622
     ],
     [
      106.8127117,
      -6.2193806
     ],
     [
      106.8121839,
      -6.2198171
     ],
     [
      106.8121076,
      -6.2198817
     ],
     [
      106.8120899,
      -6.2198967
     ],
     [
      106.8120268,
      -6.2199656
     ],
     [
      106.811979,
      -6.2200376
     ],
     [
      106.811942,
      -6.220128
     ],
     [
      106.8119313,
      -6.2202015
     ],
     [
      106.8119328,
      -6.2202949
     ],
     [
      106.8119559,
      -6.2204082
     ],
     [
      106.8120222,
      -6.2205231
     ],
     [
      106.8120946,
      -6.2205966
     ],
     [
      106.8121978,
      -6.2206517
     ],
     [
      106.8123095,
      -6.2206592
     ],
     [
      106.8123349,
      -6.2206609
     ],
     [
      106.8124859,
      -6.220595
     ],
     [
      106.8125567,
      -6.2205062
     ],
     [
      106.8125937,
      -6.220422
     ],
     [
      106.8126029,
      -6.2203454
     ],
     [
      106.8125954,
      -6.2203195
     ],
     [
      106.8125814,
      -6.2202535
     ],
     [
      106.8125244,
      -6.220128
     ]
    ]
   },
   "properties": {
    "id": "osm-way-1263553303",
    "street_name": "",
    "side": "n-a",
    "kind": "sidewalk",
    "level": 0,
    "has_sidewalk": "yes",
    "width_m": null,
    "surface": "unknown",
    "obstruction": null,
    "obstruction_types": [],
    "kerb_ramp": null,
    "lit": null,
    "eyes_on_street": null,
    "crossing_spacing_m": null,
    "shade": null,
    "shade_modeled": null,
    "drainage": null,
    "length_m": 528.3458579424984,
    "source": "osm",
    "confidence": "med",
    "notes": ""
   }
  },
  {
   "type": "Feature",
   "geometry": {
    "type": "LineString",
    "coordinates": [
     [
      106.8123263,
      -6.2187976
     ],
     [
      106.8125259,
      -6.2191019
     ],
     [
      106.812891,
      -6.2196414
     ],
     [
      106.8129218,
      -6.2196869
     ]
    ]
   },
   "properties": {
    "id": "osm-way-1263553304",
    "street_name": "",
    "side": "n-a",
    "kind": "sidewalk",
    "level": 0,
    "has_sidewalk": "yes",
    "width_m": null,
    "surface": "unknown",
    "obstruction": null,
    "obstruction_types": [],
    "kerb_ramp": null,
    "lit": null,
    "eyes_on_street": null,
    "crossing_spacing_m": null,
    "shade": null,
    "shade_modeled": null,
    "drainage": null,
    "length_m": 118.79479609747301,
    "source": "osm",
    "confidence": "med",
    "notes": ""
   }
  },
  {
   "type": "Feature",
   "geometry": {
    "type": "LineString",
    "coordinates": [
     [
      106.8125244,
      -6.220128
     ],
     [
      106.8124535,
      -6.2200024
     ],
     [
      106.8124404,
      -6.2199824
     ],
     [
      106.8124081,
      -6.2199329
     ],
     [
      106.8122994,
      -6.2197665
     ],
     [
      106.8122798,
      -6.2197374
     ],
     [
      106.8121067,
      -6.2194802
     ],
     [
      106.8120283,
      -6.2193638
     ],
     [
      106.8119667,
      -6.2192807
     ],
     [
      106.8119268,
      -6.2192269
     ],
     [
      106.8118837,
      -6.2191688
     ],
     [
      106.8117926,
      -6.2190667
     ]
    ]
   },
   "properties": {
    "id": "osm-way-1263553305",
    "street_name": "",
    "side": "n-a",
    "kind": "sidewalk",
    "level": 0,
    "has_sidewalk": "yes",
    "width_m": null,
    "surface": "unknown",
    "obstruction": null,
    "obstruction_types": [],
    "kerb_ramp": null,
    "lit": null,
    "eyes_on_street": null,
    "crossing_spacing_m": null,
    "shade": null,
    "shade_modeled": null,
    "drainage": null,
    "length_m": 143.28569204127143,
    "source": "osm",
    "confidence": "med",
    "notes": ""
   }
  },
  {
   "type": "Feature",
   "geometry": {
    "type": "LineString",
    "coordinates": [
     [
      106.811184,
      -6.2191707
     ],
     [
      106.8113577,
      -6.2192187
     ],
     [
      106.8113843,
      -6.2192269
     ],
     [
      106.8116274,
      -6.2193023
     ],
     [
      106.8117306,
      -6.2193305
     ],
     [
      106.8117336,
      -6.2193313
     ],
     [
      106.8118048,
      -6.2193359
     ],
     [
      106.8118679,
      -6.2193255
     ],
     [
      106.8119438,
      -6.2192941
     ]
    ]
   },
   "properties": {
    "id": "osm-way-1263553306",
    "street_name": "",
    "side": "n-a",
    "kind": "sidewalk",
    "level": 0,
    "has_sidewalk": "yes",
    "width_m": null,
    "surface": "unknown",
    "obstruction": null,
    "obstruction_types": [],
    "kerb_ramp": null,
    "lit": null,
    "eyes_on_street": null,
    "crossing_spacing_m": null,
    "shade": null,
    "shade_modeled": null,
    "drainage": null,
    "length_m": 87.37652050441949,
    "source": "osm",
    "confidence": "med",
    "notes": ""
   }
  },
  {
   "type": "Feature",
   "geometry": {
    "type": "LineString",
    "coordinates": [
     [
      106.8118912,
      -6.2192487
     ],
     [
      106.8118714,
      -6.2192594
     ],
     [
      106.8118107,
      -6.219271
     ],
     [
      106.8117453,
      -6.219264
     ],
     [
      106.8116654,
      -6.2192399
     ],
     [
      106.8116414,
      -6.2192327
     ],
     [
      106.8116148,
      -6.2192248
     ],
     [
      106.8112101,
      -6.2191046
     ]
    ]
   },
   "properties": {
    "id": "osm-way-1263553307",
    "street_name": "",
    "side": "n-a",
    "kind": "sidewalk",
    "level": 0,
    "has_sidewalk": "yes",
    "width_m": null,
    "surface": "unknown",
    "obstruction": null,
    "obstruction_types": [],
    "kerb_ramp": null,
    "lit": null,
    "eyes_on_street": null,
    "crossing_spacing_m": null,
    "shade": null,
    "shade_modeled": null,
    "drainage": null,
    "length_m": 78.35438101053697,
    "source": "osm",
    "confidence": "med",
    "notes": ""
   }
  },
  {
   "type": "Feature",
   "geometry": {
    "type": "LineString",
    "coordinates": [
     [
      106.8119438,
      -6.2192941
     ],
     [
      106.8124464,
      -6.218939
     ]
    ]
   },
   "properties": {
    "id": "osm-way-1263553308",
    "street_name": "",
    "side": "n-a",
    "kind": "sidewalk",
    "level": 0,
    "has_sidewalk": "yes",
    "width_m": null,
    "surface": "unknown",
    "obstruction": null,
    "obstruction_types": [],
    "kerb_ramp": null,
    "lit": null,
    "eyes_on_street": null,
    "crossing_spacing_m": null,
    "shade": null,
    "shade_modeled": null,
    "drainage": null,
    "length_m": 68.15970323325051,
    "source": "osm",
    "confidence": "med",
    "notes": ""
   }
  },
  {
   "type": "Feature",
   "geometry": {
    "type": "LineString",
    "coordinates": [
     [
      106.8124038,
      -6.2188589
     ],
     [
      106.8123571,
      -6.2188949
     ],
     [
      106.8119156,
      -6.219235
     ],
     [
      106.8118912,
      -6.2192487
     ]
    ]
   },
   "properties": {
    "id": "osm-way-1263553309",
    "street_name": "",
    "side": "n-a",
    "kind": "sidewalk",
    "level": 0,
    "has_sidewalk": "yes",
    "width_m": null,
    "surface": "unknown",
    "obstruction": null,
    "obstruction_types": [],
    "kerb_ramp": null,
    "lit": null,
    "eyes_on_street": null,
    "crossing_spacing_m": null,
    "shade": null,
    "shade_modeled": null,
    "drainage": null,
    "length_m": 71.37111240562,
    "source": "osm",
    "confidence": "med",
    "notes": ""
   }
  },
  {
   "type": "Feature",
   "geometry": {
    "type": "LineString",
    "coordinates": [
     [
      106.8140736,
      -6.2177468
     ],
     [
      106.8142045,
      -6.2176482
     ],
     [
      106.8148512,
      -6.217126
     ],
     [
      106.8149212,
      -6.2170695
     ],
     [
      106.8150251,
      -6.2170049
     ],
     [
      106.8151579,
      -6.2169156
     ],
     [
      106.8155096,
      -6.2166452
     ],
     [
      106.8155877,
      -6.2165493
     ],
     [
      106.8157165,
      -6.2164544
     ],
     [
      106.8157577,
      -6.2164246
     ],
     [
      106.8161008,
      -6.2161535
     ]
    ]
   },
   "properties": {
    "id": "osm-way-1263553310",
    "street_name": "",
    "side": "n-a",
    "kind": "sidewalk",
    "level": 0,
    "has_sidewalk": "yes",
    "width_m": null,
    "surface": "unknown",
    "obstruction": null,
    "obstruction_types": [],
    "kerb_ramp": null,
    "lit": null,
    "eyes_on_street": null,
    "crossing_spacing_m": null,
    "shade": null,
    "shade_modeled": null,
    "drainage": null,
    "length_m": 286.15788731053635,
    "source": "osm",
    "confidence": "med",
    "notes": ""
   }
  },
  {
   "type": "Feature",
   "geometry": {
    "type": "LineString",
    "coordinates": [
     [
      106.8115906,
      -6.2176027
     ],
     [
      106.811617,
      -6.2176461
     ],
     [
      106.8117004,
      -6.2177017
     ],
     [
      106.8118152,
      -6.2177492
     ],
     [
      106.8119646,
      -6.2177633
     ],
     [
      106.812442,
      -6.2178118
     ],
     [
      106.8125267,
      -6.2178181
     ],
     [
      106.8128734,
      -6.2178437
     ],
     [
      106.8129658,
      -6.2178505
     ],
     [
      106.8133586,
      -6.2178769
     ],
     [
      106.8134967,
      -6.2178787
     ],
     [
      106.8137037,
      -6.2178646
     ],
     [
      106.8137516,
      -6.2178555
     ],
     [
      106.8138545,
      -6.2178358
     ],
     [
      106.8139249,
      -6.2178224
     ],
     [
      106.8140736,
      -6.2177468
     ]
    ]
   },
   "properties": {
    "id": "osm-way-1263553311",
    "street_name": "",
    "side": "n-a",
    "kind": "sidewalk",
    "level": 0,
    "has_sidewalk": "yes",
    "width_m": null,
    "surface": "unknown",
    "obstruction": null,
    "obstruction_types": [],
    "kerb_ramp": null,
    "lit": null,
    "eyes_on_street": null,
    "crossing_spacing_m": null,
    "shade": null,
    "shade_modeled": null,
    "drainage": null,
    "length_m": 283.26444360960585,
    "source": "osm",
    "confidence": "med",
    "notes": ""
   }
  },
  {
   "type": "Feature",
   "geometry": {
    "type": "LineString",
    "coordinates": [
     [
      106.8161008,
      -6.2161535
     ],
     [
      106.8161351,
      -6.2161278
     ],
     [
      106.8162071,
      -6.2160739
     ]
    ]
   },
   "properties": {
    "id": "osm-way-1263553312",
    "street_name": "",
    "side": "n-a",
    "kind": "crossing",
    "level": 0,
    "has_sidewalk": "unknown",
    "width_m": null,
    "surface": "unknown",
    "obstruction": null,
    "obstruction_types": [],
    "kerb_ramp": null,
    "lit": null,
    "eyes_on_street": null,
    "crossing_spacing_m": null,
    "shade": null,
    "shade_modeled": null,
    "drainage": null,
    "length_m": 14.711122159870655,
    "source": "osm",
    "confidence": "med",
    "notes": ""
   }
  },
  {
   "type": "Feature",
   "geometry": {
    "type": "LineString",
    "coordinates": [
     [
      106.81442,
      -6.2177048
     ],
     [
      106.8143998,
      -6.2176857
     ],
     [
      106.8141721,
      -6.2178629
     ],
     [
      106.8139824,
      -6.2180104
     ],
     [
      106.8132953,
      -6.2185617
     ],
     [
      106.813018,
      -6.2187823
     ],
     [
      106.8130303,
      -6.2187379
     ],
     [
      106.8130534,
      -6.2186613
     ],
     [
      106.8130659,
      -6.2185777
     ],
     [
      106.8130657,
      -6.218476
     ],
     [
      106.8130288,
      -6.2183581
     ],
     [
      106.8129594,
      -6.2182555
     ],
     [
      106.8128824,
      -6.2181819
     ],
     [
      106.8127999,
      -6.2181331
     ],
     [
      106.812713,
      -6.2180977
     ],
     [
      106.8126344,
      -6.2180901
     ],
     [
      106.8125096,
      -6.2180916
     ],
     [
      106.8123895,
      -6.2181314
     ],
     [
      106.8122847,
      -6.2182126
     ],
     [
      106.8122107,
      -6.2183045
     ],
     [
      106.8121815,
      -6.2183718
     ],
     [
      106.8121578,
      -6.2184903
     ],
     [
      106.8121618,
      -6.2186185
     ],
     [
      106.8120707,
      -6.2184969
     ],
     [
      106.8118678,
      -6.2181951
     ],
     [
      106.8118165,
      -6.2181187
     ],
     [
      106.8117384,
      -6.2179983
     ],
     [
      106.811665,
      -6.2178898
     ],
     [
      106.8116557,
      -6.2178769
     ],
     [
      106.8116335,
      -6.217844
     ],
     [
      106.8115833,
      -6.2178193
     ]
    ]
   },
   "properties": {
    "id": "osm-way-1263553315",
    "street_name": "",
    "side": "n-a",
    "kind": "sidewalk",
    "level": 0,
    "has_sidewalk": "yes",
    "width_m": null,
    "surface": "unknown",
    "obstruction": null,
    "obstruction_types": [],
    "kerb_ramp": null,
    "lit": null,
    "eyes_on_street": null,
    "crossing_spacing_m": null,
    "shade": null,
    "shade_modeled": null,
    "drainage": null,
    "length_m": 503.9428507684139,
    "source": "osm",
    "confidence": "med",
    "notes": ""
   }
  },
  {
   "type": "Feature",
   "geometry": {
    "type": "LineString",
    "coordinates": [
     [
      106.8162071,
      -6.2160739
     ],
     [
      106.8165657,
      -6.2157863
     ],
     [
      106.8167793,
      -6.215615
     ],
     [
      106.8168878,
      -6.2155296
     ],
     [
      106.817032,
      -6.2154159
     ],
     [
      106.8170474,
      -6.2153777
     ],
     [
      106.8173325,
      -6.21515
     ],
     [
      106.8175866,
      -6.2149471
     ],
     [
      106.8177886,
      -6.2147858
     ],
     [
      106.8178068,
      -6.2147712
     ],
     [
      106.8179701,
      -6.2146272
     ],
     [
      106.818041,
      -6.214566
     ],
     [
      106.8180664,
      -6.2145201
     ],
     [
      106.8180847,
      -6.2144615
     ],
     [
      106.8180948,
      -6.2143806
     ],
     [
      106.8180969,
      -6.2143635
     ],
     [
      106.8180817,
      -6.2142665
     ]
    ]
   },
   "properties": {
    "id": "osm-way-1263553316",
    "street_name": "",
    "side": "n-a",
    "kind": "sidewalk",
    "level": 0,
    "has_sidewalk": "yes",
    "width_m": null,
    "surface": "unknown",
    "obstruction": null,
    "obstruction_types": [],
    "kerb_ramp": null,
    "lit": null,
    "eyes_on_street": null,
    "crossing_spacing_m": null,
    "shade": null,
    "shade_modeled": null,
    "drainage": null,
    "length_m": 298.2206426421744,
    "source": "osm",
    "confidence": "med",
    "notes": ""
   }
  },
  {
   "type": "Feature",
   "geometry": {
    "type": "LineString",
    "coordinates": [
     [
      106.818041,
      -6.214566
     ],
     [
      106.8180573,
      -6.2145828
     ],
     [
      106.8179693,
      -6.2146608
     ]
    ]
   },
   "properties": {
    "id": "osm-way-1263553317",
    "street_name": "",
    "side": "n-a",
    "kind": "footway",
    "level": 0,
    "has_sidewalk": "unknown",
    "width_m": null,
    "surface": "unknown",
    "obstruction": null,
    "obstruction_types": [],
    "kerb_ramp": null,
    "lit": null,
    "eyes_on_street": null,
    "crossing_spacing_m": null,
    "shade": null,
    "shade_modeled": null,
    "drainage": null,
    "length_m": 15.628149007419701,
    "source": "osm",
    "confidence": "med",
    "notes": ""
   }
  },
  {
   "type": "Feature",
   "geometry": {
    "type": "LineString",
    "coordinates": [
     [
      106.8175866,
      -6.2149471
     ],
     [
      106.817603,
      -6.2149696
     ],
     [
      106.8176711,
      -6.2149161
     ]
    ]
   },
   "properties": {
    "id": "osm-way-1263553318",
    "street_name": "",
    "side": "n-a",
    "kind": "footway",
    "level": 0,
    "has_sidewalk": "unknown",
    "width_m": null,
    "surface": "unknown",
    "obstruction": null,
    "obstruction_types": [],
    "kerb_ramp": null,
    "lit": null,
    "eyes_on_street": null,
    "crossing_spacing_m": null,
    "shade": null,
    "shade_modeled": null,
    "drainage": null,
    "length_m": 12.684370263655376,
    "source": "osm",
    "confidence": "med",
    "notes": ""
   }
  },
  {
   "type": "Feature",
   "geometry": {
    "type": "LineString",
    "coordinates": [
     [
      106.8173325,
      -6.21515
     ],
     [
      106.8173529,
      -6.2151741
     ],
     [
      106.8174466,
      -6.2150956
     ]
    ]
   },
   "properties": {
    "id": "osm-way-1263553319",
    "street_name": "",
    "side": "n-a",
    "kind": "footway",
    "level": 0,
    "has_sidewalk": "unknown",
    "width_m": null,
    "surface": "unknown",
    "obstruction": null,
    "obstruction_types": [],
    "kerb_ramp": null,
    "lit": null,
    "eyes_on_street": null,
    "crossing_spacing_m": null,
    "shade": null,
    "shade_modeled": null,
    "drainage": null,
    "length_m": 17.04763665870835,
    "source": "osm",
    "confidence": "med",
    "notes": ""
   }
  },
  {
   "type": "Feature",
   "geometry": {
    "type": "LineString",
    "coordinates": [
     [
      106.8180948,
      -6.2143806
     ],
     [
      106.8181426,
      -6.2143549
     ],
     [
      106.818175,
      -6.2143332
     ]
    ]
   },
   "properties": {
    "id": "osm-way-1263553320",
    "street_name": "",
    "side": "n-a",
    "kind": "crossing",
    "level": 0,
    "has_sidewalk": "unknown",
    "width_m": null,
    "surface": "unknown",
    "obstruction": null,
    "obstruction_types": [],
    "kerb_ramp": null,
    "lit": null,
    "eyes_on_street": null,
    "crossing_spacing_m": null,
    "shade": null,
    "shade_modeled": null,
    "drainage": null,
    "length_m": 10.325687739828975,
    "source": "osm",
    "confidence": "med",
    "notes": ""
   }
  },
  {
   "type": "Feature",
   "geometry": {
    "type": "LineString",
    "coordinates": [
     [
      106.8185731,
      -6.2139456
     ],
     [
      106.818175,
      -6.2143332
     ]
    ]
   },
   "properties": {
    "id": "osm-way-1263553321",
    "street_name": "",
    "side": "n-a",
    "kind": "sidewalk",
    "level": 0,
    "has_sidewalk": "yes",
    "width_m": null,
    "surface": "unknown",
    "obstruction": null,
    "obstruction_types": [],
    "kerb_ramp": null,
    "lit": null,
    "eyes_on_street": null,
    "crossing_spacing_m": null,
    "shade": null,
    "shade_modeled": null,
    "drainage": null,
    "length_m": 61.596412443635685,
    "source": "osm",
    "confidence": "med",
    "notes": ""
   }
  },
  {
   "type": "Feature",
   "geometry": {
    "type": "LineString",
    "coordinates": [
     [
      106.8185731,
      -6.2139456
     ],
     [
      106.8185752,
      -6.2139012
     ],
     [
      106.8185775,
      -6.2138546
     ]
    ]
   },
   "properties": {
    "id": "osm-way-1263553322",
    "street_name": "",
    "side": "n-a",
    "kind": "crossing",
    "level": 0,
    "has_sidewalk": "unknown",
    "width_m": null,
    "surface": "unknown",
    "obstruction": null,
    "obstruction_types": [],
    "kerb_ramp": null,
    "lit": null,
    "eyes_on_street": null,
    "crossing_spacing_m": null,
    "shade": null,
    "shade_modeled": null,
    "drainage": null,
    "length_m": 10.130426486022248,
    "source": "osm",
    "confidence": "med",
    "notes": ""
   }
  },
  {
   "type": "Feature",
   "geometry": {
    "type": "LineString",
    "coordinates": [
     [
      106.8184412,
      -6.2138119
     ],
     [
      106.8184785,
      -6.2138316
     ],
     [
      106.8185416,
      -6.2138502
     ],
     [
      106.8185775,
      -6.2138546
     ],
     [
      106.8185988,
      -6.2138571
     ],
     [
      106.8187307,
      -6.2138432
     ],
     [
      106.8187949,
      -6.2138188
     ],
     [
      106.8188743,
      -6.2137411
     ],
     [
      106.8189724,
      -6.2136111
     ],
     [
      106.8192996,
      -6.2131565
     ],
     [
      106.8193352,
      -6.2131071
     ],
     [
      106.8194715,
      -6.2129215
     ],
     [
      106.8195805,
      -6.2127732
     ],
     [
      106.8196325,
      -6.2127024
     ],
     [
      106.8197616,
      -6.2124861
     ],
     [
      106.8200112,
      -6.2120128
     ],
     [
      106.8201012,
      -6.211822
     ],
     [
      106.8201846,
      -6.2116449
     ],
     [
      106.8202302,
      -6.2115483
     ],
     [
      106.8204448,
      -6.2111084
     ],
     [
      106.8206109,
      -6.2107825
     ],
     [
      106.8209383,
      -6.2101404
     ],
     [
      106.8209974,
      -6.2100235
     ],
     [
      106.8210603,
      -6.2098991
     ],
     [
      106.8210389,
      -6.2098831
     ],
     [
      106.8211606,
      -6.2096326
     ],
     [
      106.8212856,
      -6.2093752
     ],
     [
      106.8213031,
      -6.2093298
     ],
     [
      106.82131,
      -6.209312
     ],
     [
      106.821373,
      -6.2091307
     ]
    ]
   },
   "properties": {
    "id": "osm-way-1263553323",
    "street_name": "",
    "side": "n-a",
    "kind": "sidewalk",
    "level": 0,
    "has_sidewalk": "yes",
    "width_m": null,
    "surface": "unknown",
    "obstruction": null,
    "obstruction_types": [],
    "kerb_ramp": null,
    "lit": null,
    "eyes_on_street": null,
    "crossing_spacing_m": null,
    "shade": null,
    "shade_modeled": null,
    "drainage": null,
    "length_m": 639.6252151655376,
    "source": "osm",
    "confidence": "med",
    "notes": ""
   }
  },
  {
   "type": "Feature",
   "geometry": {
    "type": "LineString",
    "coordinates": [
     [
      106.8123882,
      -6.2210054
     ],
     [
      106.8123907,
      -6.2209755
     ],
     [
      106.8123942,
      -6.2209325
     ]
    ]
   },
   "properties": {
    "id": "osm-way-1263558110",
    "street_name": "",
    "side": "n-a",
    "kind": "crossing",
    "level": 0,
    "has_sidewalk": "unknown",
    "width_m": null,
    "surface": "unknown",
    "obstruction": null,
    "obstruction_types": [],
    "kerb_ramp": null,
    "lit": null,
    "eyes_on_street": null,
    "crossing_spacing_m": null,
    "shade": null,
    "shade_modeled": null,
    "drainage": null,
    "length_m": 8.133202745601105,
    "source": "osm",
    "confidence": "med",
    "notes": ""
   }
  },
  {
   "type": "Feature",
   "geometry": {
    "type": "LineString",
    "coordinates": [
     [
      106.8131391,
      -6.2211276
     ],
     [
      106.8131331,
      -6.2210962
     ],
     [
      106.8130365,
      -6.2210517
     ],
     [
      106.8129501,
      -6.2210184
     ],
     [
      106.8128302,
      -6.220988
     ],
     [
      106.8127123,
      -6.2209688
     ],
     [
      106.8123942,
      -6.2209325
     ],
     [
      106.8123047,
      -6.2209284
     ],
     [
      106.8122864,
      -6.2209224
     ],
     [
      106.8122813,
      -6.2209123
     ]
    ]
   },
   "properties": {
    "id": "osm-way-1263558111",
    "street_name": "",
    "side": "n-a",
    "kind": "sidewalk",
    "level": 0,
    "has_sidewalk": "yes",
    "width_m": null,
    "surface": "unknown",
    "obstruction": null,
    "obstruction_types": [],
    "kerb_ramp": null,
    "lit": null,
    "eyes_on_street": null,
    "crossing_spacing_m": null,
    "shade": null,
    "shade_modeled": null,
    "drainage": null,
    "length_m": 101.13492282150553,
    "source": "osm",
    "confidence": "med",
    "notes": ""
   }
  },
  {
   "type": "Feature",
   "geometry": {
    "type": "LineString",
    "coordinates": [
     [
      106.8135796,
      -6.219729
     ],
     [
      106.8135614,
      -6.2197235
     ],
     [
      106.8132566,
      -6.2196202
     ],
     [
      106.8130909,
      -6.2195727
     ],
     [
      106.8130278,
      -6.2195773
     ],
     [
      106.8129834,
      -6.2195877
     ],
     [
      106.8129251,
      -6.2196133
     ],
     [
      106.8128994,
      -6.2196342
     ],
     [
      106.8123985,
      -6.2200137
     ],
     [
      106.8123763,
      -6.2200427
     ],
     [
      106.8123577,
      -6.2200799
     ],
     [
      106.8123504,
      -6.220112
     ],
     [
      106.8123341,
      -6.2203286
     ],
     [
      106.8123108,
      -6.2206374
     ]
    ]
   },
   "properties": {
    "id": "osm-way-1263558112",
    "street_name": "",
    "side": "n-a",
    "kind": "sidewalk",
    "level": 0,
    "has_sidewalk": "yes",
    "width_m": null,
    "surface": "unknown",
    "obstruction": null,
    "obstruction_types": [],
    "kerb_ramp": null,
    "lit": null,
    "eyes_on_street": null,
    "crossing_spacing_m": null,
    "shade": null,
    "shade_modeled": null,
    "drainage": null,
    "length_m": 220.0476445563342,
    "source": "osm",
    "confidence": "med",
    "notes": ""
   }
  },
  {
   "type": "Feature",
   "geometry": {
    "type": "LineString",
    "coordinates": [
     [
      106.8122813,
      -6.2209123
     ],
     [
      106.8123108,
      -6.2206374
     ]
    ]
   },
   "properties": {
    "id": "osm-way-1263558113",
    "street_name": "",
    "side": "n-a",
    "kind": "sidewalk",
    "level": 0,
    "has_sidewalk": "yes",
    "width_m": null,
    "surface": "unknown",
    "obstruction": null,
    "obstruction_types": [],
    "kerb_ramp": null,
    "lit": null,
    "eyes_on_street": null,
    "crossing_spacing_m": null,
    "shade": null,
    "shade_modeled": null,
    "drainage": null,
    "length_m": 30.740931331816103,
    "source": "osm",
    "confidence": "med",
    "notes": ""
   }
  },
  {
   "type": "Feature",
   "geometry": {
    "type": "LineString",
    "coordinates": [
     [
      106.810962,
      -6.220909
     ],
     [
      106.8109786,
      -6.2208942
     ],
     [
      106.8111677,
      -6.2208617
     ],
     [
      106.8112915,
      -6.2208571
     ],
     [
      106.8114357,
      -6.2208652
     ],
     [
      106.8117639,
      -6.2208986
     ],
     [
      106.8121522,
      -6.2209198
     ],
     [
      106.8122213,
      -6.2209238
     ],
     [
      106.8122335,
      -6.2209127
     ]
    ]
   },
   "properties": {
    "id": "osm-way-1263558114",
    "street_name": "",
    "side": "n-a",
    "kind": "sidewalk",
    "level": 0,
    "has_sidewalk": "yes",
    "width_m": null,
    "surface": "unknown",
    "obstruction": null,
    "obstruction_types": [],
    "kerb_ramp": null,
    "lit": null,
    "eyes_on_street": null,
    "crossing_spacing_m": null,
    "shade": null,
    "shade_modeled": null,
    "drainage": null,
    "length_m": 142.27351918938467,
    "source": "osm",
    "confidence": "med",
    "notes": ""
   }
  },
  {
   "type": "Feature",
   "geometry": {
    "type": "LineString",
    "coordinates": [
     [
      106.8122631,
      -6.2206275
     ],
     [
      106.812264,
      -6.2206116
     ],
     [
      106.8122845,
      -6.2202657
     ],
     [
      106.812292,
      -6.2201387
     ],
     [
      106.8123002,
      -6.2200737
     ],
     [
      106.8123201,
      -6.2200342
     ],
     [
      106.8123761,
      -6.2199588
     ],
     [
      106.8128506,
      -6.2195809
     ],
     [
      106.81289,
      -6.2195495
     ],
     [
      106.8129423,
      -6.2195084
     ],
     [
      106.8129972,
      -6.2194934
     ],
     [
      106.8130929,
      -6.219505
     ],
     [
      106.8133089,
      -6.2195618
     ],
     [
      106.8136055,
      -6.2196663
     ]
    ]
   },
   "properties": {
    "id": "osm-way-1263558116",
    "street_name": "",
    "side": "n-a",
    "kind": "sidewalk",
    "level": 0,
    "has_sidewalk": "yes",
    "width_m": null,
    "surface": "unknown",
    "obstruction": null,
    "obstruction_types": [],
    "kerb_ramp": null,
    "lit": null,
    "eyes_on_street": null,
    "crossing_spacing_m": null,
    "shade": null,
    "shade_modeled": null,
    "drainage": null,
    "length_m": 233.65664082392794,
    "source": "osm",
    "confidence": "med",
    "notes": ""
   }
  },
  {
   "type": "Feature",
   "geometry": {
    "type": "LineString",
    "coordinates": [
     [
      106.8122335,
      -6.2209127
     ],
     [
      106.8122601,
      -6.220656
     ],
     [
      106.8122631,
      -6.2206275
     ]
    ]
   },
   "properties": {
    "id": "osm-way-1263558117",
    "street_name": "",
    "side": "n-a",
    "kind": "sidewalk",
    "level": 0,
    "has_sidewalk": "yes",
    "width_m": null,
    "surface": "unknown",
    "obstruction": null,
    "obstruction_types": [],
    "kerb_ramp": null,
    "lit": null,
    "eyes_on_street": null,
    "crossing_spacing_m": null,
    "shade": null,
    "shade_modeled": null,
    "drainage": null,
    "length_m": 31.881144859564305,
    "source": "osm",
    "confidence": "med",
    "notes": ""
   }
  },
  {
   "type": "Feature",
   "geometry": {
    "type": "LineString",
    "coordinates": [
     [
      106.8137194,
      -6.2197009
     ],
     [
      106.8138004,
      -6.219729
     ],
     [
      106.8138366,
      -6.2197348
     ],
     [
      106.8138553,
      -6.2197255
     ],
     [
      106.8138705,
      -6.2196872
     ],
     [
      106.8139277,
      -6.2194864
     ],
     [
      106.813955,
      -6.2194001
     ],
     [
      106.8139882,
      -6.2193568
     ]
    ]
   },
   "properties": {
    "id": "osm-way-1263558118",
    "street_name": "",
    "side": "n-a",
    "kind": "sidewalk",
    "level": 0,
    "has_sidewalk": "yes",
    "width_m": null,
    "surface": "unknown",
    "obstruction": null,
    "obstruction_types": [],
    "kerb_ramp": null,
    "lit": null,
    "eyes_on_street": null,
    "crossing_spacing_m": null,
    "shade": null,
    "shade_modeled": null,
    "drainage": null,
    "length_m": 59.74541697507769,
    "source": "osm",
    "confidence": "med",
    "notes": ""
   }
  },
  {
   "type": "Feature",
   "geometry": {
    "type": "LineString",
    "coordinates": [
     [
      106.8136055,
      -6.2196663
     ],
     [
      106.8136255,
      -6.2196724
     ],
     [
      106.8137194,
      -6.2197009
     ]
    ]
   },
   "properties": {
    "id": "osm-way-1263558119",
    "street_name": "",
    "side": "n-a",
    "kind": "sidewalk",
    "level": 0,
    "has_sidewalk": "yes",
    "width_m": null,
    "surface": "unknown",
    "obstruction": null,
    "obstruction_types": [],
    "kerb_ramp": null,
    "lit": null,
    "eyes_on_street": null,
    "crossing_spacing_m": null,
    "shade": null,
    "shade_modeled": null,
    "drainage": null,
    "length_m": 13.165262151083116,
    "source": "osm",
    "confidence": "med",
    "notes": ""
   }
  },
  {
   "type": "Feature",
   "geometry": {
    "type": "LineString",
    "coordinates": [
     [
      106.8130085,
      -6.2191134
     ],
     [
      106.8130668,
      -6.2190913
     ],
     [
      106.8131684,
      -6.2190681
     ],
     [
      106.8132852,
      -6.2190751
     ],
     [
      106.8134042,
      -6.2191157
     ],
     [
      106.8135047,
      -6.2191714
     ],
     [
      106.81357,
      -6.219226
     ],
     [
      106.8136296,
      -6.2192979
     ],
     [
      106.8136844,
      -6.2194047
     ],
     [
      106.813723,
      -6.2195289
     ],
     [
      106.8137347,
      -6.2196125
     ],
     [
      106.8136961,
      -6.2197459
     ],
     [
      106.8136634,
      -6.2198156
     ],
     [
      106.8136004,
      -6.2199049
     ],
     [
      106.813486,
      -6.2199723
     ],
     [
      106.8133704,
      -6.2200071
     ],
     [
      106.8132315,
      -6.2200117
     ],
     [
      106.8131544,
      -6.2199746
     ],
     [
      106.8130949,
      -6.2199351
     ]
    ]
   },
   "properties": {
    "id": "osm-way-1263558121",
    "street_name": "",
    "side": "n-a",
    "kind": "sidewalk",
    "level": 0,
    "has_sidewalk": "yes",
    "width_m": null,
    "surface": "unknown",
    "obstruction": null,
    "obstruction_types": [],
    "kerb_ramp": null,
    "lit": null,
    "eyes_on_street": null,
    "crossing_spacing_m": null,
    "shade": null,
    "shade_modeled": null,
    "drainage": null,
    "length_m": 211.85118506232192,
    "source": "osm",
    "confidence": "med",
    "notes": ""
   }
  },
  {
   "type": "Feature",
   "geometry": {
    "type": "LineString",
    "coordinates": [
     [
      106.8137073,
      -6.2197676
     ],
     [
      106.8135796,
      -6.219729
     ]
    ]
   },
   "properties": {
    "id": "osm-way-1263558122",
    "street_name": "",
    "side": "n-a",
    "kind": "sidewalk",
    "level": 0,
    "has_sidewalk": "yes",
    "width_m": null,
    "surface": "unknown",
    "obstruction": null,
    "obstruction_types": [],
    "kerb_ramp": null,
    "lit": null,
    "eyes_on_street": null,
    "crossing_spacing_m": null,
    "shade": null,
    "shade_modeled": null,
    "drainage": null,
    "length_m": 14.75411922890658,
    "source": "osm",
    "confidence": "med",
    "notes": ""
   }
  },
  {
   "type": "Feature",
   "geometry": {
    "type": "LineString",
    "coordinates": [
     [
      106.8138166,
      -6.2198798
     ],
     [
      106.813832,
      -6.2198848
     ],
     [
      106.8138688,
      -6.2199056
     ]
    ]
   },
   "properties": {
    "id": "osm-way-1263558124",
    "street_name": "",
    "side": "n-a",
    "kind": "crossing",
    "level": 0,
    "has_sidewalk": "unknown",
    "width_m": null,
    "surface": "unknown",
    "obstruction": null,
    "obstruction_types": [],
    "kerb_ramp": null,
    "lit": null,
    "eyes_on_street": null,
    "crossing_spacing_m": null,
    "shade": null,
    "shade_modeled": null,
    "drainage": null,
    "length_m": 6.470233597161063,
    "source": "osm",
    "confidence": "med",
    "notes": ""
   }
  },
  {
   "type": "Feature",
   "geometry": {
    "type": "LineString",
    "coordinates": [
     [
      106.8146964,
      -6.2223013
     ],
     [
      106.8144599,
      -6.2219374
     ],
     [
      106.8143991,
      -6.221853
     ],
     [
      106.8142267,
      -6.2216077
     ],
     [
      106.8140252,
      -6.2213205
     ],
     [
      106.8138432,
      -6.2210321
     ],
     [
      106.8138108,
      -6.2209803
     ],
     [
      106.8137894,
      -6.2209119
     ],
     [
      106.8137486,
      -6.2208063
     ],
     [
      106.8137276,
      -6.2206728
     ],
     [
      106.8137136,
      -6.2205092
     ],
     [
      106.813713,
      -6.220472
     ],
     [
      106.8137124,
      -6.2204279
     ],
     [
      106.8137287,
      -6.2203606
     ],
     [
      106.8137568,
      -6.2202608
     ],
     [
      106.8138466,
      -6.2199846
     ],
     [
      106.8138688,
      -6.2199056
     ],
     [
      106.8139786,
      -6.2195482
     ],
     [
      106.8140766,
      -6.2192209
     ],
     [
      106.8140789,
      -6.2191949
     ]
    ]
   },
   "properties": {
    "id": "osm-way-1263558125",
    "street_name": "",
    "side": "n-a",
    "kind": "sidewalk",
    "level": 0,
    "has_sidewalk": "yes",
    "width_m": null,
    "surface": "unknown",
    "obstruction": null,
    "obstruction_types": [],
    "kerb_ramp": null,
    "lit": null,
    "eyes_on_street": null,
    "crossing_spacing_m": null,
    "shade": null,
    "shade_modeled": null,
    "drainage": null,
    "length_m": 382.4791189083069,
    "source": "osm",
    "confidence": "med",
    "notes": ""
   }
  },
  {
   "type": "Feature",
   "geometry": {
    "type": "LineString",
    "coordinates": [
     [
      106.8132187,
      -6.2210056
     ],
     [
      106.8131562,
      -6.2210037
     ],
     [
      106.8130534,
      -6.2208552
     ],
     [
      106.8129192,
      -6.2206683
     ],
     [
      106.8126892,
      -6.2203365
     ],
     [
      106.8126787,
      -6.2203375
     ],
     [
      106.812681,
      -6.2203619
     ],
     [
      106.8126472,
      -6.220514
     ],
     [
      106.812621,
      -6.2205562
     ],
     [
      106.8125946,
      -6.2205987
     ],
     [
      106.8125928,
      -6.2206002
     ],
     [
      106.8125532,
      -6.2206349
     ],
     [
      106.8124872,
      -6.2206927
     ],
     [
      106.8124195,
      -6.2207194
     ],
     [
      106.8123506,
      -6.2207391
     ],
     [
      106.8122841,
      -6.2207472
     ],
     [
      106.8122678,
      -6.2207465
     ],
     [
      106.8122315,
      -6.2207449
     ],
     [
      106.8121545,
      -6.2207275
     ],
     [
      106.8120879,
      -6.2207031
     ],
     [
      106.8119817,
      -6.2206219
     ],
     [
      106.8119023,
      -6.2205024
     ],
     [
      106.8118614,
      -6.2204049
     ],
     [
      106.8118451,
      -6.2202807
     ],
     [
      106.8118579,
      -6.2201472
     ],
     [
      106.8118813,
      -6.2200543
     ],
     [
      106.8118824,
      -6.2200335
     ],
     [
      106.8118673,
      -6.2200381
     ],
     [
      106.8117855,
      -6.2201089
     ],
     [
      106.8116444,
      -6.2202208
     ],
     [
      106.8112999,
      -6.2204942
     ],
     [
      106.8112863,
      -6.2205047
     ],
     [
      106.8108807,
      -6.2208157
     ],
     [
      106.810568,
      -6.2210415
     ]
    ]
   },
   "properties": {
    "id": "osm-way-1263558127",
    "street_name": "",
    "side": "n-a",
    "kind": "sidewalk",
    "level": 0,
    "has_sidewalk": "yes",
    "width_m": null,
    "surface": "unknown",
    "obstruction": null,
    "obstruction_types": [],
    "kerb_ramp": null,
    "lit": null,
    "eyes_on_street": null,
    "crossing_spacing_m": null,
    "shade": null,
    "shade_modeled": null,
    "drainage": null,
    "length_m": 459.1191595920375,
    "source": "osm",
    "confidence": "med",
    "notes": ""
   }
  },
  {
   "type": "Feature",
   "geometry": {
    "type": "LineString",
    "coordinates": [
     [
      106.8192526,
      -6.2131168
     ],
     [
      106.8192996,
      -6.2131565
     ]
    ]
   },
   "properties": {
    "id": "osm-way-1263586456",
    "street_name": "",
    "side": "n-a",
    "kind": "footway",
    "level": 0,
    "has_sidewalk": "unknown",
    "width_m": null,
    "surface": "unknown",
    "obstruction": null,
    "obstruction_types": [],
    "kerb_ramp": null,
    "lit": null,
    "eyes_on_street": null,
    "crossing_spacing_m": null,
    "shade": null,
    "shade_modeled": null,
    "drainage": null,
    "length_m": 6.817632595419532,
    "source": "osm",
    "confidence": "med",
    "notes": ""
   }
  },
  {
   "type": "Feature",
   "geometry": {
    "type": "LineString",
    "coordinates": [
     [
      106.8211606,
      -6.2096326
     ],
     [
      106.8211808,
      -6.2096413
     ],
     [
      106.8212311,
      -6.2095325
     ]
    ]
   },
   "properties": {
    "id": "osm-way-1263586457",
    "street_name": "",
    "side": "n-a",
    "kind": "footway",
    "level": 0,
    "has_sidewalk": "unknown",
    "width_m": null,
    "surface": "unknown",
    "obstruction": null,
    "obstruction_types": [],
    "kerb_ramp": null,
    "lit": null,
    "eyes_on_street": null,
    "crossing_spacing_m": null,
    "shade": null,
    "shade_modeled": null,
    "drainage": null,
    "length_m": 15.748109453219882,
    "source": "osm",
    "confidence": "med",
    "notes": ""
   }
  },
  {
   "type": "Feature",
   "geometry": {
    "type": "LineString",
    "coordinates": [
     [
      106.82131,
      -6.209312
     ],
     [
      106.8213336,
      -6.20932
     ],
     [
      106.8213591,
      -6.209244
     ]
    ]
   },
   "properties": {
    "id": "osm-way-1263586458",
    "street_name": "",
    "side": "n-a",
    "kind": "footway",
    "level": 0,
    "has_sidewalk": "unknown",
    "width_m": null,
    "surface": "unknown",
    "obstruction": null,
    "obstruction_types": [],
    "kerb_ramp": null,
    "lit": null,
    "eyes_on_street": null,
    "crossing_spacing_m": null,
    "shade": null,
    "shade_modeled": null,
    "drainage": null,
    "length_m": 11.664839213015155,
    "source": "osm",
    "confidence": "med",
    "notes": ""
   }
  },
  {
   "type": "Feature",
   "geometry": {
    "type": "LineString",
    "coordinates": [
     [
      106.821373,
      -6.2091307
     ],
     [
      106.8213956,
      -6.2090655
     ],
     [
      106.8214302,
      -6.2089654
     ]
    ]
   },
   "properties": {
    "id": "osm-way-1263586459",
    "street_name": "",
    "side": "n-a",
    "kind": "crossing",
    "level": 0,
    "has_sidewalk": "unknown",
    "width_m": null,
    "surface": "unknown",
    "obstruction": null,
    "obstruction_types": [],
    "kerb_ramp": null,
    "lit": null,
    "eyes_on_street": null,
    "crossing_spacing_m": null,
    "shade": null,
    "shade_modeled": null,
    "drainage": null,
    "length_m": 19.43770716133363,
    "source": "osm",
    "confidence": "med",
    "notes": ""
   }
  },
  {
   "type": "Feature",
   "geometry": {
    "type": "LineString",
    "coordinates": [
     [
      106.8214302,
      -6.2089654
     ],
     [
      106.8215028,
      -6.2087341
     ],
     [
      106.8215069,
      -6.2087209
     ],
     [
      106.8215415,
      -6.2086107
     ],
     [
      106.8216354,
      -6.2082561
     ],
     [
      106.8216526,
      -6.2081923
     ],
     [
      106.8216743,
      -6.2081014
     ],
     [
      106.8217074,
      -6.2081093
     ],
     [
      106.8217718,
      -6.2077774
     ],
     [
      106.8217773,
      -6.207745
     ],
     [
      106.821785,
      -6.2076976
     ],
     [
      106.8218119,
      -6.2075418
     ],
     [
      106.8218268,
      -6.2074547
     ],
     [
      106.8218594,
      -6.207186
     ],
     [
      106.8219118,
      -6.2066967
     ],
     [
      106.8219419,
      -6.206416
     ],
     [
      106.821954,
      -6.2062971
     ],
     [
      106.8219714,
      -6.2061265
     ],
     [
      106.8219937,
      -6.2059065
     ],
     [
      106.8220017,
      -6.2058283
     ],
     [
      106.8220238,
      -6.2056408
     ],
     [
      106.8220772,
      -6.2051871
     ],
     [
      106.8221066,
      -6.2049189
     ],
     [
      106.8221371,
      -6.2046777
     ],
     [
      106.8221465,
      -6.2045204
     ],
     [
      106.8221291,
      -6.2044511
     ],
     [
      106.8221118,
      -6.2044256
     ],
     [
      106.8220795,
      -6.2043778
     ],
     [
      106.8219869,
      -6.2043111
     ],
     [
      106.8219132,
      -6.2042844
     ],
     [
      106.8216178,
      -6.2042761
     ],
     [
      106.8204473,
      -6.2042453
     ],
     [
      106.8200762,
      -6.2042329
     ],
     [
      106.8199126,
      -6.2042921
     ]
    ]
   },
   "properties": {
    "id": "osm-way-1263586460",
    "street_name": "",
    "side": "n-a",
    "kind": "sidewalk",
    "level": 0,
    "has_sidewalk": "yes",
    "width_m": null,
    "surface": "unknown",
    "obstruction": null,
    "obstruction_types": [],
    "kerb_ramp": null,
    "lit": null,
    "eyes_on_street": null,
    "crossing_spacing_m": null,
    "shade": null,
    "shade_modeled": null,
    "drainage": null,
    "length_m": 767.256786652086,
    "source": "osm",
    "confidence": "med",
    "notes": ""
   }
  },
  {
   "type": "Feature",
   "geometry": {
    "type": "LineString",
    "coordinates": [
     [
      106.8215028,
      -6.2087341
     ],
     [
      106.8215338,
      -6.2087453
     ],
     [
      106.8215016,
      -6.2088453
     ]
    ]
   },
   "properties": {
    "id": "osm-way-1263586461",
    "street_name": "",
    "side": "n-a",
    "kind": "footway",
    "level": 0,
    "has_sidewalk": "unknown",
    "width_m": null,
    "surface": "unknown",
    "obstruction": null,
    "obstruction_types": [],
    "kerb_ramp": null,
    "lit": null,
    "eyes_on_street": null,
    "crossing_spacing_m": null,
    "shade": null,
    "shade_modeled": null,
    "drainage": null,
    "length_m": 15.321422735452032,
    "source": "osm",
    "confidence": "med",
    "notes": ""
   }
  },
  {
   "type": "Feature",
   "geometry": {
    "type": "LineString",
    "coordinates": [
     [
      106.8221118,
      -6.2044256
     ],
     [
      106.8221282,
      -6.2043644
     ],
     [
      106.8221502,
      -6.2042929
     ]
    ]
   },
   "properties": {
    "id": "osm-way-1263586462",
    "street_name": "",
    "side": "n-a",
    "kind": "crossing",
    "level": 0,
    "has_sidewalk": "unknown",
    "width_m": null,
    "surface": "unknown",
    "obstruction": null,
    "obstruction_types": [],
    "kerb_ramp": null,
    "lit": null,
    "eyes_on_street": null,
    "crossing_spacing_m": null,
    "shade": null,
    "shade_modeled": null,
    "drainage": null,
    "length_m": 15.356552035850322,
    "source": "osm",
    "confidence": "med",
    "notes": ""
   }
  },
  {
   "type": "Feature",
   "geometry": {
    "type": "LineString",
    "coordinates": [
     [
      106.8221502,
      -6.2042929
     ],
     [
      106.822282,
      -6.2038178
     ]
    ]
   },
   "properties": {
    "id": "osm-way-1263586463",
    "street_name": "",
    "side": "n-a",
    "kind": "sidewalk",
    "level": 0,
    "has_sidewalk": "yes",
    "width_m": null,
    "surface": "unknown",
    "obstruction": null,
    "obstruction_types": [],
    "kerb_ramp": null,
    "lit": null,
    "eyes_on_street": null,
    "crossing_spacing_m": null,
    "shade": null,
    "shade_modeled": null,
    "drainage": null,
    "length_m": 54.80098101183571,
    "source": "osm",
    "confidence": "med",
    "notes": ""
   }
  },
  {
   "type": "Feature",
   "geometry": {
    "type": "LineString",
    "coordinates": [
     [
      106.822282,
      -6.2038178
     ],
     [
      106.8222556,
      -6.2037678
     ],
     [
      106.8222448,
      -6.2037474
     ]
    ]
   },
   "properties": {
    "id": "osm-way-1263586464",
    "street_name": "",
    "side": "n-a",
    "kind": "crossing",
    "level": 0,
    "has_sidewalk": "unknown",
    "width_m": null,
    "surface": "unknown",
    "obstruction": null,
    "obstruction_types": [],
    "kerb_ramp": null,
    "lit": null,
    "eyes_on_street": null,
    "crossing_spacing_m": null,
    "shade": null,
    "shade_modeled": null,
    "drainage": null,
    "length_m": 8.842507661298418,
    "source": "osm",
    "confidence": "med",
    "notes": ""
   }
  },
  {
   "type": "Feature",
   "geometry": {
    "type": "LineString",
    "coordinates": [
     [
      106.8224706,
      -6.2031555
     ],
     [
      106.8225568,
      -6.2028765
     ],
     [
      106.8225801,
      -6.2027997
     ],
     [
      106.8225995,
      -6.2027299
     ],
     [
      106.8226706,
      -6.2024049
     ],
     [
      106.8228236,
      -6.2016987
     ],
     [
      106.8228321,
      -6.2016604
     ]
    ]
   },
   "properties": {
    "id": "osm-way-1263586465",
    "street_name": "",
    "side": "n-a",
    "kind": "sidewalk",
    "level": 0,
    "has_sidewalk": "yes",
    "width_m": null,
    "surface": "unknown",
    "obstruction": null,
    "obstruction_types": [],
    "kerb_ramp": null,
    "lit": null,
    "eyes_on_street": null,
    "crossing_spacing_m": null,
    "shade": null,
    "shade_modeled": null,
    "drainage": null,
    "length_m": 171.09678879654334,
    "source": "osm",
    "confidence": "med",
    "notes": ""
   }
  },
  {
   "type": "Feature",
   "geometry": {
    "type": "LineString",
    "coordinates": [
     [
      106.8228321,
      -6.2016604
     ],
     [
      106.8228765,
      -6.2014462
     ],
     [
      106.8229315,
      -6.2011568
     ],
     [
      106.8229811,
      -6.2008102
     ],
     [
      106.8230066,
      -6.2006035
     ],
     [
      106.8230213,
      -6.2003102
     ],
     [
      106.82302,
      -6.2000916
     ],
     [
      106.823016,
      -6.1999196
     ],
     [
      106.8230133,
      -6.1998703
     ],
     [
      106.823011,
      -6.1998442
     ]
    ]
   },
   "properties": {
    "id": "osm-way-1263586466",
    "street_name": "",
    "side": "n-a",
    "kind": "sidewalk",
    "level": 0,
    "has_sidewalk": "yes",
    "width_m": null,
    "surface": "unknown",
    "obstruction": null,
    "obstruction_types": [],
    "kerb_ramp": null,
    "lit": null,
    "eyes_on_street": null,
    "crossing_spacing_m": null,
    "shade": null,
    "shade_modeled": null,
    "drainage": null,
    "length_m": 203.64752190373318,
    "source": "osm",
    "confidence": "med",
    "notes": ""
   }
  },
  {
   "type": "Feature",
   "geometry": {
    "type": "LineString",
    "coordinates": [
     [
      106.8222448,
      -6.2037474
     ],
     [
      106.8222569,
      -6.2037167
     ],
     [
      106.822273,
      -6.2036274
     ],
     [
      106.8223038,
      -6.203534
     ],
     [
      106.8223682,
      -6.2033954
     ],
     [
      106.8224165,
      -6.2033101
     ],
     [
      106.8224706,
      -6.2031555
     ]
    ]
   },
   "properties": {
    "id": "osm-way-1263586467",
    "street_name": "",
    "side": "n-a",
    "kind": "sidewalk",
    "level": 0,
    "has_sidewalk": "yes",
    "width_m": null,
    "surface": "unknown",
    "obstruction": null,
    "obstruction_types": [],
    "kerb_ramp": null,
    "lit": null,
    "eyes_on_street": null,
    "crossing_spacing_m": null,
    "shade": null,
    "shade_modeled": null,
    "drainage": null,
    "length_m": 70.7459489424676,
    "source": "osm",
    "confidence": "med",
    "notes": ""
   }
  },
  {
   "type": "Feature",
   "geometry": {
    "type": "LineString",
    "coordinates": [
     [
      106.8221536,
      -6.2036367
     ],
     [
      106.8221523,
      -6.2036767
     ],
     [
      106.8221523,
      -6.2037287
     ],
     [
      106.8221684,
      -6.2037554
     ],
     [
      106.8221925,
      -6.2037674
     ],
     [
      106.822214,
      -6.203766
     ],
     [
      106.8222448,
      -6.2037474
     ]
    ]
   },
   "properties": {
    "id": "osm-way-1263586468",
    "street_name": "",
    "side": "n-a",
    "kind": "sidewalk",
    "level": 0,
    "has_sidewalk": "yes",
    "width_m": null,
    "surface": "unknown",
    "obstruction": null,
    "obstruction_types": [],
    "kerb_ramp": null,
    "lit": null,
    "eyes_on_street": null,
    "crossing_spacing_m": null,
    "shade": null,
    "shade_modeled": null,
    "drainage": null,
    "length_m": 23.038811380612678,
    "source": "osm",
    "confidence": "med",
    "notes": ""
   }
  },
  {
   "type": "Feature",
   "geometry": {
    "type": "LineString",
    "coordinates": [
     [
      106.823011,
      -6.1998442
     ],
     [
      106.8229989,
      -6.1998147
     ],
     [
      106.8229684,
      -6.1997925
     ],
     [
      106.8229247,
      -6.1997915
     ],
     [
      106.8228769,
      -6.1998177
     ],
     [
      106.8228444,
      -6.1998541
     ],
     [
      106.822821,
      -6.2000036
     ],
     [
      106.8228058,
      -6.2001175
     ],
     [
      106.8228088,
      -6.2002098
     ],
     [
      106.8228088,
      -6.2003189
     ],
     [
      106.8227895,
      -6.2004735
     ],
     [
      106.8227732,
      -6.2005786
     ],
     [
      106.8227645,
      -6.2006213
     ],
     [
      106.8227649,
      -6.2006351
     ],
     [
      106.8227679,
      -6.2006461
     ],
     [
      106.8227901,
      -6.200672
     ],
     [
      106.8228013,
      -6.200704
     ],
     [
      106.8228001,
      -6.2007127
     ],
     [
      106.822712,
      -6.2011205
     ],
     [
      106.8226615,
      -6.2013176
     ],
     [
      106.8226481,
      -6.2013784
     ],
     [
      106.8225943,
      -6.2014909
     ],
     [
      106.8225669,
      -6.2015639
     ],
     [
      106.8225244,
      -6.2017433
     ],
     [
      106.8224736,
      -6.2019945
     ],
     [
      106.8224609,
      -6.2020581
     ]
    ]
   },
   "properties": {
    "id": "osm-way-1263586469",
    "street_name": "",
    "side": "n-a",
    "kind": "sidewalk",
    "level": 0,
    "has_sidewalk": "yes",
    "width_m": null,
    "surface": "unknown",
    "obstruction": null,
    "obstruction_types": [],
    "kerb_ramp": null,
    "lit": null,
    "eyes_on_street": null,
    "crossing_spacing_m": null,
    "shade": null,
    "shade_modeled": null,
    "drainage": null,
    "length_m": 275.9478492929033,
    "source": "osm",
    "confidence": "med",
    "notes": ""
   }
  },
  {
   "type": "Feature",
   "geometry": {
    "type": "LineString",
    "coordinates": [
     [
      106.8223908,
      -6.2019757
     ],
     [
      106.8224242,
      -6.2019835
     ],
     [
      106.8224736,
      -6.2019945
     ]
    ]
   },
   "properties": {
    "id": "osm-way-1263586470",
    "street_name": "",
    "side": "n-a",
    "kind": "crossing",
    "level": 0,
    "has_sidewalk": "unknown",
    "width_m": null,
    "surface": "unknown",
    "obstruction": null,
    "obstruction_types": [],
    "kerb_ramp": null,
    "lit": null,
    "eyes_on_street": null,
    "crossing_spacing_m": null,
    "shade": null,
    "shade_modeled": null,
    "drainage": null,
    "length_m": 9.388861553388523,
    "source": "osm",
    "confidence": "med",
    "notes": ""
   }
  },
  {
   "type": "Feature",
   "geometry": {
    "type": "LineString",
    "coordinates": [
     [
      106.8223726,
      -6.2019716
     ],
     [
      106.822428,
      -6.2017328
     ],
     [
      106.8224271,
      -6.201716
     ],
     [
      106.8224067,
      -6.2016976
     ],
     [
      106.8223899,
      -6.2016914
     ]
    ]
   },
   "properties": {
    "id": "osm-way-1263586471",
    "street_name": "",
    "side": "n-a",
    "kind": "sidewalk",
    "level": 0,
    "has_sidewalk": "yes",
    "width_m": null,
    "surface": "unknown",
    "obstruction": null,
    "obstruction_types": [],
    "kerb_ramp": null,
    "lit": null,
    "eyes_on_street": null,
    "crossing_spacing_m": null,
    "shade": null,
    "shade_modeled": null,
    "drainage": null,
    "length_m": 34.14703983662914,
    "source": "osm",
    "confidence": "med",
    "notes": ""
   }
  },
  {
   "type": "Feature",
   "geometry": {
    "type": "LineString",
    "coordinates": [
     [
      106.8223899,
      -6.2016914
     ],
     [
      106.8223966,
      -6.2016665
     ],
     [
      106.8224058,
      -6.2016316
     ]
    ]
   },
   "properties": {
    "id": "osm-way-1263586472",
    "street_name": "",
    "side": "n-a",
    "kind": "crossing",
    "level": 0,
    "has_sidewalk": "unknown",
    "width_m": null,
    "surface": "unknown",
    "obstruction": null,
    "obstruction_types": [],
    "kerb_ramp": null,
    "lit": null,
    "eyes_on_street": null,
    "crossing_spacing_m": null,
    "shade": null,
    "shade_modeled": null,
    "drainage": null,
    "length_m": 6.877856698120581,
    "source": "osm",
    "confidence": "med",
    "notes": ""
   }
  },
  {
   "type": "Feature",
   "geometry": {
    "type": "LineString",
    "coordinates": [
     [
      106.8224058,
      -6.2016316
     ],
     [
      106.8224138,
      -6.201621
     ],
     [
      106.8224288,
      -6.2016158
     ],
     [
      106.8224457,
      -6.2015999
     ],
     [
      106.8224545,
      -6.2015753
     ],
     [
      106.8225095,
      -6.2013488
     ],
     [
      106.8225819,
      -6.2010273
     ],
     [
      106.8225713,
      -6.201015
     ],
     [
      106.8225515,
      -6.2010023
     ]
    ]
   },
   "properties": {
    "id": "osm-way-1263586473",
    "street_name": "",
    "side": "n-a",
    "kind": "sidewalk",
    "level": 0,
    "has_sidewalk": "yes",
    "width_m": null,
    "surface": "unknown",
    "obstruction": null,
    "obstruction_types": [],
    "kerb_ramp": null,
    "lit": null,
    "eyes_on_street": null,
    "crossing_spacing_m": null,
    "shade": null,
    "shade_modeled": null,
    "drainage": null,
    "length_m": 75.65404730631826,
    "source": "osm",
    "confidence": "med",
    "notes": ""
   }
  },
  {
   "type": "Feature",
   "geometry": {
    "type": "LineString",
    "coordinates": [
     [
      106.8225515,
      -6.2010023
     ],
     [
      106.8225594,
      -6.2009642
     ],
     [
      106.8225749,
      -6.2008828
     ]
    ]
   },
   "properties": {
    "id": "osm-way-1263586474",
    "street_name": "",
    "side": "n-a",
    "kind": "crossing",
    "level": 0,
    "has_sidewalk": "unknown",
    "width_m": null,
    "surface": "unknown",
    "obstruction": null,
    "obstruction_types": [],
    "kerb_ramp": null,
    "lit": null,
    "eyes_on_street": null,
    "crossing_spacing_m": null,
    "shade": null,
    "shade_modeled": null,
    "drainage": null,
    "length_m": 13.537619062867957,
    "source": "osm",
    "confidence": "med",
    "notes": ""
   }
  },
  {
   "type": "Feature",
   "geometry": {
    "type": "LineString",
    "coordinates": [
     [
      106.8225749,
      -6.2008828
     ],
     [
      106.8226072,
      -6.2008882
     ],
     [
      106.8226177,
      -6.2008685
     ],
     [
      106.8226547,
      -6.2006818
     ],
     [
      106.8226971,
      -6.2004738
     ],
     [
      106.8227233,
      -6.200337
     ],
     [
      106.8227208,
      -6.2003245
     ],
     [
      106.8227112,
      -6.2003163
     ],
     [
      106.8227,
      -6.2003138
     ]
    ]
   },
   "properties": {
    "id": "osm-way-1263586475",
    "street_name": "",
    "side": "n-a",
    "kind": "sidewalk",
    "level": 0,
    "has_sidewalk": "yes",
    "width_m": null,
    "surface": "unknown",
    "obstruction": null,
    "obstruction_types": [],
    "kerb_ramp": null,
    "lit": null,
    "eyes_on_street": null,
    "crossing_spacing_m": null,
    "shade": null,
    "shade_modeled": null,
    "drainage": null,
    "length_m": 70.42758372571117,
    "source": "osm",
    "confidence": "med",
    "notes": ""
   }
  },
  {
   "type": "Feature",
   "geometry": {
    "type": "LineString",
    "coordinates": [
     [
      106.8226491,
      -6.2003058
     ],
     [
      106.8226572,
      -6.2002561
     ],
     [
      106.8226644,
      -6.2002115
     ]
    ]
   },
   "properties": {
    "id": "osm-way-1263586476",
    "street_name": "",
    "side": "n-a",
    "kind": "crossing",
    "level": 0,
    "has_sidewalk": "unknown",
    "width_m": null,
    "surface": "unknown",
    "obstruction": null,
    "obstruction_types": [],
    "kerb_ramp": null,
    "lit": null,
    "eyes_on_street": null,
    "crossing_spacing_m": null,
    "shade": null,
    "shade_modeled": null,
    "drainage": null,
    "length_m": 10.621213705742736,
    "source": "osm",
    "confidence": "med",
    "notes": ""
   }
  },
  {
   "type": "Feature",
   "geometry": {
    "type": "LineString",
    "coordinates": [
     [
      106.8227,
      -6.2003138
     ],
     [
      106.8226491,
      -6.2003058
     ]
    ]
   },
   "properties": {
    "id": "osm-way-1263586477",
    "street_name": "",
    "side": "n-a",
    "kind": "sidewalk",
    "level": 0,
    "has_sidewalk": "yes",
    "width_m": null,
    "surface": "unknown",
    "obstruction": null,
    "obstruction_types": [],
    "kerb_ramp": null,
    "lit": null,
    "eyes_on_street": null,
    "crossing_spacing_m": null,
    "shade": null,
    "shade_modeled": null,
    "drainage": null,
    "length_m": 5.696597749302555,
    "source": "osm",
    "confidence": "med",
    "notes": ""
   }
  },
  {
   "type": "Feature",
   "geometry": {
    "type": "LineString",
    "coordinates": [
     [
      106.8226644,
      -6.2002115
     ],
     [
      106.8226865,
      -6.2002034
     ],
     [
      106.8226982,
      -6.2001918
     ],
     [
      106.8227111,
      -6.2001314
     ],
     [
      106.8227799,
      -6.1997391
     ]
    ]
   },
   "properties": {
    "id": "osm-way-1263586478",
    "street_name": "",
    "side": "n-a",
    "kind": "sidewalk",
    "level": 0,
    "has_sidewalk": "yes",
    "width_m": null,
    "surface": "unknown",
    "obstruction": null,
    "obstruction_types": [],
    "kerb_ramp": null,
    "lit": null,
    "eyes_on_street": null,
    "crossing_spacing_m": null,
    "shade": null,
    "shade_modeled": null,
    "drainage": null,
    "length_m": 55.576105644097765,
    "source": "osm",
    "confidence": "med",
    "notes": ""
   }
  },
  {
   "type": "Feature",
   "geometry": {
    "type": "LineString",
    "coordinates": [
     [
      106.8227799,
      -6.1997391
     ],
     [
      106.822782,
      -6.1996781
     ],
     [
      106.8227846,
      -6.199601
     ]
    ]
   },
   "properties": {
    "id": "osm-way-1263586479",
    "street_name": "",
    "side": "n-a",
    "kind": "crossing",
    "level": 0,
    "has_sidewalk": "unknown",
    "width_m": null,
    "surface": "unknown",
    "obstruction": null,
    "obstruction_types": [],
    "kerb_ramp": null,
    "lit": null,
    "eyes_on_street": null,
    "crossing_spacing_m": null,
    "shade": null,
    "shade_modeled": null,
    "drainage": null,
    "length_m": 15.364807241707227,
    "source": "osm",
    "confidence": "med",
    "notes": ""
   }
  },
  {
   "type": "Feature",
   "geometry": {
    "type": "LineString",
    "coordinates": [
     [
      106.8229533,
      -6.198606
     ],
     [
      106.8229787,
      -6.1985942
     ],
     [
      106.8229914,
      -6.1985726
     ],
     [
      106.8229796,
      -6.1982105
     ],
     [
      106.8229718,
      -6.1980085
     ],
     [
      106.8229642,
      -6.1979287
     ],
     [
      106.8229476,
      -6.1978764
     ],
     [
      106.8228938,
      -6.197805
     ]
    ]
   },
   "properties": {
    "id": "osm-way-1263586480",
    "street_name": "",
    "side": "n-a",
    "kind": "sidewalk",
    "level": 0,
    "has_sidewalk": "yes",
    "width_m": null,
    "surface": "unknown",
    "obstruction": null,
    "obstruction_types": [],
    "kerb_ramp": null,
    "lit": null,
    "eyes_on_street": null,
    "crossing_spacing_m": null,
    "shade": null,
    "shade_modeled": null,
    "drainage": null,
    "length_m": 93.57507266207088,
    "source": "osm",
    "confidence": "med",
    "notes": ""
   }
  },
  {
   "type": "Feature",
   "geometry": {
    "type": "LineString",
    "coordinates": [
     [
      106.8229563,
      -6.1987032
     ],
     [
      106.8229541,
      -6.1986338
     ],
     [
      106.8229533,
      -6.198606
     ]
    ]
   },
   "properties": {
    "id": "osm-way-1263586481",
    "street_name": "",
    "side": "n-a",
    "kind": "crossing",
    "level": 0,
    "has_sidewalk": "unknown",
    "width_m": null,
    "surface": "unknown",
    "obstruction": null,
    "obstruction_types": [],
    "kerb_ramp": null,
    "lit": null,
    "eyes_on_street": null,
    "crossing_spacing_m": null,
    "shade": null,
    "shade_modeled": null,
    "drainage": null,
    "length_m": 10.813242875418018,
    "source": "osm",
    "confidence": "med",
    "notes": ""
   }
  },
  {
   "type": "Feature",
   "geometry": {
    "type": "LineString",
    "coordinates": [
     [
      106.8225581,
      -6.199601
     ],
     [
      106.8227846,
      -6.199601
     ],
     [
      106.8228582,
      -6.1995929
     ],
     [
      106.8229434,
      -6.1995836
     ],
     [
      106.8229599,
      -6.1995747
     ]
    ]
   },
   "properties": {
    "id": "osm-way-1263586482",
    "street_name": "",
    "side": "n-a",
    "kind": "sidewalk",
    "level": 0,
    "has_sidewalk": "yes",
    "width_m": null,
    "surface": "unknown",
    "obstruction": null,
    "obstruction_types": [],
    "kerb_ramp": null,
    "lit": null,
    "eyes_on_street": null,
    "crossing_spacing_m": null,
    "shade": null,
    "shade_modeled": null,
    "drainage": null,
    "length_m": 44.774311395277664,
    "source": "osm",
    "confidence": "med",
    "notes": ""
   }
  },
  {
   "type": "Feature",
   "geometry": {
    "type": "LineString",
    "coordinates": [
     [
      106.8231212,
      -6.1975833
     ],
     [
      106.8231177,
      -6.197368
     ]
    ]
   },
   "properties": {
    "id": "osm-way-1263586483",
    "street_name": "",
    "side": "n-a",
    "kind": "footway",
    "level": 0,
    "has_sidewalk": "unknown",
    "width_m": null,
    "surface": "unknown",
    "obstruction": null,
    "obstruction_types": [],
    "kerb_ramp": null,
    "lit": null,
    "eyes_on_street": null,
    "crossing_spacing_m": null,
    "shade": null,
    "shade_modeled": null,
    "drainage": null,
    "length_m": 23.94339398398911,
    "source": "osm",
    "confidence": "med",
    "notes": ""
   }
  },
  {
   "type": "Feature",
   "geometry": {
    "type": "LineString",
    "coordinates": [
     [
      106.8228921,
      -6.19756
     ],
     [
      106.8229067,
      -6.1975482
     ],
     [
      106.8229189,
      -6.1975348
     ],
     [
      106.8229282,
      -6.1975213
     ],
     [
      106.8229359,
      -6.197506
     ],
     [
      106.8229413,
      -6.1974902
     ],
     [
      106.8229451,
      -6.1974693
     ],
     [
      106.8229436,
      -6.1974044
     ],
     [
      106.8229383,
      -6.197068
     ],
     [
      106.8228834,
      -6.1959995
     ],
     [
      106.822883,
      -6.1957812
     ],
     [
      106.8228726,
      -6.1957331
     ],
     [
      106.8228565,
      -6.1956993
     ]
    ]
   },
   "properties": {
    "id": "osm-way-1263586484",
    "street_name": "",
    "side": "n-a",
    "kind": "sidewalk",
    "level": 0,
    "has_sidewalk": "yes",
    "width_m": null,
    "surface": "unknown",
    "obstruction": null,
    "obstruction_types": [],
    "kerb_ramp": null,
    "lit": null,
    "eyes_on_street": null,
    "crossing_spacing_m": null,
    "shade": null,
    "shade_modeled": null,
    "drainage": null,
    "length_m": 209.52739812409826,
    "source": "osm",
    "confidence": "med",
    "notes": ""
   }
  },
  {
   "type": "Feature",
   "geometry": {
    "type": "LineString",
    "coordinates": [
     [
      106.8224997,
      -6.194648
     ],
     [
      106.8225264,
      -6.1946165
     ],
     [
      106.8225367,
      -6.1946044
     ],
     [
      106.8225561,
      -6.194576
     ],
     [
      106.8225672,
      -6.1945548
     ],
     [
      106.8225723,
      -6.1945427
     ],
     [
      106.8225806,
      -6.1945127
     ]
    ]
   },
   "properties": {
    "id": "osm-way-1263586485",
    "street_name": "",
    "side": "n-a",
    "kind": "footway",
    "level": 0,
    "has_sidewalk": "unknown",
    "width_m": null,
    "surface": "unknown",
    "obstruction": null,
    "obstruction_types": [],
    "kerb_ramp": null,
    "lit": null,
    "eyes_on_street": null,
    "crossing_spacing_m": null,
    "shade": null,
    "shade_modeled": null,
    "drainage": null,
    "length_m": 17.73641877842511,
    "source": "osm",
    "confidence": "med",
    "notes": ""
   }
  },
  {
   "type": "Feature",
   "geometry": {
    "type": "LineString",
    "coordinates": [
     [
      106.8228565,
      -6.1956993
     ],
     [
      106.8228384,
      -6.1956704
     ],
     [
      106.8228136,
      -6.1956413
     ],
     [
      106.8226044,
      -6.1954894
     ],
     [
      106.8225548,
      -6.1954401
     ],
     [
      106.8225219,
      -6.1953804
     ],
     [
      106.8225001,
      -6.1953448
     ],
     [
      106.822476,
      -6.1953084
     ],
     [
      106.8224575,
      -6.1952661
     ],
     [
      106.8224418,
      -6.1952233
     ],
     [
      106.8224237,
      -6.1951648
     ],
     [
      106.8224062,
      -6.1950982
     ],
     [
      106.8223966,
      -6.1950032
     ],
     [
      106.8223933,
      -6.1949366
     ],
     [
      106.8223977,
      -6.1948925
     ],
     [
      106.8224032,
      -6.1948489
     ],
     [
      106.8224152,
      -6.1946752
     ]
    ]
   },
   "properties": {
    "id": "osm-way-1263586486",
    "street_name": "",
    "side": "n-a",
    "kind": "sidewalk",
    "level": 0,
    "has_sidewalk": "yes",
    "width_m": null,
    "surface": "unknown",
    "obstruction": null,
    "obstruction_types": [],
    "kerb_ramp": null,
    "lit": null,
    "eyes_on_street": null,
    "crossing_spacing_m": null,
    "shade": null,
    "shade_modeled": null,
    "drainage": null,
    "length_m": 133.32635427907442,
    "source": "osm",
    "confidence": "med",
    "notes": ""
   }
  },
  {
   "type": "Feature",
   "geometry": {
    "type": "LineString",
    "coordinates": [
     [
      106.8233625,
      -6.1997797
     ],
     [
      106.8233805,
      -6.19977
     ],
     [
      106.823455,
      -6.1997371
     ],
     [
      106.8234804,
      -6.1997472
     ],
     [
      106.8234907,
      -6.199752
     ],
     [
      106.8235353,
      -6.1997725
     ]
    ]
   },
   "properties": {
    "id": "osm-way-1263586487",
    "street_name": "",
    "side": "n-a",
    "kind": "crossing",
    "level": 0,
    "has_sidewalk": "unknown",
    "width_m": null,
    "surface": "unknown",
    "obstruction": null,
    "obstruction_types": [],
    "kerb_ramp": null,
    "lit": null,
    "eyes_on_street": null,
    "crossing_spacing_m": null,
    "shade": null,
    "shade_modeled": null,
    "drainage": null,
    "length_m": 20.988223867806866,
    "source": "osm",
    "confidence": "med",
    "notes": ""
   }
  },
  {
   "type": "Feature",
   "geometry": {
    "type": "LineString",
    "coordinates": [
     [
      106.8234509,
      -6.1996351
     ],
     [
      106.8234533,
      -6.1996943
     ],
     [
      106.823455,
      -6.1997371
     ]
    ]
   },
   "properties": {
    "id": "osm-way-1263586488",
    "street_name": "",
    "side": "n-a",
    "kind": "crossing",
    "level": 0,
    "has_sidewalk": "unknown",
    "width_m": null,
    "surface": "unknown",
    "obstruction": null,
    "obstruction_types": [],
    "kerb_ramp": null,
    "lit": null,
    "eyes_on_street": null,
    "crossing_spacing_m": null,
    "shade": null,
    "shade_modeled": null,
    "drainage": null,
    "length_m": 11.350935641608626,
    "source": "osm",
    "confidence": "med",
    "notes": ""
   }
  },
  {
   "type": "Feature",
   "geometry": {
    "type": "LineString",
    "coordinates": [
     [
      106.8234236,
      -6.198537
     ],
     [
      106.823378,
      -6.1985436
     ],
     [
      106.8233558,
      -6.1985722
     ],
     [
      106.8233499,
      -6.1986035
     ],
     [
      106.8233511,
      -6.1986847
     ],
     [
      106.8233546,
      -6.1987892
     ],
     [
      106.8233712,
      -6.1995256
     ],
     [
      106.8233765,
      -6.1995696
     ],
     [
      106.823394,
      -6.1995976
     ],
     [
      106.8234181,
      -6.1996202
     ],
     [
      106.8234509,
      -6.1996351
     ]
    ]
   },
   "properties": {
    "id": "osm-way-1263586489",
    "street_name": "",
    "side": "n-a",
    "kind": "sidewalk",
    "level": 0,
    "has_sidewalk": "yes",
    "width_m": null,
    "surface": "unknown",
    "obstruction": null,
    "obstruction_types": [],
    "kerb_ramp": null,
    "lit": null,
    "eyes_on_street": null,
    "crossing_spacing_m": null,
    "shade": null,
    "shade_modeled": null,
    "drainage": null,
    "length_m": 131.45462183145304,
    "source": "osm",
    "confidence": "med",
    "notes": ""
   }
  },
  {
   "type": "Feature",
   "geometry": {
    "type": "LineString",
    "coordinates": [
     [
      106.8234544,
      -6.1976913
     ],
     [
      106.8234521,
      -6.1977584
     ],
     [
      106.8234468,
      -6.1979107
     ]
    ]
   },
   "properties": {
    "id": "osm-way-1263586490",
    "street_name": "",
    "side": "n-a",
    "kind": "crossing",
    "level": 0,
    "has_sidewalk": "unknown",
    "width_m": null,
    "surface": "unknown",
    "obstruction": null,
    "obstruction_types": [],
    "kerb_ramp": null,
    "lit": null,
    "eyes_on_street": null,
    "crossing_spacing_m": null,
    "shade": null,
    "shade_modeled": null,
    "drainage": null,
    "length_m": 24.410629496067376,
    "source": "osm",
    "confidence": "med",
    "notes": ""
   }
  },
  {
   "type": "Feature",
   "geometry": {
    "type": "LineString",
    "coordinates": [
     [
      106.8234236,
      -6.198537
     ],
     [
      106.8234314,
      -6.1984353
     ],
     [
      106.8234395,
      -6.1983294
     ]
    ]
   },
   "properties": {
    "id": "osm-way-1263586491",
    "street_name": "",
    "side": "n-a",
    "kind": "crossing",
    "level": 0,
    "has_sidewalk": "unknown",
    "width_m": null,
    "surface": "unknown",
    "obstruction": null,
    "obstruction_types": [],
    "kerb_ramp": null,
    "lit": null,
    "eyes_on_street": null,
    "crossing_spacing_m": null,
    "shade": null,
    "shade_modeled": null,
    "drainage": null,
    "length_m": 23.150886057913,
    "source": "osm",
    "confidence": "med",
    "notes": ""
   }
  },
  {
   "type": "Feature",
   "geometry": {
    "type": "LineString",
    "coordinates": [
     [
      106.8234468,
      -6.1979107
     ],
     [
      106.8234395,
      -6.1983294
     ]
    ]
   },
   "properties": {
    "id": "osm-way-1263586492",
    "street_name": "",
    "side": "n-a",
    "kind": "sidewalk",
    "level": 0,
    "has_sidewalk": "yes",
    "width_m": null,
    "surface": "unknown",
    "obstruction": null,
    "obstruction_types": [],
    "kerb_ramp": null,
    "lit": null,
    "eyes_on_street": null,
    "crossing_spacing_m": null,
    "shade": null,
    "shade_modeled": null,
    "drainage": null,
    "length_m": 46.56430893682381,
    "source": "osm",
    "confidence": "med",
    "notes": ""
   }
  },
  {
   "type": "Feature",
   "geometry": {
    "type": "LineString",
    "coordinates": [
     [
      106.8232999,
      -6.1956913
     ],
     [
      106.8232916,
      -6.1957926
     ],
     [
      106.8232998,
      -6.1962947
     ],
     [
      106.8233003,
      -6.1963308
     ],
     [
      106.8233015,
      -6.1963745
     ],
     [
      106.8233038,
      -6.1965395
     ],
     [
      106.8233212,
      -6.1975795
     ]
    ]
   },
   "properties": {
    "id": "osm-way-1263586493",
    "street_name": "",
    "side": "n-a",
    "kind": "sidewalk",
    "level": 0,
    "has_sidewalk": "yes",
    "width_m": null,
    "surface": "unknown",
    "obstruction": null,
    "obstruction_types": [],
    "kerb_ramp": null,
    "lit": null,
    "eyes_on_street": null,
    "crossing_spacing_m": null,
    "shade": null,
    "shade_modeled": null,
    "drainage": null,
    "length_m": 210.02287421865663,
    "source": "osm",
    "confidence": "med",
    "notes": ""
   }
  },
  {
   "type": "Feature",
   "geometry": {
    "type": "LineString",
    "coordinates": [
     [
      106.8236097,
      -6.1954515
     ],
     [
      106.8236111,
      -6.1954343
     ],
     [
      106.823614,
      -6.1954001
     ],
     [
      106.8236169,
      -6.1953647
     ]
    ]
   },
   "properties": {
    "id": "osm-way-1263586494",
    "street_name": "",
    "side": "n-a",
    "kind": "crossing",
    "level": 0,
    "has_sidewalk": "unknown",
    "width_m": null,
    "surface": "unknown",
    "obstruction": null,
    "obstruction_types": [],
    "kerb_ramp": null,
    "lit": null,
    "eyes_on_street": null,
    "crossing_spacing_m": null,
    "shade": null,
    "shade_modeled": null,
    "drainage": null,
    "length_m": 9.68449268979993,
    "source": "osm",
    "confidence": "med",
    "notes": ""
   }
  },
  {
   "type": "Feature",
   "geometry": {
    "type": "LineString",
    "coordinates": [
     [
      106.8232999,
      -6.1956913
     ],
     [
      106.8233133,
      -6.1956486
     ],
     [
      106.8233508,
      -6.1955979
     ],
     [
      106.8235118,
      -6.1954659
     ],
     [
      106.8235547,
      -6.1954513
     ],
     [
      106.8236097,
      -6.1954515
     ],
     [
      106.8236687,
      -6.1954739
     ],
     [
      106.8238161,
      -6.1956332
     ]
    ]
   },
   "properties": {
    "id": "osm-way-1263586495",
    "street_name": "",
    "side": "n-a",
    "kind": "sidewalk",
    "level": 0,
    "has_sidewalk": "yes",
    "width_m": null,
    "surface": "unknown",
    "obstruction": null,
    "obstruction_types": [],
    "kerb_ramp": null,
    "lit": null,
    "eyes_on_street": null,
    "crossing_spacing_m": null,
    "shade": null,
    "shade_modeled": null,
    "drainage": null,
    "length_m": 77.18306941947297,
    "source": "osm",
    "confidence": "med",
    "notes": ""
   }
  },
  {
   "type": "Feature",
   "geometry": {
    "type": "LineString",
    "coordinates": [
     [
      106.8234509,
      -6.1996351
     ],
     [
      106.8234852,
      -6.1996349
     ],
     [
      106.8235375,
      -6.1996242
     ],
     [
      106.8235858,
      -6.1995776
     ]
    ]
   },
   "properties": {
    "id": "osm-way-1263586496",
    "street_name": "",
    "side": "n-a",
    "kind": "sidewalk",
    "level": 0,
    "has_sidewalk": "yes",
    "width_m": null,
    "surface": "unknown",
    "obstruction": null,
    "obstruction_types": [],
    "kerb_ramp": null,
    "lit": null,
    "eyes_on_street": null,
    "crossing_spacing_m": null,
    "shade": null,
    "shade_modeled": null,
    "drainage": null,
    "length_m": 17.134681955246762,
    "source": "osm",
    "confidence": "med",
    "notes": ""
   }
  },
  {
   "type": "Feature",
   "geometry": {
    "type": "LineString",
    "coordinates": [
     [
      106.8264712,
      -6.2051562
     ],
     [
      106.8264869,
      -6.2050745
     ]
    ]
   },
   "properties": {
    "id": "osm-way-1263998395",
    "street_name": "",
    "side": "n-a",
    "kind": "footway",
    "level": 0,
    "has_sidewalk": "unknown",
    "width_m": null,
    "surface": "unknown",
    "obstruction": null,
    "obstruction_types": [],
    "kerb_ramp": null,
    "lit": null,
    "eyes_on_street": null,
    "crossing_spacing_m": null,
    "shade": null,
    "shade_modeled": null,
    "drainage": null,
    "length_m": 9.248918511777152,
    "source": "osm",
    "confidence": "med",
    "notes": ""
   }
  },
  {
   "type": "Feature",
   "geometry": {
    "type": "LineString",
    "coordinates": [
     [
      106.8259668,
      -6.2050121
     ],
     [
      106.8259567,
      -6.2050555
     ],
     [
      106.8262528,
      -6.2051149
     ]
    ]
   },
   "properties": {
    "id": "osm-way-1263998397",
    "street_name": "",
    "side": "n-a",
    "kind": "footway",
    "level": 0,
    "has_sidewalk": "unknown",
    "width_m": null,
    "surface": "unknown",
    "obstruction": null,
    "obstruction_types": [],
    "kerb_ramp": null,
    "lit": null,
    "eyes_on_street": null,
    "crossing_spacing_m": null,
    "shade": null,
    "shade_modeled": null,
    "drainage": null,
    "length_m": 38.345013386880666,
    "source": "osm",
    "confidence": "med",
    "notes": ""
   }
  },
  {
   "type": "Feature",
   "geometry": {
    "type": "LineString",
    "coordinates": [
     [
      106.8228544,
      -6.2232233
     ],
     [
      106.8228138,
      -6.2233416
     ]
    ]
   },
   "properties": {
    "id": "osm-way-1267107742",
    "street_name": "",
    "side": "n-a",
    "kind": "crossing",
    "level": 0,
    "has_sidewalk": "unknown",
    "width_m": null,
    "surface": "unknown",
    "obstruction": null,
    "obstruction_types": [],
    "kerb_ramp": null,
    "lit": null,
    "eyes_on_street": null,
    "crossing_spacing_m": null,
    "shade": null,
    "shade_modeled": null,
    "drainage": null,
    "length_m": 13.898867516274322,
    "source": "osm",
    "confidence": "med",
    "notes": ""
   }
  },
  {
   "type": "Feature",
   "geometry": {
    "type": "LineString",
    "coordinates": [
     [
      106.8246293,
      -6.2166659
     ],
     [
      106.824624,
      -6.2169947
     ],
     [
      106.8251244,
      -6.2170765
     ],
     [
      106.8251448,
      -6.217077
     ]
    ]
   },
   "properties": {
    "id": "osm-way-1267903565",
    "street_name": "Gang Kecil",
    "side": "n-a",
    "kind": "footway",
    "level": 0,
    "has_sidewalk": "unknown",
    "width_m": null,
    "surface": "unknown",
    "obstruction": null,
    "obstruction_types": [],
    "kerb_ramp": null,
    "lit": null,
    "eyes_on_street": null,
    "crossing_spacing_m": null,
    "shade": null,
    "shade_modeled": null,
    "drainage": null,
    "length_m": 94.87885424464922,
    "source": "osm",
    "confidence": "med",
    "notes": ""
   }
  },
  {
   "type": "Feature",
   "geometry": {
    "type": "LineString",
    "coordinates": [
     [
      106.8263988,
      -6.2246575
     ],
     [
      106.8265669,
      -6.2249045
     ]
    ]
   },
   "properties": {
    "id": "osm-way-1282469303",
    "street_name": "",
    "side": "n-a",
    "kind": "footway",
    "level": 0,
    "has_sidewalk": "unknown",
    "width_m": null,
    "surface": "unknown",
    "obstruction": null,
    "obstruction_types": [],
    "kerb_ramp": null,
    "lit": null,
    "eyes_on_street": null,
    "crossing_spacing_m": null,
    "shade": null,
    "shade_modeled": null,
    "drainage": null,
    "length_m": 33.16040545311788,
    "source": "osm",
    "confidence": "med",
    "notes": ""
   }
  },
  {
   "type": "Feature",
   "geometry": {
    "type": "LineString",
    "coordinates": [
     [
      106.8264955,
      -6.2250221
     ],
     [
      106.8263228,
      -6.2248902
     ],
     [
      106.8261168,
      -6.2251366
     ],
     [
      106.8260872,
      -6.2254283
     ]
    ]
   },
   "properties": {
    "id": "osm-way-1282469313",
    "street_name": "",
    "side": "n-a",
    "kind": "footway",
    "level": 0,
    "has_sidewalk": "unknown",
    "width_m": null,
    "surface": "unknown",
    "obstruction": null,
    "obstruction_types": [],
    "kerb_ramp": null,
    "lit": null,
    "eyes_on_street": null,
    "crossing_spacing_m": null,
    "shade": null,
    "shade_modeled": null,
    "drainage": null,
    "length_m": 92.29965548601348,
    "source": "osm",
    "confidence": "med",
    "notes": ""
   }
  },
  {
   "type": "Feature",
   "geometry": {
    "type": "LineString",
    "coordinates": [
     [
      106.8240269,
      -6.2014185
     ],
     [
      106.8240259,
      -6.201444
     ],
     [
      106.8239938,
      -6.2016059
     ]
    ]
   },
   "properties": {
    "id": "osm-way-1288769136",
    "street_name": "Jalan Pati",
    "side": "n-a",
    "kind": "sidewalk",
    "level": 0,
    "has_sidewalk": "yes",
    "width_m": null,
    "surface": "unknown",
    "obstruction": null,
    "obstruction_types": [],
    "kerb_ramp": null,
    "lit": null,
    "eyes_on_street": null,
    "crossing_spacing_m": null,
    "shade": null,
    "shade_modeled": null,
    "drainage": null,
    "length_m": 21.186470753349244,
    "source": "osm",
    "confidence": "med",
    "notes": ""
   }
  },
  {
   "type": "Feature",
   "geometry": {
    "type": "LineString",
    "coordinates": [
     [
      106.8238791,
      -6.2020802
     ],
     [
      106.8238155,
      -6.2023426
     ]
    ]
   },
   "properties": {
    "id": "osm-way-1288769138",
    "street_name": "Jalan Pati",
    "side": "n-a",
    "kind": "sidewalk",
    "level": 0,
    "has_sidewalk": "yes",
    "width_m": null,
    "surface": "unknown",
    "obstruction": null,
    "obstruction_types": [],
    "kerb_ramp": null,
    "lit": null,
    "eyes_on_street": null,
    "crossing_spacing_m": null,
    "shade": null,
    "shade_modeled": null,
    "drainage": null,
    "length_m": 30.012642944289134,
    "source": "osm",
    "confidence": "med",
    "notes": ""
   }
  },
  {
   "type": "Feature",
   "geometry": {
    "type": "LineString",
    "coordinates": [
     [
      106.8162167,
      -6.2162444
     ],
     [
      106.8161841,
      -6.2161979
     ],
     [
      106.8161351,
      -6.2161278
     ],
     [
      106.8160488,
      -6.2160046
     ],
     [
      106.8160045,
      -6.2159414
     ],
     [
      106.8158759,
      -6.2157578
     ],
     [
      106.8156856,
      -6.2154978
     ],
     [
      106.8155255,
      -6.2152923
     ],
     [
      106.8152599,
      -6.2149515
     ],
     [
      106.815031,
      -6.2146712
     ],
     [
      106.8148843,
      -6.2145042
     ],
     [
      106.8148038,
      -6.2144403
     ]
    ]
   },
   "properties": {
    "id": "osm-way-1289614155",
    "street_name": "Jalan Bendungan Hilir",
    "side": "n-a",
    "kind": "sidewalk",
    "level": 0,
    "has_sidewalk": "yes",
    "width_m": null,
    "surface": "unknown",
    "obstruction": null,
    "obstruction_types": [],
    "kerb_ramp": null,
    "lit": null,
    "eyes_on_street": null,
    "crossing_spacing_m": null,
    "shade": null,
    "shade_modeled": null,
    "drainage": null,
    "length_m": 254.71149173878558,
    "source": "osm",
    "confidence": "med",
    "notes": ""
   }
  },
  {
   "type": "Feature",
   "geometry": {
    "type": "LineString",
    "coordinates": [
     [
      106.8148038,
      -6.2144403
     ],
     [
      106.8147496,
      -6.2144025
     ],
     [
      106.8146812,
      -6.2143548
     ],
     [
      106.8145301,
      -6.2142736
     ],
     [
      106.8144417,
      -6.2142287
     ],
     [
      106.8141829,
      -6.2140973
     ],
     [
      106.8141643,
      -6.2140895
     ],
     [
      106.8141318,
      -6.2140735
     ],
     [
      106.8139427,
      -6.213984
     ],
     [
      106.8138489,
      -6.2139388
     ],
     [
      106.8137708,
      -6.2139053
     ],
     [
      106.8137209,
      -6.2138839
     ],
     [
      106.8133105,
      -6.2137418
     ],
     [
      106.8130177,
      -6.2135819
     ]
    ]
   },
   "properties": {
    "id": "osm-way-1289622789",
    "street_name": "Jalan Bendungan Hilir",
    "side": "n-a",
    "kind": "sidewalk",
    "level": 0,
    "has_sidewalk": "yes",
    "width_m": null,
    "surface": "unknown",
    "obstruction": null,
    "obstruction_types": [],
    "kerb_ramp": null,
    "lit": null,
    "eyes_on_street": null,
    "crossing_spacing_m": null,
    "shade": null,
    "shade_modeled": null,
    "drainage": null,
    "length_m": 219.93107945036428,
    "source": "osm",
    "confidence": "med",
    "notes": ""
   }
  },
  {
   "type": "Feature",
   "geometry": {
    "type": "LineString",
    "coordinates": [
     [
      106.8139047,
      -6.2213771
     ],
     [
      106.8139373,
      -6.2214232
     ]
    ]
   },
   "properties": {
    "id": "osm-way-1302415717",
    "street_name": "",
    "side": "n-a",
    "kind": "footway",
    "level": 0,
    "has_sidewalk": "unknown",
    "width_m": null,
    "surface": "unknown",
    "obstruction": null,
    "obstruction_types": [],
    "kerb_ramp": null,
    "lit": null,
    "eyes_on_street": null,
    "crossing_spacing_m": null,
    "shade": null,
    "shade_modeled": null,
    "drainage": null,
    "length_m": 6.265998127587364,
    "source": "osm",
    "confidence": "med",
    "notes": ""
   }
  },
  {
   "type": "Feature",
   "geometry": {
    "type": "LineString",
    "coordinates": [
     [
      106.8136703,
      -6.2210346
     ],
     [
      106.8134378,
      -6.2211904
     ],
     [
      106.8134324,
      -6.2211825
     ]
    ]
   },
   "properties": {
    "id": "osm-way-1302415720",
    "street_name": "",
    "side": "n-a",
    "kind": "footway",
    "level": 0,
    "has_sidewalk": "unknown",
    "width_m": null,
    "surface": "unknown",
    "obstruction": null,
    "obstruction_types": [],
    "kerb_ramp": null,
    "lit": null,
    "eyes_on_street": null,
    "crossing_spacing_m": null,
    "shade": null,
    "shade_modeled": null,
    "drainage": null,
    "length_m": 32.05635445486685,
    "source": "osm",
    "confidence": "med",
    "notes": ""
   }
  },
  {
   "type": "Feature",
   "geometry": {
    "type": "LineString",
    "coordinates": [
     [
      106.8136703,
      -6.2210346
     ],
     [
      106.8136649,
      -6.2210267
     ]
    ]
   },
   "properties": {
    "id": "osm-way-1302415721",
    "street_name": "",
    "side": "n-a",
    "kind": "footway",
    "level": 0,
    "has_sidewalk": "unknown",
    "width_m": null,
    "surface": "unknown",
    "obstruction": null,
    "obstruction_types": [],
    "kerb_ramp": null,
    "lit": null,
    "eyes_on_street": null,
    "crossing_spacing_m": null,
    "shade": null,
    "shade_modeled": null,
    "drainage": null,
    "length_m": 1.0620575451057799,
    "source": "osm",
    "confidence": "med",
    "notes": ""
   }
  },
  {
   "type": "Feature",
   "geometry": {
    "type": "LineString",
    "coordinates": [
     [
      106.8232005,
      -6.2022687
     ],
     [
      106.8231918,
      -6.2023066
     ],
     [
      106.8230784,
      -6.2022816
     ],
     [
      106.8226921,
      -6.2021962
     ]
    ]
   },
   "properties": {
    "id": "osm-way-1329877698",
    "street_name": "",
    "side": "n-a",
    "kind": "footway",
    "level": 0,
    "has_sidewalk": "unknown",
    "width_m": null,
    "surface": "unknown",
    "obstruction": null,
    "obstruction_types": [],
    "kerb_ramp": null,
    "lit": null,
    "eyes_on_street": null,
    "crossing_spacing_m": null,
    "shade": null,
    "shade_modeled": null,
    "drainage": null,
    "length_m": 60.90912777660586,
    "source": "osm",
    "confidence": "med",
    "notes": ""
   }
  },
  {
   "type": "Feature",
   "geometry": {
    "type": "LineString",
    "coordinates": [
     [
      106.8226921,
      -6.2021962
     ],
     [
      106.8226187,
      -6.2021802
     ],
     [
      106.8225522,
      -6.2021658
     ],
     [
      106.8223431,
      -6.2021203
     ]
    ]
   },
   "properties": {
    "id": "osm-way-1329877699",
    "street_name": "",
    "side": "n-a",
    "kind": "footway",
    "level": 0,
    "has_sidewalk": "unknown",
    "width_m": null,
    "surface": "unknown",
    "obstruction": null,
    "obstruction_types": [],
    "kerb_ramp": null,
    "lit": null,
    "eyes_on_street": null,
    "crossing_spacing_m": null,
    "shade": null,
    "shade_modeled": null,
    "drainage": null,
    "length_m": 39.492233695763986,
    "source": "osm",
    "confidence": "med",
    "notes": ""
   }
  },
  {
   "type": "Feature",
   "geometry": {
    "type": "LineString",
    "coordinates": [
     [
      106.8247927,
      -6.2027943
     ],
     [
      106.8253359,
      -6.202924
     ]
    ]
   },
   "properties": {
    "id": "osm-way-1330926131",
    "street_name": "",
    "side": "n-a",
    "kind": "footway",
    "level": 0,
    "has_sidewalk": "unknown",
    "width_m": null,
    "surface": "unknown",
    "obstruction": null,
    "obstruction_types": [],
    "kerb_ramp": null,
    "lit": null,
    "eyes_on_street": null,
    "crossing_spacing_m": null,
    "shade": null,
    "shade_modeled": null,
    "drainage": null,
    "length_m": 61.75509914544972,
    "source": "osm",
    "confidence": "med",
    "notes": ""
   }
  },
  {
   "type": "Feature",
   "geometry": {
    "type": "LineString",
    "coordinates": [
     [
      106.8227116,
      -6.2021141
     ],
     [
      106.8226367,
      -6.2020972
     ],
     [
      106.8225803,
      -6.2020845
     ],
     [
      106.8225195,
      -6.2020714
     ],
     [
      106.8224609,
      -6.2020581
     ],
     [
      106.8224097,
      -6.202047
     ]
    ]
   },
   "properties": {
    "id": "osm-way-1334214582",
    "street_name": "Jalan Kendal",
    "side": "n-a",
    "kind": "footway",
    "level": 0,
    "has_sidewalk": "unknown",
    "width_m": null,
    "surface": "unknown",
    "obstruction": null,
    "obstruction_types": [],
    "kerb_ramp": null,
    "lit": null,
    "eyes_on_street": null,
    "crossing_spacing_m": null,
    "shade": null,
    "shade_modeled": null,
    "drainage": null,
    "length_m": 34.19749800167122,
    "source": "osm",
    "confidence": "med",
    "notes": ""
   }
  },
  {
   "type": "Feature",
   "geometry": {
    "type": "LineString",
    "coordinates": [
     [
      106.8232002,
      -6.202137
     ],
     [
      106.8231711,
      -6.2021654
     ],
     [
      106.8231369,
      -6.202184
     ],
     [
      106.8230977,
      -6.2021981
     ]
    ]
   },
   "properties": {
    "id": "osm-way-1334214585",
    "street_name": "Jalan Kendal",
    "side": "n-a",
    "kind": "footway",
    "level": 0,
    "has_sidewalk": "unknown",
    "width_m": null,
    "surface": "unknown",
    "obstruction": null,
    "obstruction_types": [],
    "kerb_ramp": null,
    "lit": null,
    "eyes_on_street": null,
    "crossing_spacing_m": null,
    "shade": null,
    "shade_modeled": null,
    "drainage": null,
    "length_m": 13.425431760476126,
    "source": "osm",
    "confidence": "med",
    "notes": ""
   }
  },
  {
   "type": "Feature",
   "geometry": {
    "type": "LineString",
    "coordinates": [
     [
      106.8123496,
      -6.2101275
     ],
     [
      106.8123443,
      -6.2099849
     ],
     [
      106.8123275,
      -6.2098389
     ],
     [
      106.8123012,
      -6.2097053
     ],
     [
      106.8122893,
      -6.2096449
     ],
     [
      106.812073,
      -6.2090007
     ],
     [
      106.8119354,
      -6.2087699
     ],
     [
      106.8117117,
      -6.2085118
     ],
     [
      106.8113002,
      -6.2080697
     ],
     [
      106.8110224,
      -6.2077205
     ],
     [
      106.8109395,
      -6.2076244
     ]
    ]
   },
   "properties": {
    "id": "osm-way-1349179459",
    "street_name": "Jalan Bendungan Hilir",
    "side": "n-a",
    "kind": "sidewalk",
    "level": 0,
    "has_sidewalk": "yes",
    "width_m": null,
    "surface": "unknown",
    "obstruction": null,
    "obstruction_types": [],
    "kerb_ramp": null,
    "lit": null,
    "eyes_on_street": null,
    "crossing_spacing_m": null,
    "shade": null,
    "shade_modeled": null,
    "drainage": null,
    "length_m": 327.9803719312655,
    "source": "osm",
    "confidence": "med",
    "notes": ""
   }
  },
  {
   "type": "Feature",
   "geometry": {
    "type": "LineString",
    "coordinates": [
     [
      106.8226367,
      -6.2020972
     ],
     [
      106.8226187,
      -6.2021802
     ]
    ]
   },
   "properties": {
    "id": "osm-way-1349987486",
    "street_name": "",
    "side": "n-a",
    "kind": "footway",
    "level": 0,
    "has_sidewalk": "unknown",
    "width_m": null,
    "surface": "unknown",
    "obstruction": null,
    "obstruction_types": [],
    "kerb_ramp": null,
    "lit": null,
    "eyes_on_street": null,
    "crossing_spacing_m": null,
    "shade": null,
    "shade_modeled": null,
    "drainage": null,
    "length_m": 9.441240511925216,
    "source": "osm",
    "confidence": "med",
    "notes": ""
   }
  },
  {
   "type": "Feature",
   "geometry": {
    "type": "LineString",
    "coordinates": [
     [
      106.8155958,
      -6.2008423
     ],
     [
      106.8156485,
      -6.2008542
     ],
     [
      106.8162282,
      -6.2009855
     ],
     [
      106.8163034,
      -6.2009878
     ],
     [
      106.8165148,
      -6.2010352
     ],
     [
      106.8166099,
      -6.2010401
     ],
     [
      106.8177453,
      -6.20129
     ],
     [
      106.8184306,
      -6.2014395
     ],
     [
      106.8215772,
      -6.2021213
     ],
     [
      106.8217089,
      -6.2021917
     ],
     [
      106.8224349,
      -6.2023526
     ]
    ]
   },
   "properties": {
    "id": "osm-way-1350349921",
    "street_name": "",
    "side": "n-a",
    "kind": "footway",
    "level": 0,
    "has_sidewalk": "unknown",
    "width_m": null,
    "surface": "unknown",
    "obstruction": null,
    "obstruction_types": [],
    "kerb_ramp": null,
    "lit": null,
    "eyes_on_street": null,
    "crossing_spacing_m": null,
    "shade": null,
    "shade_modeled": null,
    "drainage": null,
    "length_m": 775.3673322474491,
    "source": "osm",
    "confidence": "med",
    "notes": ""
   }
  },
  {
   "type": "Feature",
   "geometry": {
    "type": "LineString",
    "coordinates": [
     [
      106.8128149,
      -6.2035531
     ],
     [
      106.8120903,
      -6.2034641
     ],
     [
      106.8116761,
      -6.2033994
     ]
    ]
   },
   "properties": {
    "id": "osm-way-1363951148",
    "street_name": "",
    "side": "n-a",
    "kind": "footway",
    "level": 0,
    "has_sidewalk": "unknown",
    "width_m": null,
    "surface": "unknown",
    "obstruction": null,
    "obstruction_types": [],
    "kerb_ramp": null,
    "lit": null,
    "eyes_on_street": null,
    "crossing_spacing_m": null,
    "shade": null,
    "shade_modeled": null,
    "drainage": null,
    "length_m": 127.05808224639759,
    "source": "osm",
    "confidence": "med",
    "notes": ""
   }
  },
  {
   "type": "Feature",
   "geometry": {
    "type": "LineString",
    "coordinates": [
     [
      106.8155609,
      -6.2033292
     ],
     [
      106.8152889,
      -6.2033342
     ]
    ]
   },
   "properties": {
    "id": "osm-way-1363951156",
    "street_name": "",
    "side": "n-a",
    "kind": "footway",
    "level": 0,
    "has_sidewalk": "unknown",
    "width_m": null,
    "surface": "unknown",
    "obstruction": null,
    "obstruction_types": [],
    "kerb_ramp": null,
    "lit": null,
    "eyes_on_street": null,
    "crossing_spacing_m": null,
    "shade": null,
    "shade_modeled": null,
    "drainage": null,
    "length_m": 30.07306556204547,
    "source": "osm",
    "confidence": "med",
    "notes": ""
   }
  },
  {
   "type": "Feature",
   "geometry": {
    "type": "LineString",
    "coordinates": [
     [
      106.8154083,
      -6.204501
     ],
     [
      106.8153645,
      -6.203682
     ],
     [
      106.8153604,
      -6.2036057
     ],
     [
      106.8153531,
      -6.203469
     ]
    ]
   },
   "properties": {
    "id": "osm-way-1363951157",
    "street_name": "",
    "side": "n-a",
    "kind": "footway",
    "level": 0,
    "has_sidewalk": "unknown",
    "width_m": null,
    "surface": "unknown",
    "obstruction": null,
    "obstruction_types": [],
    "kerb_ramp": null,
    "lit": null,
    "eyes_on_street": null,
    "crossing_spacing_m": null,
    "shade": null,
    "shade_modeled": null,
    "drainage": null,
    "length_m": 114.91528769984116,
    "source": "osm",
    "confidence": "med",
    "notes": ""
   }
  },
  {
   "type": "Feature",
   "geometry": {
    "type": "LineString",
    "coordinates": [
     [
      106.8156433,
      -6.2036737
     ],
     [
      106.8153645,
      -6.203682
     ]
    ]
   },
   "properties": {
    "id": "osm-way-1363951158",
    "street_name": "",
    "side": "n-a",
    "kind": "footway",
    "level": 0,
    "has_sidewalk": "unknown",
    "width_m": null,
    "surface": "unknown",
    "obstruction": null,
    "obstruction_types": [],
    "kerb_ramp": null,
    "lit": null,
    "eyes_on_street": null,
    "crossing_spacing_m": null,
    "shade": null,
    "shade_modeled": null,
    "drainage": null,
    "length_m": 30.8334194147942,
    "source": "osm",
    "confidence": "med",
    "notes": ""
   }
  },
  {
   "type": "Feature",
   "geometry": {
    "type": "LineString",
    "coordinates": [
     [
      106.8153159,
      -6.2025645
     ],
     [
      106.8153271,
      -6.2030408
     ],
     [
      106.8153315,
      -6.2032061
     ]
    ]
   },
   "properties": {
    "id": "osm-way-1363951159",
    "street_name": "",
    "side": "n-a",
    "kind": "footway",
    "level": 0,
    "has_sidewalk": "unknown",
    "width_m": null,
    "surface": "unknown",
    "obstruction": null,
    "obstruction_types": [],
    "kerb_ramp": null,
    "lit": null,
    "eyes_on_street": null,
    "crossing_spacing_m": null,
    "shade": null,
    "shade_modeled": null,
    "drainage": null,
    "length_m": 71.36356880051729,
    "source": "osm",
    "confidence": "med",
    "notes": ""
   }
  },
  {
   "type": "Feature",
   "geometry": {
    "type": "LineString",
    "coordinates": [
     [
      106.8155971,
      -6.2030275
     ],
     [
      106.8153271,
      -6.2030408
     ],
     [
      106.8145477,
      -6.2030811
     ]
    ]
   },
   "properties": {
    "id": "osm-way-1363951160",
    "street_name": "",
    "side": "n-a",
    "kind": "footway",
    "level": 0,
    "has_sidewalk": "unknown",
    "width_m": null,
    "surface": "unknown",
    "obstruction": null,
    "obstruction_types": [],
    "kerb_ramp": null,
    "lit": null,
    "eyes_on_street": null,
    "crossing_spacing_m": null,
    "shade": null,
    "shade_modeled": null,
    "drainage": null,
    "length_m": 116.1578445686269,
    "source": "osm",
    "confidence": "med",
    "notes": ""
   }
  },
  {
   "type": "Feature",
   "geometry": {
    "type": "LineString",
    "coordinates": [
     [
      106.8145,
      -6.2026401
     ],
     [
      106.8145477,
      -6.2030811
     ],
     [
      106.8145795,
      -6.2033754
     ],
     [
      106.8146092,
      -6.2036505
     ],
     [
      106.8147029,
      -6.2045174
     ]
    ]
   },
   "properties": {
    "id": "osm-way-1363951161",
    "street_name": "",
    "side": "n-a",
    "kind": "footway",
    "level": 0,
    "has_sidewalk": "unknown",
    "width_m": null,
    "surface": "unknown",
    "obstruction": null,
    "obstruction_types": [],
    "kerb_ramp": null,
    "lit": null,
    "eyes_on_street": null,
    "crossing_spacing_m": null,
    "shade": null,
    "shade_modeled": null,
    "drainage": null,
    "length_m": 209.94777021398858,
    "source": "osm",
    "confidence": "med",
    "notes": ""
   }
  },
  {
   "type": "Feature",
   "geometry": {
    "type": "LineString",
    "coordinates": [
     [
      106.8153604,
      -6.2036057
     ],
     [
      106.8146092,
      -6.2036505
     ]
    ]
   },
   "properties": {
    "id": "osm-way-1363951162",
    "street_name": "",
    "side": "n-a",
    "kind": "footway",
    "level": 0,
    "has_sidewalk": "unknown",
    "width_m": null,
    "surface": "unknown",
    "obstruction": null,
    "obstruction_types": [],
    "kerb_ramp": null,
    "lit": null,
    "eyes_on_street": null,
    "crossing_spacing_m": null,
    "shade": null,
    "shade_modeled": null,
    "drainage": null,
    "length_m": 83.18977457796893,
    "source": "osm",
    "confidence": "med",
    "notes": ""
   }
  },
  {
   "type": "Feature",
   "geometry": {
    "type": "LineString",
    "coordinates": [
     [
      106.8136969,
      -6.2033696
     ],
     [
      106.8145795,
      -6.2033754
     ]
    ]
   },
   "properties": {
    "id": "osm-way-1363951163",
    "street_name": "",
    "side": "n-a",
    "kind": "footway",
    "level": 0,
    "has_sidewalk": "unknown",
    "width_m": null,
    "surface": "unknown",
    "obstruction": null,
    "obstruction_types": [],
    "kerb_ramp": null,
    "lit": null,
    "eyes_on_street": null,
    "crossing_spacing_m": null,
    "shade": null,
    "shade_modeled": null,
    "drainage": null,
    "length_m": 97.56812159400044,
    "source": "osm",
    "confidence": "med",
    "notes": ""
   }
  },
  {
   "type": "Feature",
   "geometry": {
    "type": "LineString",
    "coordinates": [
     [
      106.8127773,
      -6.2020788
     ],
     [
      106.8136951,
      -6.2021115
     ],
     [
      106.8146178,
      -6.2021381
     ]
    ]
   },
   "properties": {
    "id": "osm-way-1363951164",
    "street_name": "",
    "side": "n-a",
    "kind": "footway",
    "level": 0,
    "has_sidewalk": "unknown",
    "width_m": null,
    "surface": "unknown",
    "obstruction": null,
    "obstruction_types": [],
    "kerb_ramp": null,
    "lit": null,
    "eyes_on_street": null,
    "crossing_spacing_m": null,
    "shade": null,
    "shade_modeled": null,
    "drainage": null,
    "length_m": 203.56442909479358,
    "source": "osm",
    "confidence": "med",
    "notes": ""
   }
  },
  {
   "type": "Feature",
   "geometry": {
    "type": "LineString",
    "coordinates": [
     [
      106.814618,
      -6.2020541
     ],
     [
      106.8151671,
      -6.202052
     ]
    ]
   },
   "properties": {
    "id": "osm-way-1363951165",
    "street_name": "",
    "side": "n-a",
    "kind": "footway",
    "level": 0,
    "has_sidewalk": "unknown",
    "width_m": null,
    "surface": "unknown",
    "obstruction": null,
    "obstruction_types": [],
    "kerb_ramp": null,
    "lit": null,
    "eyes_on_street": null,
    "crossing_spacing_m": null,
    "shade": null,
    "shade_modeled": null,
    "drainage": null,
    "length_m": 60.70022166731535,
    "source": "osm",
    "confidence": "med",
    "notes": ""
   }
  },
  {
   "type": "Feature",
   "geometry": {
    "type": "LineString",
    "coordinates": [
     [
      106.8151778,
      -6.2015333
     ],
     [
      106.8151671,
      -6.202052
     ]
    ]
   },
   "properties": {
    "id": "osm-way-1363951166",
    "street_name": "",
    "side": "n-a",
    "kind": "footway",
    "level": 0,
    "has_sidewalk": "unknown",
    "width_m": null,
    "surface": "unknown",
    "obstruction": null,
    "obstruction_types": [],
    "kerb_ramp": null,
    "lit": null,
    "eyes_on_street": null,
    "crossing_spacing_m": null,
    "shade": null,
    "shade_modeled": null,
    "drainage": null,
    "length_m": 57.68893570107052,
    "source": "osm",
    "confidence": "med",
    "notes": ""
   }
  },
  {
   "type": "Feature",
   "geometry": {
    "type": "LineString",
    "coordinates": [
     [
      106.813698,
      -6.2025267
     ],
     [
      106.8127862,
      -6.2024882
     ]
    ]
   },
   "properties": {
    "id": "osm-way-1363951167",
    "street_name": "",
    "side": "n-a",
    "kind": "footway",
    "level": 0,
    "has_sidewalk": "unknown",
    "width_m": null,
    "surface": "unknown",
    "obstruction": null,
    "obstruction_types": [],
    "kerb_ramp": null,
    "lit": null,
    "eyes_on_street": null,
    "crossing_spacing_m": null,
    "shade": null,
    "shade_modeled": null,
    "drainage": null,
    "length_m": 100.88490763869447,
    "source": "osm",
    "confidence": "med",
    "notes": ""
   }
  },
  {
   "type": "Feature",
   "geometry": {
    "type": "LineString",
    "coordinates": [
     [
      106.8246879,
      -6.1963834
     ],
     [
      106.8247601,
      -6.1964499
     ],
     [
      106.8247723,
      -6.1964624
     ],
     [
      106.8247864,
      -6.1964917
     ],
     [
      106.8247815,
      -6.1965213
     ]
    ]
   },
   "properties": {
    "id": "osm-way-1371169735",
    "street_name": "",
    "side": "n-a",
    "kind": "crossing",
    "level": 0,
    "has_sidewalk": "unknown",
    "width_m": null,
    "surface": "unknown",
    "obstruction": null,
    "obstruction_types": [],
    "kerb_ramp": null,
    "lit": null,
    "eyes_on_street": null,
    "crossing_spacing_m": null,
    "shade": null,
    "shade_modeled": null,
    "drainage": null,
    "length_m": 19.764280996003812,
    "source": "osm",
    "confidence": "med",
    "notes": ""
   }
  },
  {
   "type": "Feature",
   "geometry": {
    "type": "LineString",
    "coordinates": [
     [
      106.8244886,
      -6.1963936
     ],
     [
      106.8245436,
      -6.1963499
     ],
     [
      106.8245839,
      -6.1963271
     ],
     [
      106.8246879,
      -6.1963834
     ]
    ]
   },
   "properties": {
    "id": "osm-way-1371169736",
    "street_name": "",
    "side": "n-a",
    "kind": "crossing",
    "level": 0,
    "has_sidewalk": "unknown",
    "width_m": null,
    "surface": "unknown",
    "obstruction": null,
    "obstruction_types": [],
    "kerb_ramp": null,
    "lit": null,
    "eyes_on_street": null,
    "crossing_spacing_m": null,
    "shade": null,
    "shade_modeled": null,
    "drainage": null,
    "length_m": 25.999711820646965,
    "source": "osm",
    "confidence": "med",
    "notes": ""
   }
  },
  {
   "type": "Feature",
   "geometry": {
    "type": "LineString",
    "coordinates": [
     [
      106.8244886,
      -6.1963936
     ],
     [
      106.8244568,
      -6.196421
     ],
     [
      106.8244459,
      -6.196441
     ],
     [
      106.8244456,
      -6.19648
     ],
     [
      106.8244514,
      -6.196529
     ],
     [
      106.8244764,
      -6.1965695
     ],
     [
      106.8245367,
      -6.1966462
     ]
    ]
   },
   "properties": {
    "id": "osm-way-1371169737",
    "street_name": "",
    "side": "n-a",
    "kind": "crossing",
    "level": 0,
    "has_sidewalk": "unknown",
    "width_m": null,
    "surface": "unknown",
    "obstruction": null,
    "obstruction_types": [],
    "kerb_ramp": null,
    "lit": null,
    "eyes_on_street": null,
    "crossing_spacing_m": null,
    "shade": null,
    "shade_modeled": null,
    "drainage": null,
    "length_m": 33.11249719194619,
    "source": "osm",
    "confidence": "med",
    "notes": ""
   }
  },
  {
   "type": "Feature",
   "geometry": {
    "type": "LineString",
    "coordinates": [
     [
      106.8245367,
      -6.1966462
     ],
     [
      106.8245865,
      -6.1966662
     ],
     [
      106.824613,
      -6.196669
     ],
     [
      106.8246362,
      -6.1966624
     ],
     [
      106.8246678,
      -6.1966337
     ],
     [
      106.8247351,
      -6.1965694
     ],
     [
      106.8247815,
      -6.1965213
     ],
     [
      106.8248696,
      -6.1965384
     ]
    ]
   },
   "properties": {
    "id": "osm-way-1371169738",
    "street_name": "",
    "side": "n-a",
    "kind": "crossing",
    "level": 0,
    "has_sidewalk": "unknown",
    "width_m": null,
    "surface": "unknown",
    "obstruction": null,
    "obstruction_types": [],
    "kerb_ramp": null,
    "lit": null,
    "eyes_on_street": null,
    "crossing_spacing_m": null,
    "shade": null,
    "shade_modeled": null,
    "drainage": null,
    "length_m": 43.93423924337683,
    "source": "osm",
    "confidence": "med",
    "notes": ""
   }
  },
  {
   "type": "Feature",
   "geometry": {
    "type": "LineString",
    "coordinates": [
     [
      106.8252,
      -6.1945648
     ],
     [
      106.8253125,
      -6.1945872
     ],
     [
      106.8253905,
      -6.1945978
     ]
    ]
   },
   "properties": {
    "id": "osm-way-1371848766",
    "street_name": "",
    "side": "n-a",
    "kind": "crossing",
    "level": 0,
    "has_sidewalk": "unknown",
    "width_m": null,
    "surface": "unknown",
    "obstruction": null,
    "obstruction_types": [],
    "kerb_ramp": null,
    "lit": null,
    "eyes_on_street": null,
    "crossing_spacing_m": null,
    "shade": null,
    "shade_modeled": null,
    "drainage": null,
    "length_m": 21.38611178845468,
    "source": "osm",
    "confidence": "med",
    "notes": ""
   }
  },
  {
   "type": "Feature",
   "geometry": {
    "type": "LineString",
    "coordinates": [
     [
      106.824624,
      -6.2169947
     ],
     [
      106.8240683,
      -6.216971
     ]
    ]
   },
   "properties": {
    "id": "osm-way-1372098667",
    "street_name": "",
    "side": "n-a",
    "kind": "footway",
    "level": 0,
    "has_sidewalk": "unknown",
    "width_m": null,
    "surface": "unknown",
    "obstruction": null,
    "obstruction_types": [],
    "kerb_ramp": null,
    "lit": null,
    "eyes_on_street": null,
    "crossing_spacing_m": null,
    "shade": null,
    "shade_modeled": null,
    "drainage": null,
    "length_m": 61.4841253205883,
    "source": "osm",
    "confidence": "med",
    "notes": ""
   }
  },
  {
   "type": "Feature",
   "geometry": {
    "type": "LineString",
    "coordinates": [
     [
      106.824624,
      -6.2169947
     ],
     [
      106.8245921,
      -6.217165
     ],
     [
      106.8246147,
      -6.2173423
     ]
    ]
   },
   "properties": {
    "id": "osm-way-1372098668",
    "street_name": "Gang Kecil 2",
    "side": "n-a",
    "kind": "footway",
    "level": 0,
    "has_sidewalk": "unknown",
    "width_m": null,
    "surface": "unknown",
    "obstruction": null,
    "obstruction_types": [],
    "kerb_ramp": null,
    "lit": null,
    "eyes_on_street": null,
    "crossing_spacing_m": null,
    "shade": null,
    "shade_modeled": null,
    "drainage": null,
    "length_m": 39.134533735937865,
    "source": "osm",
    "confidence": "med",
    "notes": ""
   }
  },
  {
   "type": "Feature",
   "geometry": {
    "type": "LineString",
    "coordinates": [
     [
      106.8248898,
      -6.217446
     ],
     [
      106.8248307,
      -6.2176195
     ],
     [
      106.8247957,
      -6.2176137
     ],
     [
      106.8247525,
      -6.2177379
     ],
     [
      106.8248121,
      -6.217811
     ],
     [
      106.8247626,
      -6.2179713
     ]
    ]
   },
   "properties": {
    "id": "osm-way-1372098669",
    "street_name": "Gang Kecil 3",
    "side": "n-a",
    "kind": "footway",
    "level": 0,
    "has_sidewalk": "unknown",
    "width_m": null,
    "surface": "unknown",
    "obstruction": null,
    "obstruction_types": [],
    "kerb_ramp": null,
    "lit": null,
    "eyes_on_street": null,
    "crossing_spacing_m": null,
    "shade": null,
    "shade_modeled": null,
    "drainage": null,
    "length_m": 68.0119948160526,
    "source": "osm",
    "confidence": "med",
    "notes": ""
   }
  },
  {
   "type": "Feature",
   "geometry": {
    "type": "LineString",
    "coordinates": [
     [
      106.8236402,
      -6.1952928
     ],
     [
      106.8236695,
      -6.195279
     ],
     [
      106.8237318,
      -6.1952497
     ],
     [
      106.8237533,
      -6.1952407
     ]
    ]
   },
   "properties": {
    "id": "osm-way-1374545103",
    "street_name": "",
    "side": "n-a",
    "kind": "crossing",
    "level": 0,
    "has_sidewalk": "unknown",
    "width_m": null,
    "surface": "unknown",
    "obstruction": null,
    "obstruction_types": [],
    "kerb_ramp": null,
    "lit": null,
    "eyes_on_street": null,
    "crossing_spacing_m": null,
    "shade": null,
    "shade_modeled": null,
    "drainage": null,
    "length_m": 13.781655792921267,
    "source": "osm",
    "confidence": "med",
    "notes": ""
   }
  },
  {
   "type": "Feature",
   "geometry": {
    "type": "LineString",
    "coordinates": [
     [
      106.8236169,
      -6.1953647
     ],
     [
      106.8236206,
      -6.1953273
     ],
     [
      106.8236402,
      -6.1952928
     ]
    ]
   },
   "properties": {
    "id": "osm-way-1374545104",
    "street_name": "",
    "side": "n-a",
    "kind": "footway",
    "level": 0,
    "has_sidewalk": "unknown",
    "width_m": null,
    "surface": "unknown",
    "obstruction": null,
    "obstruction_types": [],
    "kerb_ramp": null,
    "lit": null,
    "eyes_on_street": null,
    "crossing_spacing_m": null,
    "shade": null,
    "shade_modeled": null,
    "drainage": null,
    "length_m": 8.584567678320392,
    "source": "osm",
    "confidence": "med",
    "notes": ""
   }
  },
  {
   "type": "Feature",
   "geometry": {
    "type": "LineString",
    "coordinates": [
     [
      106.822939,
      -6.1976203
     ],
     [
      106.8229136,
      -6.1975895
     ],
     [
      106.8228921,
      -6.19756
     ]
    ]
   },
   "properties": {
    "id": "osm-way-1374830464",
    "street_name": "",
    "side": "n-a",
    "kind": "crossing",
    "level": 0,
    "has_sidewalk": "unknown",
    "width_m": null,
    "surface": "unknown",
    "obstruction": null,
    "obstruction_types": [],
    "kerb_ramp": null,
    "lit": null,
    "eyes_on_street": null,
    "crossing_spacing_m": null,
    "shade": null,
    "shade_modeled": null,
    "drainage": null,
    "length_m": 8.47946895642124,
    "source": "osm",
    "confidence": "med",
    "notes": ""
   }
  },
  {
   "type": "Feature",
   "geometry": {
    "type": "LineString",
    "coordinates": [
     [
      106.8228938,
      -6.197805
     ],
     [
      106.8229167,
      -6.1977826
     ],
     [
      106.8229352,
      -6.1977646
     ]
    ]
   },
   "properties": {
    "id": "osm-way-1374830465",
    "street_name": "",
    "side": "n-a",
    "kind": "crossing",
    "level": 0,
    "has_sidewalk": "unknown",
    "width_m": null,
    "surface": "unknown",
    "obstruction": null,
    "obstruction_types": [],
    "kerb_ramp": null,
    "lit": null,
    "eyes_on_street": null,
    "crossing_spacing_m": null,
    "shade": null,
    "shade_modeled": null,
    "drainage": null,
    "length_m": 6.41291967738647,
    "source": "osm",
    "confidence": "med",
    "notes": ""
   }
  },
  {
   "type": "Feature",
   "geometry": {
    "type": "LineString",
    "coordinates": [
     [
      106.821726,
      -6.1943422
     ],
     [
      106.8217786,
      -6.1943482
     ],
     [
      106.821842,
      -6.1943554
     ]
    ]
   },
   "properties": {
    "id": "osm-way-1376348435",
    "street_name": "",
    "side": "n-a",
    "kind": "crossing",
    "level": 0,
    "has_sidewalk": "unknown",
    "width_m": null,
    "surface": "unknown",
    "obstruction": null,
    "obstruction_types": [],
    "kerb_ramp": null,
    "lit": null,
    "eyes_on_street": null,
    "crossing_spacing_m": null,
    "shade": null,
    "shade_modeled": null,
    "drainage": null,
    "length_m": 12.907033094948119,
    "source": "osm",
    "confidence": "med",
    "notes": ""
   }
  },
  {
   "type": "Feature",
   "geometry": {
    "type": "LineString",
    "coordinates": [
     [
      106.8207784,
      -6.1942081
     ],
     [
      106.8208171,
      -6.194212
     ],
     [
      106.8209204,
      -6.1942224
     ],
     [
      106.8209691,
      -6.1942274
     ]
    ]
   },
   "properties": {
    "id": "osm-way-1376348440",
    "street_name": "",
    "side": "n-a",
    "kind": "crossing",
    "level": 0,
    "has_sidewalk": "unknown",
    "width_m": null,
    "surface": "unknown",
    "obstruction": null,
    "obstruction_types": [],
    "kerb_ramp": null,
    "lit": null,
    "eyes_on_street": null,
    "crossing_spacing_m": null,
    "shade": null,
    "shade_modeled": null,
    "drainage": null,
    "length_m": 21.190036629589834,
    "source": "osm",
    "confidence": "med",
    "notes": ""
   }
  },
  {
   "type": "Feature",
   "geometry": {
    "type": "LineString",
    "coordinates": [
     [
      106.8208839,
      -6.1949271
     ],
     [
      106.8208412,
      -6.1945176
     ],
     [
      106.8208453,
      -6.1945055
     ],
     [
      106.8208945,
      -6.1944885
     ],
     [
      106.8209459,
      -6.1944677
     ],
     [
      106.8210043,
      -6.1944432
     ],
     [
      106.8211149,
      -6.1943615
     ]
    ]
   },
   "properties": {
    "id": "osm-way-1376348441",
    "street_name": "",
    "side": "n-a",
    "kind": "footway",
    "level": 0,
    "has_sidewalk": "unknown",
    "width_m": null,
    "surface": "unknown",
    "obstruction": null,
    "obstruction_types": [],
    "kerb_ramp": null,
    "lit": null,
    "eyes_on_street": null,
    "crossing_spacing_m": null,
    "shade": null,
    "shade_modeled": null,
    "drainage": null,
    "length_m": 81.32994389057686,
    "source": "osm",
    "confidence": "med",
    "notes": ""
   }
  },
  {
   "type": "Feature",
   "geometry": {
    "type": "LineString",
    "coordinates": [
     [
      106.8253479,
      -6.1946973
     ],
     [
      106.8253147,
      -6.1948601
     ]
    ]
   },
   "properties": {
    "id": "osm-way-1376450034",
    "street_name": "",
    "side": "n-a",
    "kind": "crossing",
    "level": 0,
    "has_sidewalk": "unknown",
    "width_m": null,
    "surface": "unknown",
    "obstruction": null,
    "obstruction_types": [],
    "kerb_ramp": null,
    "lit": null,
    "eyes_on_street": null,
    "crossing_spacing_m": null,
    "shade": null,
    "shade_modeled": null,
    "drainage": null,
    "length_m": 18.47082793500598,
    "source": "osm",
    "confidence": "med",
    "notes": ""
   }
  },
  {
   "type": "Feature",
   "geometry": {
    "type": "LineString",
    "coordinates": [
     [
      106.8225806,
      -6.1945127
     ],
     [
      106.8225811,
      -6.1944946
     ],
     [
      106.8225819,
      -6.1944666
     ],
     [
      106.8225822,
      -6.1944567
     ]
    ]
   },
   "properties": {
    "id": "osm-way-1376610130",
    "street_name": "",
    "side": "n-a",
    "kind": "crossing",
    "level": 0,
    "has_sidewalk": "unknown",
    "width_m": null,
    "surface": "unknown",
    "obstruction": null,
    "obstruction_types": [],
    "kerb_ramp": null,
    "lit": null,
    "eyes_on_street": null,
    "crossing_spacing_m": null,
    "shade": null,
    "shade_modeled": null,
    "drainage": null,
    "length_m": 6.229429911826995,
    "source": "osm",
    "confidence": "med",
    "notes": ""
   }
  },
  {
   "type": "Feature",
   "geometry": {
    "type": "LineString",
    "coordinates": [
     [
      106.8224152,
      -6.1946752
     ],
     [
      106.8224271,
      -6.1946726
     ],
     [
      106.8224563,
      -6.1946642
     ],
     [
      106.8224997,
      -6.194648
     ]
    ]
   },
   "properties": {
    "id": "osm-way-1376610131",
    "street_name": "",
    "side": "n-a",
    "kind": "crossing",
    "level": 0,
    "has_sidewalk": "unknown",
    "width_m": null,
    "surface": "unknown",
    "obstruction": null,
    "obstruction_types": [],
    "kerb_ramp": null,
    "lit": null,
    "eyes_on_street": null,
    "crossing_spacing_m": null,
    "shade": null,
    "shade_modeled": null,
    "drainage": null,
    "length_m": 9.831950165891648,
    "source": "osm",
    "confidence": "med",
    "notes": ""
   }
  },
  {
   "type": "Feature",
   "geometry": {
    "type": "LineString",
    "coordinates": [
     [
      106.8225068,
      -6.1960306
     ],
     [
      106.822613,
      -6.1959748
     ]
    ]
   },
   "properties": {
    "id": "osm-way-1376610136",
    "street_name": "",
    "side": "n-a",
    "kind": "footway",
    "level": 0,
    "has_sidewalk": "unknown",
    "width_m": null,
    "surface": "unknown",
    "obstruction": null,
    "obstruction_types": [],
    "kerb_ramp": null,
    "lit": null,
    "eyes_on_street": null,
    "crossing_spacing_m": null,
    "shade": null,
    "shade_modeled": null,
    "drainage": null,
    "length_m": 13.27869438884024,
    "source": "osm",
    "confidence": "med",
    "notes": ""
   }
  },
  {
   "type": "Feature",
   "geometry": {
    "type": "LineString",
    "coordinates": [
     [
      106.8222959,
      -6.1961649
     ],
     [
      106.8222825,
      -6.1961246
     ],
     [
      106.8222792,
      -6.1960864
     ],
     [
      106.822288,
      -6.1960491
     ],
     [
      106.8223079,
      -6.1960163
     ],
     [
      106.8223371,
      -6.1959912
     ],
     [
      106.8223726,
      -6.1959763
     ],
     [
      106.822411,
      -6.195973
     ],
     [
      106.8224486,
      -6.1959817
     ],
     [
      106.8224816,
      -6.1960016
     ],
     [
      106.8225068,
      -6.1960306
     ],
     [
      106.8225218,
      -6.1960659
     ],
     [
      106.8225251,
      -6.1961041
     ],
     [
      106.8225163,
      -6.1961414
     ],
     [
      106.8224964,
      -6.1961742
     ],
     [
      106.8224737,
      -6.1961938
     ]
    ]
   },
   "properties": {
    "id": "osm-way-1376610137",
    "street_name": "",
    "side": "n-a",
    "kind": "footway",
    "level": 0,
    "has_sidewalk": "unknown",
    "width_m": null,
    "surface": "unknown",
    "obstruction": null,
    "obstruction_types": [],
    "kerb_ramp": null,
    "lit": null,
    "eyes_on_street": null,
    "crossing_spacing_m": null,
    "shade": null,
    "shade_modeled": null,
    "drainage": null,
    "length_m": 63.45304983896952,
    "source": "osm",
    "confidence": "med",
    "notes": ""
   }
  },
  {
   "type": "Feature",
   "geometry": {
    "type": "LineString",
    "coordinates": [
     [
      106.8184349,
      -6.2014176
     ],
     [
      106.8184306,
      -6.2014395
     ]
    ]
   },
   "properties": {
    "id": "osm-way-1378274988",
    "street_name": "",
    "side": "n-a",
    "kind": "footway",
    "level": 0,
    "has_sidewalk": "unknown",
    "width_m": null,
    "surface": "unknown",
    "obstruction": null,
    "obstruction_types": [],
    "kerb_ramp": null,
    "lit": null,
    "eyes_on_street": null,
    "crossing_spacing_m": null,
    "shade": null,
    "shade_modeled": null,
    "drainage": null,
    "length_m": 2.4811279478754047,
    "source": "osm",
    "confidence": "med",
    "notes": ""
   }
  },
  {
   "type": "Feature",
   "geometry": {
    "type": "LineString",
    "coordinates": [
     [
      106.8230595,
      -6.2022547
     ],
     [
      106.8230833,
      -6.2022605
     ],
     [
      106.8232537,
      -6.2022986
     ]
    ]
   },
   "properties": {
    "id": "osm-way-1384898648",
    "street_name": "",
    "side": "n-a",
    "kind": "footway",
    "level": 0,
    "has_sidewalk": "unknown",
    "width_m": null,
    "surface": "unknown",
    "obstruction": null,
    "obstruction_types": [],
    "kerb_ramp": null,
    "lit": null,
    "eyes_on_street": null,
    "crossing_spacing_m": null,
    "shade": null,
    "shade_modeled": null,
    "drainage": null,
    "length_m": 22.016088662823538,
    "source": "osm",
    "confidence": "med",
    "notes": ""
   }
  },
  {
   "type": "Feature",
   "geometry": {
    "type": "LineString",
    "coordinates": [
     [
      106.8232255,
      -6.2024125
     ],
     [
      106.8230571,
      -6.2023734
     ],
     [
      106.8230334,
      -6.2023679
     ]
    ]
   },
   "properties": {
    "id": "osm-way-1384898650",
    "street_name": "",
    "side": "n-a",
    "kind": "footway",
    "level": 0,
    "has_sidewalk": "unknown",
    "width_m": null,
    "surface": "unknown",
    "obstruction": null,
    "obstruction_types": [],
    "kerb_ramp": null,
    "lit": null,
    "eyes_on_street": null,
    "crossing_spacing_m": null,
    "shade": null,
    "shade_modeled": null,
    "drainage": null,
    "length_m": 21.806914119047768,
    "source": "osm",
    "confidence": "med",
    "notes": ""
   }
  },
  {
   "type": "Feature",
   "geometry": {
    "type": "LineString",
    "coordinates": [
     [
      106.8177622,
      -6.2012119
     ],
     [
      106.8177453,
      -6.20129
     ]
    ]
   },
   "properties": {
    "id": "osm-way-1429684601",
    "street_name": "",
    "side": "n-a",
    "kind": "footway",
    "level": 0,
    "has_sidewalk": "unknown",
    "width_m": null,
    "surface": "unknown",
    "obstruction": null,
    "obstruction_types": [],
    "kerb_ramp": null,
    "lit": null,
    "eyes_on_street": null,
    "crossing_spacing_m": null,
    "shade": null,
    "shade_modeled": null,
    "drainage": null,
    "length_m": 8.882997492510173,
    "source": "osm",
    "confidence": "med",
    "notes": ""
   }
  },
  {
   "type": "Feature",
   "geometry": {
    "type": "LineString",
    "coordinates": [
     [
      106.8232059,
      -6.2022455
     ],
     [
      106.8232005,
      -6.2022687
     ]
    ]
   },
   "properties": {
    "id": "osm-way-1443023775",
    "street_name": "",
    "side": "n-a",
    "kind": "footway",
    "level": 0,
    "has_sidewalk": "unknown",
    "width_m": null,
    "surface": "unknown",
    "obstruction": null,
    "obstruction_types": [],
    "kerb_ramp": null,
    "lit": null,
    "eyes_on_street": null,
    "crossing_spacing_m": null,
    "shade": null,
    "shade_modeled": null,
    "drainage": null,
    "length_m": 2.6478863433290587,
    "source": "osm",
    "confidence": "med",
    "notes": ""
   }
  },
  {
   "type": "Feature",
   "geometry": {
    "type": "LineString",
    "coordinates": [
     [
      106.8099616,
      -6.2036862
     ],
     [
      106.8097348,
      -6.2034879
     ],
     [
      106.8095418,
      -6.2033191
     ],
     [
      106.8093067,
      -6.2031135
     ],
     [
      106.8092105,
      -6.2032223
     ]
    ]
   },
   "properties": {
    "id": "osm-way-1446332416",
    "street_name": "",
    "side": "n-a",
    "kind": "footway",
    "level": 0,
    "has_sidewalk": "unknown",
    "width_m": null,
    "surface": "unknown",
    "obstruction": null,
    "obstruction_types": [],
    "kerb_ramp": null,
    "lit": null,
    "eyes_on_street": null,
    "crossing_spacing_m": null,
    "shade": null,
    "shade_modeled": null,
    "drainage": null,
    "length_m": 112.52515926054383,
    "source": "osm",
    "confidence": "med",
    "notes": ""
   }
  },
  {
   "type": "Feature",
   "geometry": {
    "type": "LineString",
    "coordinates": [
     [
      106.8094069,
      -6.2034724
     ],
     [
      106.8093109,
      -6.2035809
     ]
    ]
   },
   "properties": {
    "id": "osm-way-1446332417",
    "street_name": "",
    "side": "n-a",
    "kind": "footway",
    "level": 0,
    "has_sidewalk": "unknown",
    "width_m": null,
    "surface": "unknown",
    "obstruction": null,
    "obstruction_types": [],
    "kerb_ramp": null,
    "lit": null,
    "eyes_on_street": null,
    "crossing_spacing_m": null,
    "shade": null,
    "shade_modeled": null,
    "drainage": null,
    "length_m": 16.067814651502314,
    "source": "osm",
    "confidence": "med",
    "notes": ""
   }
  },
  {
   "type": "Feature",
   "geometry": {
    "type": "LineString",
    "coordinates": [
     [
      106.8096386,
      -6.2035967
     ],
     [
      106.8097348,
      -6.2034879
     ]
    ]
   },
   "properties": {
    "id": "osm-way-1446332418",
    "street_name": "",
    "side": "n-a",
    "kind": "footway",
    "level": 0,
    "has_sidewalk": "unknown",
    "width_m": null,
    "surface": "unknown",
    "obstruction": null,
    "obstruction_types": [],
    "kerb_ramp": null,
    "lit": null,
    "eyes_on_street": null,
    "crossing_spacing_m": null,
    "shade": null,
    "shade_modeled": null,
    "drainage": null,
    "length_m": 16.10746487323379,
    "source": "osm",
    "confidence": "med",
    "notes": ""
   }
  },
  {
   "type": "Feature",
   "geometry": {
    "type": "LineString",
    "coordinates": [
     [
      106.8095418,
      -6.2033191
     ],
     [
      106.8094456,
      -6.2034279
     ]
    ]
   },
   "properties": {
    "id": "osm-way-1446332419",
    "street_name": "",
    "side": "n-a",
    "kind": "footway",
    "level": 0,
    "has_sidewalk": "unknown",
    "width_m": null,
    "surface": "unknown",
    "obstruction": null,
    "obstruction_types": [],
    "kerb_ramp": null,
    "lit": null,
    "eyes_on_street": null,
    "crossing_spacing_m": null,
    "shade": null,
    "shade_modeled": null,
    "drainage": null,
    "length_m": 16.107467122397292,
    "source": "osm",
    "confidence": "med",
    "notes": ""
   }
  },
  {
   "type": "Feature",
   "geometry": {
    "type": "LineString",
    "coordinates": [
     [
      106.8095039,
      -6.2037497
     ],
     [
      106.8095999,
      -6.2036412
     ]
    ]
   },
   "properties": {
    "id": "osm-way-1446332420",
    "street_name": "",
    "side": "n-a",
    "kind": "footway",
    "level": 0,
    "has_sidewalk": "unknown",
    "width_m": null,
    "surface": "unknown",
    "obstruction": null,
    "obstruction_types": [],
    "kerb_ramp": null,
    "lit": null,
    "eyes_on_street": null,
    "crossing_spacing_m": null,
    "shade": null,
    "shade_modeled": null,
    "drainage": null,
    "length_m": 16.067812406959728,
    "source": "osm",
    "confidence": "med",
    "notes": ""
   }
  },
  {
   "type": "Feature",
   "geometry": {
    "type": "LineString",
    "coordinates": [
     [
      106.809227,
      -6.204042
     ],
     [
      106.809358,
      -6.203894
     ],
     [
      106.8094936,
      -6.2037407
     ]
    ]
   },
   "properties": {
    "id": "osm-way-1446332421",
    "street_name": "",
    "side": "n-a",
    "kind": "footway",
    "level": 0,
    "has_sidewalk": "unknown",
    "width_m": null,
    "surface": "unknown",
    "obstruction": null,
    "obstruction_types": [],
    "kerb_ramp": null,
    "lit": null,
    "eyes_on_street": null,
    "crossing_spacing_m": null,
    "shade": null,
    "shade_modeled": null,
    "drainage": null,
    "length_m": 44.620516818051435,
    "source": "osm",
    "confidence": "med",
    "notes": ""
   }
  },
  {
   "type": "Feature",
   "geometry": {
    "type": "LineString",
    "coordinates": [
     [
      106.8093233,
      -6.2035918
     ],
     [
      106.8091877,
      -6.2037451
     ],
     [
      106.8090567,
      -6.2038931
     ]
    ]
   },
   "properties": {
    "id": "osm-way-1446332422",
    "street_name": "",
    "side": "n-a",
    "kind": "footway",
    "level": 0,
    "has_sidewalk": "unknown",
    "width_m": null,
    "surface": "unknown",
    "obstruction": null,
    "obstruction_types": [],
    "kerb_ramp": null,
    "lit": null,
    "eyes_on_street": null,
    "crossing_spacing_m": null,
    "shade": null,
    "shade_modeled": null,
    "drainage": null,
    "length_m": 44.62052231673907,
    "source": "osm",
    "confidence": "med",
    "notes": ""
   }
  },
  {
   "type": "Feature",
   "geometry": {
    "type": "LineString",
    "coordinates": [
     [
      106.8095939,
      -6.2041004
     ],
     [
      106.809529,
      -6.2040436
     ],
     [
      106.809358,
      -6.203894
     ],
     [
      106.8091877,
      -6.2037451
     ],
     [
      106.809018,
      -6.2035967
     ],
     [
      106.8089366,
      -6.2035255
     ]
    ]
   },
   "properties": {
    "id": "osm-way-1446332423",
    "street_name": "",
    "side": "n-a",
    "kind": "footway",
    "level": 0,
    "has_sidewalk": "unknown",
    "width_m": null,
    "surface": "unknown",
    "obstruction": null,
    "obstruction_types": [],
    "kerb_ramp": null,
    "lit": null,
    "eyes_on_street": null,
    "crossing_spacing_m": null,
    "shade": null,
    "shade_modeled": null,
    "drainage": null,
    "length_m": 96.77842304775812,
    "source": "osm",
    "confidence": "med",
    "notes": ""
   }
  },
  {
   "type": "Feature",
   "geometry": {
    "type": "LineString",
    "coordinates": [
     [
      106.8096647,
      -6.2038903
     ],
     [
      106.809529,
      -6.2040436
     ],
     [
      106.809398,
      -6.2041916
     ],
     [
      106.809227,
      -6.204042
     ],
     [
      106.8090567,
      -6.2038931
     ],
     [
      106.808887,
      -6.2037447
     ],
     [
      106.809018,
      -6.2035967
     ],
     [
      106.8091537,
      -6.2034434
     ]
    ]
   },
   "properties": {
    "id": "osm-way-1446332424",
    "street_name": "",
    "side": "n-a",
    "kind": "footway",
    "level": 0,
    "has_sidewalk": "unknown",
    "width_m": null,
    "surface": "unknown",
    "obstruction": null,
    "obstruction_types": [],
    "kerb_ramp": null,
    "lit": null,
    "eyes_on_street": null,
    "crossing_spacing_m": null,
    "shade": null,
    "shade_modeled": null,
    "drainage": null,
    "length_m": 164.49041621647132,
    "source": "osm",
    "confidence": "med",
    "notes": ""
   }
  },
  {
   "type": "Feature",
   "geometry": {
    "type": "LineString",
    "coordinates": [
     [
      106.8091718,
      -6.2032668
     ],
     [
      106.8090758,
      -6.2033753
     ],
     [
      106.8091537,
      -6.2034434
     ],
     [
      106.8093109,
      -6.2035809
     ],
     [
      106.8093233,
      -6.2035918
     ],
     [
      106.8094936,
      -6.2037407
     ],
     [
      106.8095039,
      -6.2037497
     ],
     [
      106.8096647,
      -6.2038903
     ],
     [
      106.8097259,
      -6.2039438
     ]
    ]
   },
   "properties": {
    "id": "osm-way-1446332425",
    "street_name": "",
    "side": "n-a",
    "kind": "footway",
    "level": 0,
    "has_sidewalk": "unknown",
    "width_m": null,
    "surface": "unknown",
    "obstruction": null,
    "obstruction_types": [],
    "kerb_ramp": null,
    "lit": null,
    "eyes_on_street": null,
    "crossing_spacing_m": null,
    "shade": null,
    "shade_modeled": null,
    "drainage": null,
    "length_m": 111.7786248008269,
    "source": "osm",
    "confidence": "med",
    "notes": ""
   }
  },
  {
   "type": "Feature",
   "geometry": {
    "type": "LineString",
    "coordinates": [
     [
      106.8078741,
      -6.2045799
     ],
     [
      106.8080507,
      -6.2047356
     ]
    ]
   },
   "properties": {
    "id": "osm-way-1446332429",
    "street_name": "",
    "side": "n-a",
    "kind": "footway",
    "level": 0,
    "has_sidewalk": "unknown",
    "width_m": null,
    "surface": "unknown",
    "obstruction": null,
    "obstruction_types": [],
    "kerb_ramp": null,
    "lit": null,
    "eyes_on_street": null,
    "crossing_spacing_m": null,
    "shade": null,
    "shade_modeled": null,
    "drainage": null,
    "length_m": 26.093101566399774,
    "source": "osm",
    "confidence": "med",
    "notes": ""
   }
  },
  {
   "type": "Feature",
   "geometry": {
    "type": "LineString",
    "coordinates": [
     [
      106.8202605,
      -6.1993709
     ],
     [
      106.820324,
      -6.1993827
     ]
    ]
   },
   "properties": {
    "id": "osm-way-1449291161",
    "street_name": "Jalan Kota Bumi",
    "side": "n-a",
    "kind": "sidewalk",
    "level": 0,
    "has_sidewalk": "yes",
    "width_m": null,
    "surface": "unknown",
    "obstruction": null,
    "obstruction_types": [],
    "kerb_ramp": null,
    "lit": null,
    "eyes_on_street": null,
    "crossing_spacing_m": null,
    "shade": null,
    "shade_modeled": null,
    "drainage": null,
    "length_m": 7.141162769384837,
    "source": "osm",
    "confidence": "med",
    "notes": ""
   }
  },
  {
   "type": "Feature",
   "geometry": {
    "type": "LineString",
    "coordinates": [
     [
      106.818173,
      -6.2152595
     ],
     [
      106.818144,
      -6.215263
     ],
     [
      106.8181106,
      -6.2152761
     ],
     [
      106.817987,
      -6.2153639
     ],
     [
      106.8179167,
      -6.2154201
     ],
     [
      106.8177172,
      -6.2155773
     ],
     [
      106.817703,
      -6.2155605
     ],
     [
      106.8175273,
      -6.2157099
     ],
     [
      106.8171692,
      -6.2160019
     ]
    ]
   },
   "properties": {
    "id": "osm-way-1457108245",
    "street_name": "",
    "side": "n-a",
    "kind": "sidewalk",
    "level": 0,
    "has_sidewalk": "yes",
    "width_m": null,
    "surface": "unknown",
    "obstruction": null,
    "obstruction_types": [],
    "kerb_ramp": null,
    "lit": null,
    "eyes_on_street": null,
    "crossing_spacing_m": null,
    "shade": null,
    "shade_modeled": null,
    "drainage": null,
    "length_m": 141.2983914909933,
    "source": "osm",
    "confidence": "med",
    "notes": ""
   }
  },
  {
   "type": "Feature",
   "geometry": {
    "type": "LineString",
    "coordinates": [
     [
      106.8170192,
      -6.2161137
     ],
     [
      106.8167878,
      -6.2162915
     ]
    ]
   },
   "properties": {
    "id": "osm-way-1457108246",
    "street_name": "",
    "side": "n-a",
    "kind": "sidewalk",
    "level": 0,
    "has_sidewalk": "yes",
    "width_m": null,
    "surface": "unknown",
    "obstruction": null,
    "obstruction_types": [],
    "kerb_ramp": null,
    "lit": null,
    "eyes_on_street": null,
    "crossing_spacing_m": null,
    "shade": null,
    "shade_modeled": null,
    "drainage": null,
    "length_m": 32.32905086536337,
    "source": "osm",
    "confidence": "med",
    "notes": ""
   }
  },
  {
   "type": "Feature",
   "geometry": {
    "type": "LineString",
    "coordinates": [
     [
      106.8191969,
      -6.2138054
     ],
     [
      106.8190171,
      -6.2140166
     ],
     [
      106.8188046,
      -6.2142546
     ],
     [
      106.8185501,
      -6.2145238
     ],
     [
      106.8182209,
      -6.214836
     ],
     [
      106.8179337,
      -6.2150833
     ],
     [
      106.8173861,
      -6.2155324
     ],
     [
      106.8170197,
      -6.215828
     ]
    ]
   },
   "properties": {
    "id": "osm-way-1457108255",
    "street_name": "Transjakarta Busway Koridor 1",
    "side": "n-a",
    "kind": "footway",
    "level": 0,
    "has_sidewalk": "unknown",
    "width_m": null,
    "surface": "unknown",
    "obstruction": null,
    "obstruction_types": [],
    "kerb_ramp": null,
    "lit": null,
    "eyes_on_street": null,
    "crossing_spacing_m": null,
    "shade": null,
    "shade_modeled": null,
    "drainage": null,
    "length_m": 330.15856913190703,
    "source": "osm",
    "confidence": "med",
    "notes": ""
   }
  },
  {
   "type": "Feature",
   "geometry": {
    "type": "LineString",
    "coordinates": [
     [
      106.8170197,
      -6.215828
     ],
     [
      106.8167221,
      -6.2160697
     ]
    ]
   },
   "properties": {
    "id": "osm-way-1457108256",
    "street_name": "Transjakarta Busway Koridor 1",
    "side": "n-a",
    "kind": "footway",
    "level": 0,
    "has_sidewalk": "unknown",
    "width_m": null,
    "surface": "unknown",
    "obstruction": null,
    "obstruction_types": [],
    "kerb_ramp": null,
    "lit": null,
    "eyes_on_street": null,
    "crossing_spacing_m": null,
    "shade": null,
    "shade_modeled": null,
    "drainage": null,
    "length_m": 42.479711931554704,
    "source": "osm",
    "confidence": "med",
    "notes": ""
   }
  },
  {
   "type": "Feature",
   "geometry": {
    "type": "LineString",
    "coordinates": [
     [
      106.8253147,
      -6.1948601
     ],
     [
      106.8253114,
      -6.1948795
     ],
     [
      106.8252973,
      -6.1949351
     ],
     [
      106.8252899,
      -6.1949468
     ],
     [
      106.8252772,
      -6.1949511
     ],
     [
      106.8252064,
      -6.1949481
     ]
    ]
   },
   "properties": {
    "id": "osm-way-1457109044",
    "street_name": "",
    "side": "n-a",
    "kind": "crossing",
    "level": 0,
    "has_sidewalk": "unknown",
    "width_m": null,
    "surface": "unknown",
    "obstruction": null,
    "obstruction_types": [],
    "kerb_ramp": null,
    "lit": null,
    "eyes_on_street": null,
    "crossing_spacing_m": null,
    "shade": null,
    "shade_modeled": null,
    "drainage": null,
    "length_m": 19.417351268775988,
    "source": "osm",
    "confidence": "med",
    "notes": ""
   }
  },
  {
   "type": "Feature",
   "geometry": {
    "type": "LineString",
    "coordinates": [
     [
      106.8253549,
      -6.194661
     ],
     [
      106.8253479,
      -6.1946973
     ]
    ]
   },
   "properties": {
    "id": "osm-way-1457109045",
    "street_name": "",
    "side": "n-a",
    "kind": "crossing",
    "level": 0,
    "has_sidewalk": "unknown",
    "width_m": null,
    "surface": "unknown",
    "obstruction": null,
    "obstruction_types": [],
    "kerb_ramp": null,
    "lit": null,
    "eyes_on_street": null,
    "crossing_spacing_m": null,
    "shade": null,
    "shade_modeled": null,
    "drainage": null,
    "length_m": 4.109881589871532,
    "source": "osm",
    "confidence": "med",
    "notes": ""
   }
  },
  {
   "type": "Feature",
   "geometry": {
    "type": "LineString",
    "coordinates": [
     [
      106.8161204,
      -6.2194043
     ],
     [
      106.8160649,
      -6.2193394
     ]
    ]
   },
   "properties": {
    "id": "osm-way-1466841903",
    "street_name": "",
    "side": "n-a",
    "kind": "crossing",
    "level": 0,
    "has_sidewalk": "unknown",
    "width_m": null,
    "surface": "unknown",
    "obstruction": null,
    "obstruction_types": [],
    "kerb_ramp": null,
    "lit": null,
    "eyes_on_street": null,
    "crossing_spacing_m": null,
    "shade": null,
    "shade_modeled": null,
    "drainage": null,
    "length_m": 9.471894544195626,
    "source": "osm",
    "confidence": "med",
    "notes": ""
   }
  },
  {
   "type": "Feature",
   "geometry": {
    "type": "LineString",
    "coordinates": [
     [
      106.8233409,
      -6.2161284
     ],
     [
      106.8234233,
      -6.2161284
     ]
    ]
   },
   "properties": {
    "id": "osm-way-1466865218",
    "street_name": "",
    "side": "n-a",
    "kind": "crossing",
    "level": 0,
    "has_sidewalk": "unknown",
    "width_m": null,
    "surface": "unknown",
    "obstruction": null,
    "obstruction_types": [],
    "kerb_ramp": null,
    "lit": null,
    "eyes_on_street": null,
    "crossing_spacing_m": null,
    "shade": null,
    "shade_modeled": null,
    "drainage": null,
    "length_m": 9.108591475024117,
    "source": "osm",
    "confidence": "med",
    "notes": ""
   }
  },
  {
   "type": "Feature",
   "geometry": {
    "type": "LineString",
    "coordinates": [
     [
      106.8171692,
      -6.2160019
     ],
     [
      106.8170453,
      -6.2160942
     ],
     [
      106.8170192,
      -6.2161137
     ]
    ]
   },
   "properties": {
    "id": "osm-way-1466888973",
    "street_name": "",
    "side": "n-a",
    "kind": "sidewalk",
    "level": 0,
    "has_sidewalk": "yes",
    "width_m": null,
    "surface": "unknown",
    "obstruction": null,
    "obstruction_types": [],
    "kerb_ramp": null,
    "lit": null,
    "eyes_on_street": null,
    "crossing_spacing_m": null,
    "shade": null,
    "shade_modeled": null,
    "drainage": null,
    "length_m": 20.723899692821764,
    "source": "osm",
    "confidence": "med",
    "notes": ""
   }
  },
  {
   "type": "Feature",
   "geometry": {
    "type": "LineString",
    "coordinates": [
     [
      106.8169277,
      -6.2186822
     ],
     [
      106.8169388,
      -6.2187661
     ]
    ]
   },
   "properties": {
    "id": "osm-way-1467117952",
    "street_name": "",
    "side": "n-a",
    "kind": "crossing",
    "level": 0,
    "has_sidewalk": "unknown",
    "width_m": null,
    "surface": "unknown",
    "obstruction": null,
    "obstruction_types": [],
    "kerb_ramp": null,
    "lit": null,
    "eyes_on_street": null,
    "crossing_spacing_m": null,
    "shade": null,
    "shade_modeled": null,
    "drainage": null,
    "length_m": 9.409597102110443,
    "source": "osm",
    "confidence": "med",
    "notes": ""
   }
  },
  {
   "type": "Feature",
   "geometry": {
    "type": "LineString",
    "coordinates": [
     [
      106.8249044,
      -6.202598
     ],
     [
      106.8270418,
      -6.2030921
     ],
     [
      106.8275566,
      -6.203195
     ]
    ]
   },
   "properties": {
    "id": "osm-way-1467129361",
    "street_name": "Jalan Kendal",
    "side": "n-a",
    "kind": "sidewalk",
    "level": 0,
    "has_sidewalk": "yes",
    "width_m": null,
    "surface": "unknown",
    "obstruction": null,
    "obstruction_types": [],
    "kerb_ramp": null,
    "lit": null,
    "eyes_on_street": null,
    "crossing_spacing_m": null,
    "shade": null,
    "shade_modeled": null,
    "drainage": null,
    "length_m": 300.6271679431264,
    "source": "osm",
    "confidence": "med",
    "notes": ""
   }
  },
  {
   "type": "Feature",
   "geometry": {
    "type": "LineString",
    "coordinates": [
     [
      106.8238155,
      -6.2023426
     ],
     [
      106.8246722,
      -6.2025438
     ]
    ]
   },
   "properties": {
    "id": "osm-way-1467129362",
    "street_name": "Jalan Kendal",
    "side": "n-a",
    "kind": "sidewalk",
    "level": 0,
    "has_sidewalk": "yes",
    "width_m": null,
    "surface": "unknown",
    "obstruction": null,
    "obstruction_types": [],
    "kerb_ramp": null,
    "lit": null,
    "eyes_on_street": null,
    "crossing_spacing_m": null,
    "shade": null,
    "shade_modeled": null,
    "drainage": null,
    "length_m": 97.30979868541394,
    "source": "osm",
    "confidence": "med",
    "notes": ""
   }
  },
  {
   "type": "Feature",
   "geometry": {
    "type": "LineString",
    "coordinates": [
     [
      106.8097544,
      -6.198338
     ],
     [
      106.8103335,
      -6.1988891
     ],
     [
      106.8106751,
      -6.199195
     ],
     [
      106.8108029,
      -6.1993229
     ],
     [
      106.8108653,
      -6.1994289
     ]
    ]
   },
   "properties": {
    "id": "osm-way-1467145082",
    "street_name": "Jalan Administrasi",
    "side": "n-a",
    "kind": "footway",
    "level": 0,
    "has_sidewalk": "unknown",
    "width_m": null,
    "surface": "unknown",
    "obstruction": null,
    "obstruction_types": [],
    "kerb_ramp": null,
    "lit": null,
    "eyes_on_street": null,
    "crossing_spacing_m": null,
    "shade": null,
    "shade_modeled": null,
    "drainage": null,
    "length_m": 173.14464836139243,
    "source": "osm",
    "confidence": "med",
    "notes": ""
   }
  },
  {
   "type": "Feature",
   "geometry": {
    "type": "LineString",
    "coordinates": [
     [
      106.8251018,
      -6.2236974
     ],
     [
      106.8250113,
      -6.2239554
     ]
    ]
   },
   "properties": {
    "id": "osm-way-1467162495",
    "street_name": "",
    "side": "n-a",
    "kind": "crossing",
    "level": 0,
    "has_sidewalk": "unknown",
    "width_m": null,
    "surface": "unknown",
    "obstruction": null,
    "obstruction_types": [],
    "kerb_ramp": null,
    "lit": null,
    "eyes_on_street": null,
    "crossing_spacing_m": null,
    "shade": null,
    "shade_modeled": null,
    "drainage": null,
    "length_m": 30.382472362450205,
    "source": "osm",
    "confidence": "med",
    "notes": ""
   }
  },
  {
   "type": "Feature",
   "geometry": {
    "type": "LineString",
    "coordinates": [
     [
      106.8095934,
      -6.2212949
     ],
     [
      106.8096012,
      -6.2213044
     ]
    ]
   },
   "properties": {
    "id": "osm-way-1467782405",
    "street_name": "",
    "side": "n-a",
    "kind": "footway",
    "level": 0,
    "has_sidewalk": "unknown",
    "width_m": null,
    "surface": "unknown",
    "obstruction": null,
    "obstruction_types": [],
    "kerb_ramp": null,
    "lit": null,
    "eyes_on_street": null,
    "crossing_spacing_m": null,
    "shade": null,
    "shade_modeled": null,
    "drainage": null,
    "length_m": 1.3635577102242744,
    "source": "osm",
    "confidence": "med",
    "notes": ""
   }
  },
  {
   "type": "Feature",
   "geometry": {
    "type": "LineString",
    "coordinates": [
     [
      106.8095976,
      -6.2213316
     ],
     [
      106.8096237,
      -6.2213109
     ]
    ]
   },
   "properties": {
    "id": "osm-way-1467782408",
    "street_name": "",
    "side": "n-a",
    "kind": "footway",
    "level": 0,
    "has_sidewalk": "unknown",
    "width_m": null,
    "surface": "unknown",
    "obstruction": null,
    "obstruction_types": [],
    "kerb_ramp": null,
    "lit": null,
    "eyes_on_street": null,
    "crossing_spacing_m": null,
    "shade": null,
    "shade_modeled": null,
    "drainage": null,
    "length_m": 3.6907670482735195,
    "source": "osm",
    "confidence": "med",
    "notes": ""
   }
  },
  {
   "type": "Feature",
   "geometry": {
    "type": "LineString",
    "coordinates": [
     [
      106.8222768,
      -6.2234437
     ],
     [
      106.8221941,
      -6.2234472
     ]
    ]
   },
   "properties": {
    "id": "osm-way-1483922334",
    "street_name": "",
    "side": "n-a",
    "kind": "crossing",
    "level": 0,
    "has_sidewalk": "unknown",
    "width_m": null,
    "surface": "unknown",
    "obstruction": null,
    "obstruction_types": [],
    "kerb_ramp": null,
    "lit": null,
    "eyes_on_street": null,
    "crossing_spacing_m": null,
    "shade": null,
    "shade_modeled": null,
    "drainage": null,
    "length_m": 9.14990707548643,
    "source": "osm",
    "confidence": "med",
    "notes": ""
   }
  },
  {
   "type": "Feature",
   "geometry": {
    "type": "LineString",
    "coordinates": [
     [
      106.820943,
      -6.2213069
     ],
     [
      106.8206494,
      -6.2213358
     ],
     [
      106.8206236,
      -6.2213402
     ]
    ]
   },
   "properties": {
    "id": "osm-way-1484686037",
    "street_name": "",
    "side": "n-a",
    "kind": "crossing",
    "level": 0,
    "has_sidewalk": "unknown",
    "width_m": null,
    "surface": "unknown",
    "obstruction": null,
    "obstruction_types": [],
    "kerb_ramp": null,
    "lit": null,
    "eyes_on_street": null,
    "crossing_spacing_m": null,
    "shade": null,
    "shade_modeled": null,
    "drainage": null,
    "length_m": 35.50686795837723,
    "source": "osm",
    "confidence": "med",
    "notes": ""
   }
  },
  {
   "type": "Feature",
   "geometry": {
    "type": "LineString",
    "coordinates": [
     [
      106.8256305,
      -6.2248368
     ],
     [
      106.8256045,
      -6.2247588
     ],
     [
      106.8255564,
      -6.2246828
     ]
    ]
   },
   "properties": {
    "id": "osm-way-1485021815",
    "street_name": "",
    "side": "n-a",
    "kind": "footway",
    "level": 0,
    "has_sidewalk": "unknown",
    "width_m": null,
    "surface": "unknown",
    "obstruction": null,
    "obstruction_types": [],
    "kerb_ramp": null,
    "lit": null,
    "eyes_on_street": null,
    "crossing_spacing_m": null,
    "shade": null,
    "shade_modeled": null,
    "drainage": null,
    "length_m": 19.121279074610605,
    "source": "osm",
    "confidence": "med",
    "notes": ""
   }
  },
  {
   "type": "Feature",
   "geometry": {
    "type": "LineString",
    "coordinates": [
     [
      106.8122441,
      -6.2119174
     ],
     [
      106.8122675,
      -6.2119139
     ]
    ]
   },
   "properties": {
    "id": "osm-way-1485862716",
    "street_name": "Jalan Bendungan Hilir Gang 12",
    "side": "n-a",
    "kind": "footway",
    "level": 0,
    "has_sidewalk": "unknown",
    "width_m": null,
    "surface": "unknown",
    "obstruction": null,
    "obstruction_types": [],
    "kerb_ramp": null,
    "lit": null,
    "eyes_on_street": null,
    "crossing_spacing_m": null,
    "shade": null,
    "shade_modeled": null,
    "drainage": null,
    "length_m": 2.615797395336014,
    "source": "osm",
    "confidence": "med",
    "notes": ""
   }
  },
  {
   "type": "Feature",
   "geometry": {
    "type": "LineString",
    "coordinates": [
     [
      106.8144552,
      -6.197839
     ],
     [
      106.8144552,
      -6.197905
     ]
    ]
   },
   "properties": {
    "id": "osm-way-1486159530",
    "street_name": "",
    "side": "n-a",
    "kind": "crossing",
    "level": 0,
    "has_sidewalk": "unknown",
    "width_m": null,
    "surface": "unknown",
    "obstruction": null,
    "obstruction_types": [],
    "kerb_ramp": null,
    "lit": null,
    "eyes_on_street": null,
    "crossing_spacing_m": null,
    "shade": null,
    "shade_modeled": null,
    "drainage": null,
    "length_m": 7.338865158646943,
    "source": "osm",
    "confidence": "med",
    "notes": ""
   }
  },
  {
   "type": "Feature",
   "geometry": {
    "type": "LineString",
    "coordinates": [
     [
      106.8174398,
      -6.2086503
     ],
     [
      106.8174592,
      -6.2086463
     ]
    ]
   },
   "properties": {
    "id": "osm-way-1486882632",
    "street_name": "",
    "side": "n-a",
    "kind": "footway",
    "level": 0,
    "has_sidewalk": "unknown",
    "width_m": null,
    "surface": "unknown",
    "obstruction": null,
    "obstruction_types": [],
    "kerb_ramp": null,
    "lit": null,
    "eyes_on_street": null,
    "crossing_spacing_m": null,
    "shade": null,
    "shade_modeled": null,
    "drainage": null,
    "length_m": 2.190167442132788,
    "source": "osm",
    "confidence": "med",
    "notes": ""
   }
  },
  {
   "type": "Feature",
   "geometry": {
    "type": "LineString",
    "coordinates": [
     [
      106.817468,
      -6.208695
     ],
     [
      106.8177771,
      -6.2086237
     ]
    ]
   },
   "properties": {
    "id": "osm-way-1486882635",
    "street_name": "",
    "side": "n-a",
    "kind": "footway",
    "level": 0,
    "has_sidewalk": "unknown",
    "width_m": null,
    "surface": "unknown",
    "obstruction": null,
    "obstruction_types": [],
    "kerb_ramp": null,
    "lit": null,
    "eyes_on_street": null,
    "crossing_spacing_m": null,
    "shade": null,
    "shade_modeled": null,
    "drainage": null,
    "length_m": 35.07649188454927,
    "source": "osm",
    "confidence": "med",
    "notes": ""
   }
  },
  {
   "type": "Feature",
   "geometry": {
    "type": "LineString",
    "coordinates": [
     [
      106.8175713,
      -6.2086104
     ],
     [
      106.8174301,
      -6.2086417
     ],
     [
      106.8174391,
      -6.208702
     ],
     [
      106.8174492,
      -6.2087003
     ]
    ]
   },
   "properties": {
    "id": "osm-way-1486882636",
    "street_name": "",
    "side": "n-a",
    "kind": "footway",
    "level": 0,
    "has_sidewalk": "unknown",
    "width_m": null,
    "surface": "unknown",
    "obstruction": null,
    "obstruction_types": [],
    "kerb_ramp": null,
    "lit": null,
    "eyes_on_street": null,
    "crossing_spacing_m": null,
    "shade": null,
    "shade_modeled": null,
    "drainage": null,
    "length_m": 23.90278850876072,
    "source": "osm",
    "confidence": "med",
    "notes": ""
   }
  },
  {
   "type": "Feature",
   "geometry": {
    "type": "LineString",
    "coordinates": [
     [
      106.8173587,
      -6.1937858
     ],
     [
      106.8173523,
      -6.1938489
     ]
    ]
   },
   "properties": {
    "id": "osm-way-1486900855",
    "street_name": "Gang Kebon Kacang XLV",
    "side": "n-a",
    "kind": "footway",
    "level": 0,
    "has_sidewalk": "unknown",
    "width_m": null,
    "surface": "unknown",
    "obstruction": null,
    "obstruction_types": [],
    "kerb_ramp": null,
    "lit": null,
    "eyes_on_street": null,
    "crossing_spacing_m": null,
    "shade": null,
    "shade_modeled": null,
    "drainage": null,
    "length_m": 7.051979439863005,
    "source": "osm",
    "confidence": "med",
    "notes": ""
   }
  },
  {
   "type": "Feature",
   "geometry": {
    "type": "LineString",
    "coordinates": [
     [
      106.8080051,
      -6.2187489
     ],
     [
      106.807886,
      -6.2187487
     ],
     [
      106.8078437,
      -6.2187548
     ],
     [
      106.8078142,
      -6.2187735
     ],
     [
      106.807794,
      -6.2188078
     ],
     [
      106.8077725,
      -6.2188619
     ],
     [
      106.8077505,
      -6.2188978
     ],
     [
      106.8077265,
      -6.2189146
     ],
     [
      106.8077038,
      -6.2189167
     ],
     [
      106.8076753,
      -6.2189121
     ],
     [
      106.8076541,
      -6.2189046
     ],
     [
      106.8076305,
      -6.2188878
     ],
     [
      106.8076094,
      -6.21886
     ],
     [
      106.8075992,
      -6.2188399
     ],
     [
      106.8075823,
      -6.2188147
     ],
     [
      106.8075657,
      -6.2188018
     ],
     [
      106.8075451,
      -6.2187944
     ],
     [
      106.8075189,
      -6.2187936
     ],
     [
      106.8074922,
      -6.2187947
     ],
     [
      106.8074619,
      -6.2187973
     ],
     [
      106.8074423,
      -6.2188085
     ],
     [
      106.8074265,
      -6.2188258
     ],
     [
      106.8074117,
      -6.2188491
     ],
     [
      106.8073872,
      -6.2188961
     ],
     [
      106.8073652,
      -6.2189175
     ],
     [
      106.8073407,
      -6.2189237
     ],
     [
      106.8073154,
      -6.2189254
     ],
     [
      106.8072977,
      -6.2189245
     ],
     [
      106.8072796,
      -6.2189182
     ],
     [
      106.8072628,
      -6.2189078
     ],
     [
      106.8072444,
      -6.2188788
     ],
     [
      106.8072222,
      -6.2188285
     ],
     [
      106.8072063,
      -6.2188003
     ],
     [
      106.8071847,
      -6.2187811
     ],
     [
      106.8071433,
      -6.2187671
     ],
     [
      106.8070918,
      -6.2187629
     ],
     [
      106.8069148,
      -6.2187653
     ]
    ]
   },
   "properties": {
    "id": "osm-way-1487319429",
    "street_name": "",
    "side": "n-a",
    "kind": "footway",
    "level": 0,
    "has_sidewalk": "unknown",
    "width_m": null,
    "surface": "unknown",
    "obstruction": null,
    "obstruction_types": [],
    "kerb_ramp": null,
    "lit": null,
    "eyes_on_street": null,
    "crossing_spacing_m": null,
    "shade": null,
    "shade_modeled": null,
    "drainage": null,
    "length_m": 151.82511718720875,
    "source": "osm",
    "confidence": "med",
    "notes": ""
   }
  },
  {
   "type": "Feature",
   "geometry": {
    "type": "LineString",
    "coordinates": [
     [
      106.8080013,
      -6.218997
     ],
     [
      106.8079848,
      -6.2190325
     ],
     [
      106.8079506,
      -6.2190503
     ],
     [
      106.8077029,
      -6.2190514
     ],
     [
      106.8075133,
      -6.2190524
     ],
     [
      106.8073169,
      -6.2190515
     ],
     [
      106.8070459,
      -6.2190499
     ],
     [
      106.8069113,
      -6.2190513
     ]
    ]
   },
   "properties": {
    "id": "osm-way-1487319436",
    "street_name": "",
    "side": "n-a",
    "kind": "footway",
    "level": 0,
    "has_sidewalk": "unknown",
    "width_m": null,
    "surface": "unknown",
    "obstruction": null,
    "obstruction_types": [],
    "kerb_ramp": null,
    "lit": null,
    "eyes_on_street": null,
    "crossing_spacing_m": null,
    "shade": null,
    "shade_modeled": null,
    "drainage": null,
    "length_m": 123.5026241714013,
    "source": "osm",
    "confidence": "med",
    "notes": ""
   }
  },
  {
   "type": "Feature",
   "geometry": {
    "type": "LineString",
    "coordinates": [
     [
      106.8069174,
      -6.2184498
     ],
     [
      106.8071939,
      -6.2184482
     ],
     [
      106.8072267,
      -6.2184397
     ],
     [
      106.8072486,
      -6.2184174
     ],
     [
      106.8072613,
      -6.2183838
     ],
     [
      106.8072782,
      -6.2183561
     ],
     [
      106.8073044,
      -6.2183376
     ],
     [
      106.807339,
      -6.2183267
     ],
     [
      106.8073711,
      -6.2183355
     ],
     [
      106.8073986,
      -6.2183451
     ],
     [
      106.8074222,
      -6.2183711
     ],
     [
      106.8074412,
      -6.2184166
     ],
     [
      106.8074514,
      -6.2184384
     ],
     [
      106.8074725,
      -6.2184493
     ],
     [
      106.8075208,
      -6.2184509
     ],
     [
      106.8075679,
      -6.2184494
     ],
     [
      106.8075942,
      -6.2184309
     ],
     [
      106.8076053,
      -6.218405
     ],
     [
      106.8076195,
      -6.2183662
     ],
     [
      106.8076305,
      -6.2183418
     ],
     [
      106.8076537,
      -6.2183248
     ],
     [
      106.8076903,
      -6.2183154
     ],
     [
      106.807728,
      -6.2183199
     ],
     [
      106.8077538,
      -6.2183334
     ],
     [
      106.8077746,
      -6.2183529
     ],
     [
      106.807791,
      -6.2183805
     ],
     [
      106.8077995,
      -6.2184057
     ],
     [
      106.8078091,
      -6.2184254
     ],
     [
      106.807829,
      -6.2184401
     ],
     [
      106.8078692,
      -6.2184494
     ],
     [
      106.8079455,
      -6.2184498
     ],
     [
      106.8080092,
      -6.2184484
     ]
    ]
   },
   "properties": {
    "id": "osm-way-1487319437",
    "street_name": "",
    "side": "n-a",
    "kind": "footway",
    "level": 0,
    "has_sidewalk": "unknown",
    "width_m": null,
    "surface": "unknown",
    "obstruction": null,
    "obstruction_types": [],
    "kerb_ramp": null,
    "lit": null,
    "eyes_on_street": null,
    "crossing_spacing_m": null,
    "shade": null,
    "shade_modeled": null,
    "drainage": null,
    "length_m": 148.9990439639417,
    "source": "osm",
    "confidence": "med",
    "notes": ""
   }
  },
  {
   "type": "Feature",
   "geometry": {
    "type": "LineString",
    "coordinates": [
     [
      106.8109133,
      -6.2097996
     ],
     [
      106.8109757,
      -6.2097999
     ]
    ]
   },
   "properties": {
    "id": "osm-way-1487363817",
    "street_name": "Jalan Danau Brantan",
    "side": "n-a",
    "kind": "footway",
    "level": 0,
    "has_sidewalk": "unknown",
    "width_m": null,
    "surface": "unknown",
    "obstruction": null,
    "obstruction_types": [],
    "kerb_ramp": null,
    "lit": null,
    "eyes_on_street": null,
    "crossing_spacing_m": null,
    "shade": null,
    "shade_modeled": null,
    "drainage": null,
    "length_m": 6.897931907554958,
    "source": "osm",
    "confidence": "med",
    "notes": ""
   }
  },
  {
   "type": "Feature",
   "geometry": {
    "type": "LineString",
    "coordinates": [
     [
      106.8177932,
      -6.208703
     ],
     [
      106.8177043,
      -6.2087237
     ]
    ]
   },
   "properties": {
    "id": "osm-way-1487701850",
    "street_name": "",
    "side": "n-a",
    "kind": "footway",
    "level": 0,
    "has_sidewalk": "unknown",
    "width_m": null,
    "surface": "unknown",
    "obstruction": null,
    "obstruction_types": [],
    "kerb_ramp": null,
    "lit": null,
    "eyes_on_street": null,
    "crossing_spacing_m": null,
    "shade": null,
    "shade_modeled": null,
    "drainage": null,
    "length_m": 10.093204461135644,
    "source": "osm",
    "confidence": "med",
    "notes": ""
   }
  },
  {
   "type": "Feature",
   "geometry": {
    "type": "LineString",
    "coordinates": [
     [
      106.8154677,
      -6.2015641
     ],
     [
      106.8155515,
      -6.2015841
     ]
    ]
   },
   "properties": {
    "id": "osm-way-1487795709",
    "street_name": "",
    "side": "n-a",
    "kind": "crossing",
    "level": 0,
    "has_sidewalk": "unknown",
    "width_m": null,
    "surface": "unknown",
    "obstruction": null,
    "obstruction_types": [],
    "kerb_ramp": null,
    "lit": null,
    "eyes_on_street": null,
    "crossing_spacing_m": null,
    "shade": null,
    "shade_modeled": null,
    "drainage": null,
    "length_m": 9.526809752184683,
    "source": "osm",
    "confidence": "med",
    "notes": ""
   }
  },
  {
   "type": "Feature",
   "geometry": {
    "type": "LineString",
    "coordinates": [
     [
      106.8095643,
      -6.201368
     ],
     [
      106.8095652,
      -6.2014631
     ]
    ]
   },
   "properties": {
    "id": "osm-way-1487802780",
    "street_name": "",
    "side": "n-a",
    "kind": "crossing",
    "level": 0,
    "has_sidewalk": "unknown",
    "width_m": null,
    "surface": "unknown",
    "obstruction": null,
    "obstruction_types": [],
    "kerb_ramp": null,
    "lit": null,
    "eyes_on_street": null,
    "crossing_spacing_m": null,
    "shade": null,
    "shade_modeled": null,
    "drainage": null,
    "length_m": 10.575105530616664,
    "source": "osm",
    "confidence": "med",
    "notes": ""
   }
  },
  {
   "type": "Feature",
   "geometry": {
    "type": "LineString",
    "coordinates": [
     [
      106.8136649,
      -6.2210267
     ],
     [
      106.8136447,
      -6.2209972
     ]
    ]
   },
   "properties": {
    "id": "osm-way-1488337092",
    "street_name": "",
    "side": "n-a",
    "kind": "footway",
    "level": 0,
    "has_sidewalk": "unknown",
    "width_m": null,
    "surface": "unknown",
    "obstruction": null,
    "obstruction_types": [],
    "kerb_ramp": null,
    "lit": null,
    "eyes_on_street": null,
    "crossing_spacing_m": null,
    "shade": null,
    "shade_modeled": null,
    "drainage": null,
    "length_m": 3.9681144541435547,
    "source": "osm",
    "confidence": "med",
    "notes": ""
   }
  },
  {
   "type": "Feature",
   "geometry": {
    "type": "LineString",
    "coordinates": [
     [
      106.8134324,
      -6.2211825
     ],
     [
      106.8134167,
      -6.2211598
     ]
    ]
   },
   "properties": {
    "id": "osm-way-1488337093",
    "street_name": "",
    "side": "n-a",
    "kind": "footway",
    "level": 0,
    "has_sidewalk": "unknown",
    "width_m": null,
    "surface": "unknown",
    "obstruction": null,
    "obstruction_types": [],
    "kerb_ramp": null,
    "lit": null,
    "eyes_on_street": null,
    "crossing_spacing_m": null,
    "shade": null,
    "shade_modeled": null,
    "drainage": null,
    "length_m": 3.063183872962766,
    "source": "osm",
    "confidence": "med",
    "notes": ""
   }
  },
  {
   "type": "Feature",
   "geometry": {
    "type": "LineString",
    "coordinates": [
     [
      106.8135905,
      -6.2216693
     ],
     [
      106.8136175,
      -6.2216501
     ]
    ]
   },
   "properties": {
    "id": "osm-way-1488337103",
    "street_name": "",
    "side": "n-a",
    "kind": "footway",
    "level": 0,
    "has_sidewalk": "unknown",
    "width_m": null,
    "surface": "unknown",
    "obstruction": null,
    "obstruction_types": [],
    "kerb_ramp": null,
    "lit": null,
    "eyes_on_street": null,
    "crossing_spacing_m": null,
    "shade": null,
    "shade_modeled": null,
    "drainage": null,
    "length_m": 3.669563594766552,
    "source": "osm",
    "confidence": "med",
    "notes": ""
   }
  },
  {
   "type": "Feature",
   "geometry": {
    "type": "LineString",
    "coordinates": [
     [
      106.8140396,
      -6.2213512
     ],
     [
      106.8142072,
      -6.2215938
     ],
     [
      106.8142213,
      -6.2216143
     ]
    ]
   },
   "properties": {
    "id": "osm-way-1488337104",
    "street_name": "",
    "side": "n-a",
    "kind": "footway",
    "level": 0,
    "has_sidewalk": "unknown",
    "width_m": null,
    "surface": "unknown",
    "obstruction": null,
    "obstruction_types": [],
    "kerb_ramp": null,
    "lit": null,
    "eyes_on_street": null,
    "crossing_spacing_m": null,
    "shade": null,
    "shade_modeled": null,
    "drainage": null,
    "length_m": 35.4864784496592,
    "source": "osm",
    "confidence": "med",
    "notes": ""
   }
  },
  {
   "type": "Feature",
   "geometry": {
    "type": "LineString",
    "coordinates": [
     [
      106.8084721,
      -6.2141599
     ],
     [
      106.8084919,
      -6.2141452
     ]
    ]
   },
   "properties": {
    "id": "osm-way-1488337109",
    "street_name": "",
    "side": "n-a",
    "kind": "footway",
    "level": 0,
    "has_sidewalk": "unknown",
    "width_m": null,
    "surface": "unknown",
    "obstruction": null,
    "obstruction_types": [],
    "kerb_ramp": null,
    "lit": null,
    "eyes_on_street": null,
    "crossing_spacing_m": null,
    "shade": null,
    "shade_modeled": null,
    "drainage": null,
    "length_m": 2.7317234840609843,
    "source": "osm",
    "confidence": "med",
    "notes": ""
   }
  },
  {
   "type": "Feature",
   "geometry": {
    "type": "LineString",
    "coordinates": [
     [
      106.8089053,
      -6.2138417
     ],
     [
      106.8089284,
      -6.2138245
     ],
     [
      106.8089613,
      -6.2137999
     ]
    ]
   },
   "properties": {
    "id": "osm-way-1488337110",
    "street_name": "",
    "side": "n-a",
    "kind": "footway",
    "level": 0,
    "has_sidewalk": "unknown",
    "width_m": null,
    "surface": "unknown",
    "obstruction": null,
    "obstruction_types": [],
    "kerb_ramp": null,
    "lit": null,
    "eyes_on_street": null,
    "crossing_spacing_m": null,
    "shade": null,
    "shade_modeled": null,
    "drainage": null,
    "length_m": 7.741039313191664,
    "source": "osm",
    "confidence": "med",
    "notes": ""
   }
  },
  {
   "type": "Feature",
   "geometry": {
    "type": "LineString",
    "coordinates": [
     [
      106.8130949,
      -6.2199351
     ],
     [
      106.8133949,
      -6.2203692
     ],
     [
      106.8135373,
      -6.2205769
     ],
     [
      106.8135663,
      -6.2206174
     ],
     [
      106.8136646,
      -6.2207545
     ],
     [
      106.8136631,
      -6.2207111
     ],
     [
      106.8136553,
      -6.220549
     ],
     [
      106.8136588,
      -6.2204191
     ],
     [
      106.8136883,
      -6.2202933
     ],
     [
      106.8137136,
      -6.2201905
     ],
     [
      106.8137603,
      -6.2200593
     ],
     [
      106.8138007,
      -6.2199325
     ],
     [
      106.8138166,
      -6.2198798
     ],
     [
      106.8138252,
      -6.2198512
     ],
     [
      106.8138252,
      -6.2198292
     ],
     [
      106.8138089,
      -6.2198048
     ],
     [
      106.8137073,
      -6.2197676
     ]
    ]
   },
   "properties": {
    "id": "osm-way-1488658758",
    "street_name": "",
    "side": "n-a",
    "kind": "sidewalk",
    "level": 0,
    "has_sidewalk": "yes",
    "width_m": null,
    "surface": "unknown",
    "obstruction": null,
    "obstruction_types": [],
    "kerb_ramp": null,
    "lit": null,
    "eyes_on_street": null,
    "crossing_spacing_m": null,
    "shade": null,
    "shade_modeled": null,
    "drainage": null,
    "length_m": 231.590323837313,
    "source": "osm",
    "confidence": "med",
    "notes": ""
   }
  },
  {
   "type": "Feature",
   "geometry": {
    "type": "LineString",
    "coordinates": [
     [
      106.8144027,
      -6.2179691
     ],
     [
      106.8143884,
      -6.2180282
     ],
     [
      106.8142682,
      -6.2181269
     ],
     [
      106.8141814,
      -6.2181956
     ],
     [
      106.8140412,
      -6.2183065
     ],
     [
      106.8138752,
      -6.2184379
     ],
     [
      106.8137872,
      -6.2185075
     ],
     [
      106.8133949,
      -6.2188279
     ],
     [
      106.8130085,
      -6.2191134
     ]
    ]
   },
   "properties": {
    "id": "osm-way-1488658759",
    "street_name": "",
    "side": "n-a",
    "kind": "sidewalk",
    "level": 0,
    "has_sidewalk": "yes",
    "width_m": null,
    "surface": "unknown",
    "obstruction": null,
    "obstruction_types": [],
    "kerb_ramp": null,
    "lit": null,
    "eyes_on_street": null,
    "crossing_spacing_m": null,
    "shade": null,
    "shade_modeled": null,
    "drainage": null,
    "length_m": 201.2908143281694,
    "source": "osm",
    "confidence": "med",
    "notes": ""
   }
  },
  {
   "type": "Feature",
   "geometry": {
    "type": "LineString",
    "coordinates": [
     [
      106.8118091,
      -6.2197511
     ],
     [
      106.8114309,
      -6.2200351
     ],
     [
      106.8112204,
      -6.2201964
     ],
     [
      106.810806,
      -6.2205231
     ],
     [
      106.8103245,
      -6.2208777
     ],
     [
      106.8101555,
      -6.2209897
     ],
     [
      106.8101462,
      -6.2209764
     ],
     [
      106.810249,
      -6.220871
     ],
     [
      106.8103713,
      -6.2207321
     ],
     [
      106.8104449,
      -6.2206268
     ],
     [
      106.8105105,
      -6.2205159
     ],
     [
      106.8106109,
      -6.2202675
     ],
     [
      106.8109504,
      -6.2192876
     ],
     [
      106.8109726,
      -6.2192203
     ],
     [
      106.8109948,
      -6.219153
     ],
     [
      106.8110028,
      -6.219134
     ],
     [
      106.8110331,
      -6.2191305
     ],
     [
      106.8110892,
      -6.2191444
     ]
    ]
   },
   "properties": {
    "id": "osm-way-1488658760",
    "street_name": "",
    "side": "n-a",
    "kind": "sidewalk",
    "level": 0,
    "has_sidewalk": "yes",
    "width_m": null,
    "surface": "unknown",
    "obstruction": null,
    "obstruction_types": [],
    "kerb_ramp": null,
    "lit": null,
    "eyes_on_street": null,
    "crossing_spacing_m": null,
    "shade": null,
    "shade_modeled": null,
    "drainage": null,
    "length_m": 468.9549701623962,
    "source": "osm",
    "confidence": "med",
    "notes": ""
   }
  },
  {
   "type": "Feature",
   "geometry": {
    "type": "LineString",
    "coordinates": [
     [
      106.8111587,
      -6.2180753
     ],
     [
      106.8113987,
      -6.2184539
     ],
     [
      106.8115597,
      -6.2186872
     ],
     [
      106.8116978,
      -6.2188966
     ]
    ]
   },
   "properties": {
    "id": "osm-way-1488658761",
    "street_name": "",
    "side": "n-a",
    "kind": "sidewalk",
    "level": 0,
    "has_sidewalk": "yes",
    "width_m": null,
    "surface": "unknown",
    "obstruction": null,
    "obstruction_types": [],
    "kerb_ramp": null,
    "lit": null,
    "eyes_on_street": null,
    "crossing_spacing_m": null,
    "shade": null,
    "shade_modeled": null,
    "drainage": null,
    "length_m": 109.06245581231556,
    "source": "osm",
    "confidence": "med",
    "notes": ""
   }
  },
  {
   "type": "Feature",
   "geometry": {
    "type": "LineString",
    "coordinates": [
     [
      106.8111355,
      -6.2187613
     ],
     [
      106.8111702,
      -6.2186104
     ],
     [
      106.8111824,
      -6.2184766
     ],
     [
      106.8111815,
      -6.2182859
     ],
     [
      106.8111641,
      -6.2181273
     ],
     [
      106.8111587,
      -6.2180753
     ]
    ]
   },
   "properties": {
    "id": "osm-way-1488658762",
    "street_name": "",
    "side": "n-a",
    "kind": "sidewalk",
    "level": 0,
    "has_sidewalk": "yes",
    "width_m": null,
    "surface": "unknown",
    "obstruction": null,
    "obstruction_types": [],
    "kerb_ramp": null,
    "lit": null,
    "eyes_on_street": null,
    "crossing_spacing_m": null,
    "shade": null,
    "shade_modeled": null,
    "drainage": null,
    "length_m": 76.90910231164521,
    "source": "osm",
    "confidence": "med",
    "notes": ""
   }
  },
  {
   "type": "Feature",
   "geometry": {
    "type": "LineString",
    "coordinates": [
     [
      106.8143569,
      -6.195054
     ],
     [
      106.8144829,
      -6.1950588
     ]
    ]
   },
   "properties": {
    "id": "osm-way-1489609535",
    "street_name": "",
    "side": "n-a",
    "kind": "crossing",
    "level": 0,
    "has_sidewalk": "unknown",
    "width_m": null,
    "surface": "unknown",
    "obstruction": null,
    "obstruction_types": [],
    "kerb_ramp": null,
    "lit": null,
    "eyes_on_street": null,
    "crossing_spacing_m": null,
    "shade": null,
    "shade_modeled": null,
    "drainage": null,
    "length_m": 13.938965345529077,
    "source": "osm",
    "confidence": "med",
    "notes": ""
   }
  },
  {
   "type": "Feature",
   "geometry": {
    "type": "LineString",
    "coordinates": [
     [
      106.815819,
      -6.2013346
     ],
     [
      106.8158176,
      -6.2014132
     ],
     [
      106.8158613,
      -6.2015174
     ]
    ]
   },
   "properties": {
    "id": "osm-way-1490340167",
    "street_name": "",
    "side": "n-a",
    "kind": "crossing",
    "level": 0,
    "has_sidewalk": "unknown",
    "width_m": null,
    "surface": "unknown",
    "obstruction": null,
    "obstruction_types": [],
    "kerb_ramp": null,
    "lit": null,
    "eyes_on_street": null,
    "crossing_spacing_m": null,
    "shade": null,
    "shade_modeled": null,
    "drainage": null,
    "length_m": 21.29452643133194,
    "source": "osm",
    "confidence": "med",
    "notes": ""
   }
  },
  {
   "type": "Feature",
   "geometry": {
    "type": "LineString",
    "coordinates": [
     [
      106.8151613,
      -6.2012186
     ],
     [
      106.815151,
      -6.2013191
     ]
    ]
   },
   "properties": {
    "id": "osm-way-1490340168",
    "street_name": "",
    "side": "n-a",
    "kind": "crossing",
    "level": 0,
    "has_sidewalk": "unknown",
    "width_m": null,
    "surface": "unknown",
    "obstruction": null,
    "obstruction_types": [],
    "kerb_ramp": null,
    "lit": null,
    "eyes_on_street": null,
    "crossing_spacing_m": null,
    "shade": null,
    "shade_modeled": null,
    "drainage": null,
    "length_m": 11.2329454340432,
    "source": "osm",
    "confidence": "med",
    "notes": ""
   }
  },
  {
   "type": "Feature",
   "geometry": {
    "type": "LineString",
    "coordinates": [
     [
      106.8112075,
      -6.1933598
     ],
     [
      106.8112301,
      -6.1933612
     ],
     [
      106.8112576,
      -6.1933562
     ],
     [
      106.8112713,
      -6.1933512
     ]
    ]
   },
   "properties": {
    "id": "osm-way-1490727986",
    "street_name": "",
    "side": "n-a",
    "kind": "footway",
    "level": 0,
    "has_sidewalk": "unknown",
    "width_m": null,
    "surface": "unknown",
    "obstruction": null,
    "obstruction_types": [],
    "kerb_ramp": null,
    "lit": null,
    "eyes_on_street": null,
    "crossing_spacing_m": null,
    "shade": null,
    "shade_modeled": null,
    "drainage": null,
    "length_m": 7.206924125993406,
    "source": "osm",
    "confidence": "med",
    "notes": ""
   }
  },
  {
   "type": "Feature",
   "geometry": {
    "type": "LineString",
    "coordinates": [
     [
      106.8172869,
      -6.2072971
     ],
     [
      106.8174487,
      -6.2076908
     ]
    ]
   },
   "properties": {
    "id": "osm-way-1491077186",
    "street_name": "Jalan Kyai Haji Mas Mansyur",
    "side": "n-a",
    "kind": "sidewalk",
    "level": 0,
    "has_sidewalk": "yes",
    "width_m": null,
    "surface": "unknown",
    "obstruction": null,
    "obstruction_types": [],
    "kerb_ramp": null,
    "lit": null,
    "eyes_on_street": null,
    "crossing_spacing_m": null,
    "shade": null,
    "shade_modeled": null,
    "drainage": null,
    "length_m": 47.29025496287205,
    "source": "osm",
    "confidence": "med",
    "notes": ""
   }
  },
  {
   "type": "Feature",
   "geometry": {
    "type": "LineString",
    "coordinates": [
     [
      106.8114976,
      -6.1964762
     ],
     [
      106.8114958,
      -6.1961244
     ]
    ]
   },
   "properties": {
    "id": "osm-way-1492428046",
    "street_name": "",
    "side": "n-a",
    "kind": "footway",
    "level": 0,
    "has_sidewalk": "unknown",
    "width_m": null,
    "surface": "unknown",
    "obstruction": null,
    "obstruction_types": [],
    "kerb_ramp": null,
    "lit": null,
    "eyes_on_street": null,
    "crossing_spacing_m": null,
    "shade": null,
    "shade_modeled": null,
    "drainage": null,
    "length_m": 39.118881265305774,
    "source": "osm",
    "confidence": "med",
    "notes": ""
   }
  },
  {
   "type": "Feature",
   "geometry": {
    "type": "LineString",
    "coordinates": [
     [
      106.819375,
      -6.2174376
     ],
     [
      106.8193941,
      -6.2174313
     ]
    ]
   },
   "properties": {
    "id": "osm-way-1494773662",
    "street_name": "",
    "side": "n-a",
    "kind": "footway",
    "level": 0,
    "has_sidewalk": "unknown",
    "width_m": null,
    "surface": "unknown",
    "obstruction": null,
    "obstruction_types": [],
    "kerb_ramp": null,
    "lit": null,
    "eyes_on_street": null,
    "crossing_spacing_m": null,
    "shade": null,
    "shade_modeled": null,
    "drainage": null,
    "length_m": 2.2245129030149773,
    "source": "osm",
    "confidence": "med",
    "notes": ""
   }
  },
  {
   "type": "Feature",
   "geometry": {
    "type": "LineString",
    "coordinates": [
     [
      106.819091,
      -6.2175312
     ],
     [
      106.819375,
      -6.2174376
     ]
    ]
   },
   "properties": {
    "id": "osm-way-1494773663",
    "street_name": "",
    "side": "n-a",
    "kind": "footway",
    "level": 0,
    "has_sidewalk": "unknown",
    "width_m": null,
    "surface": "unknown",
    "obstruction": null,
    "obstruction_types": [],
    "kerb_ramp": null,
    "lit": null,
    "eyes_on_street": null,
    "crossing_spacing_m": null,
    "shade": null,
    "shade_modeled": null,
    "drainage": null,
    "length_m": 33.07388504170782,
    "source": "osm",
    "confidence": "med",
    "notes": ""
   }
  },
  {
   "type": "Feature",
   "geometry": {
    "type": "LineString",
    "coordinates": [
     [
      106.8203638,
      -6.1952418
     ],
     [
      106.821071,
      -6.1950658
     ]
    ]
   },
   "properties": {
    "id": "osm-way-1495623770",
    "street_name": "",
    "side": "n-a",
    "kind": "footway",
    "level": 0,
    "has_sidewalk": "unknown",
    "width_m": null,
    "surface": "unknown",
    "obstruction": null,
    "obstruction_types": [],
    "kerb_ramp": null,
    "lit": null,
    "eyes_on_street": null,
    "crossing_spacing_m": null,
    "shade": null,
    "shade_modeled": null,
    "drainage": null,
    "length_m": 80.59012556651118,
    "source": "osm",
    "confidence": "med",
    "notes": ""
   }
  },
  {
   "type": "Feature",
   "geometry": {
    "type": "LineString",
    "coordinates": [
     [
      106.8155576,
      -6.2169151
     ],
     [
      106.8154428,
      -6.2170105
     ]
    ]
   },
   "properties": {
    "id": "osm-way-1497773446",
    "street_name": "",
    "side": "n-a",
    "kind": "footway",
    "level": 0,
    "has_sidewalk": "unknown",
    "width_m": null,
    "surface": "unknown",
    "obstruction": null,
    "obstruction_types": [],
    "kerb_ramp": null,
    "lit": null,
    "eyes_on_street": null,
    "crossing_spacing_m": null,
    "shade": null,
    "shade_modeled": null,
    "drainage": null,
    "length_m": 16.53990148807036,
    "source": "osm",
    "confidence": "med",
    "notes": ""
   }
  },
  {
   "type": "Feature",
   "geometry": {
    "type": "LineString",
    "coordinates": [
     [
      106.8152508,
      -6.2167708
     ],
     [
      106.8152642,
      -6.2167875
     ]
    ]
   },
   "properties": {
    "id": "osm-way-1497773447",
    "street_name": "",
    "side": "n-a",
    "kind": "footway",
    "level": 0,
    "has_sidewalk": "unknown",
    "width_m": null,
    "surface": "unknown",
    "obstruction": null,
    "obstruction_types": [],
    "kerb_ramp": null,
    "lit": null,
    "eyes_on_street": null,
    "crossing_spacing_m": null,
    "shade": null,
    "shade_modeled": null,
    "drainage": null,
    "length_m": 2.375370192202479,
    "source": "osm",
    "confidence": "med",
    "notes": ""
   }
  },
  {
   "type": "Feature",
   "geometry": {
    "type": "LineString",
    "coordinates": [
     [
      106.8156133,
      -6.2172246
     ],
     [
      106.8156268,
      -6.2172392
     ]
    ]
   },
   "properties": {
    "id": "osm-way-1497773448",
    "street_name": "",
    "side": "n-a",
    "kind": "footway",
    "level": 0,
    "has_sidewalk": "unknown",
    "width_m": null,
    "surface": "unknown",
    "obstruction": null,
    "obstruction_types": [],
    "kerb_ramp": null,
    "lit": null,
    "eyes_on_street": null,
    "crossing_spacing_m": null,
    "shade": null,
    "shade_modeled": null,
    "drainage": null,
    "length_m": 2.2051175639707896,
    "source": "osm",
    "confidence": "med",
    "notes": ""
   }
  },
  {
   "type": "Feature",
   "geometry": {
    "type": "LineString",
    "coordinates": [
     [
      106.8217229,
      -6.2077492
     ],
     [
      106.8222616,
      -6.2078398
     ]
    ]
   },
   "properties": {
    "id": "osm-way-1497792991",
    "street_name": "",
    "side": "n-a",
    "kind": "footway",
    "level": 0,
    "has_sidewalk": "unknown",
    "width_m": null,
    "surface": "unknown",
    "obstruction": null,
    "obstruction_types": [],
    "kerb_ramp": null,
    "lit": null,
    "eyes_on_street": null,
    "crossing_spacing_m": null,
    "shade": null,
    "shade_modeled": null,
    "drainage": null,
    "length_m": 60.395608279313656,
    "source": "osm",
    "confidence": "med",
    "notes": ""
   }
  },
  {
   "type": "Feature",
   "geometry": {
    "type": "LineString",
    "coordinates": [
     [
      106.8222616,
      -6.2078398
     ],
     [
      106.8222798,
      -6.207843
     ]
    ]
   },
   "properties": {
    "id": "osm-way-1497792992",
    "street_name": "",
    "side": "n-a",
    "kind": "footway",
    "level": 0,
    "has_sidewalk": "unknown",
    "width_m": null,
    "surface": "unknown",
    "obstruction": null,
    "obstruction_types": [],
    "kerb_ramp": null,
    "lit": null,
    "eyes_on_street": null,
    "crossing_spacing_m": null,
    "shade": null,
    "shade_modeled": null,
    "drainage": null,
    "length_m": 2.043104194453396,
    "source": "osm",
    "confidence": "med",
    "notes": ""
   }
  },
  {
   "type": "Feature",
   "geometry": {
    "type": "LineString",
    "coordinates": [
     [
      106.8100244,
      -6.2245913
     ],
     [
      106.8100874,
      -6.2245926
     ]
    ]
   },
   "properties": {
    "id": "osm-way-1505324299",
    "street_name": "",
    "side": "n-a",
    "kind": "footway",
    "level": 0,
    "has_sidewalk": "unknown",
    "width_m": null,
    "surface": "unknown",
    "obstruction": null,
    "obstruction_types": [],
    "kerb_ramp": null,
    "lit": null,
    "eyes_on_street": null,
    "crossing_spacing_m": null,
    "shade": null,
    "shade_modeled": null,
    "drainage": null,
    "length_m": 6.965480980508228,
    "source": "osm",
    "confidence": "med",
    "notes": ""
   }
  },
  {
   "type": "Feature",
   "geometry": {
    "type": "LineString",
    "coordinates": [
     [
      106.8100101,
      -6.2246233
     ],
     [
      106.8100244,
      -6.2245913
     ],
     [
      106.8100443,
      -6.2245523
     ]
    ]
   },
   "properties": {
    "id": "osm-way-1505324300",
    "street_name": "",
    "side": "n-a",
    "kind": "footway",
    "level": 0,
    "has_sidewalk": "unknown",
    "width_m": null,
    "surface": "unknown",
    "obstruction": null,
    "obstruction_types": [],
    "kerb_ramp": null,
    "lit": null,
    "eyes_on_street": null,
    "crossing_spacing_m": null,
    "shade": null,
    "shade_modeled": null,
    "drainage": null,
    "length_m": 8.756154072197347,
    "source": "osm",
    "confidence": "med",
    "notes": ""
   }
  },
  {
   "type": "Feature",
   "geometry": {
    "type": "LineString",
    "coordinates": [
     [
      106.8101139,
      -6.2246854
     ],
     [
      106.8100827,
      -6.2246735
     ],
     [
      106.8100795,
      -6.2246721
     ],
     [
      106.8100781,
      -6.2246693
     ],
     [
      106.8100518,
      -6.2246419
     ],
     [
      106.810047,
      -6.2246395
     ],
     [
      106.8100101,
      -6.2246233
     ],
     [
      106.8099654,
      -6.2246034
     ]
    ]
   },
   "properties": {
    "id": "osm-way-1505324301",
    "street_name": "",
    "side": "n-a",
    "kind": "footway",
    "level": 0,
    "has_sidewalk": "unknown",
    "width_m": null,
    "surface": "unknown",
    "obstruction": null,
    "obstruction_types": [],
    "kerb_ramp": null,
    "lit": null,
    "eyes_on_street": null,
    "crossing_spacing_m": null,
    "shade": null,
    "shade_modeled": null,
    "drainage": null,
    "length_m": 19.106170794942564,
    "source": "osm",
    "confidence": "med",
    "notes": ""
   }
  },
  {
   "type": "Feature",
   "geometry": {
    "type": "LineString",
    "coordinates": [
     [
      106.8102915,
      -6.2249444
     ],
     [
      106.810291,
      -6.2248745
     ],
     [
      106.8102898,
      -6.2248717
     ],
     [
      106.8102862,
      -6.2248694
     ],
     [
      106.810248,
      -6.2248522
     ],
     [
      106.8102441,
      -6.2248492
     ],
     [
      106.8102426,
      -6.224845
     ],
     [
      106.8102406,
      -6.2247622
     ],
     [
      106.8102393,
      -6.2247575
     ],
     [
      106.8102353,
      -6.2247557
     ],
     [
      106.8101209,
      -6.2247562
     ],
     [
      106.8101161,
      -6.2247552
     ],
     [
      106.8101139,
      -6.2247521
     ],
     [
      106.8101139,
      -6.2246854
     ],
     [
      106.8101137,
      -6.2246054
     ],
     [
      106.8101143,
      -6.2246008
     ],
     [
      106.8101155,
      -6.2245986
     ],
     [
      106.8102261,
      -6.224598
     ]
    ]
   },
   "properties": {
    "id": "osm-way-1505324302",
    "street_name": "",
    "side": "n-a",
    "kind": "footway",
    "level": 0,
    "has_sidewalk": "unknown",
    "width_m": null,
    "surface": "unknown",
    "obstruction": null,
    "obstruction_types": [],
    "kerb_ramp": null,
    "lit": null,
    "eyes_on_street": null,
    "crossing_spacing_m": null,
    "shade": null,
    "shade_modeled": null,
    "drainage": null,
    "length_m": 67.43936354912526,
    "source": "osm",
    "confidence": "med",
    "notes": ""
   }
  },
  {
   "type": "Feature",
   "geometry": {
    "type": "LineString",
    "coordinates": [
     [
      106.8095693,
      -6.224645
     ],
     [
      106.8095076,
      -6.2246466
     ]
    ]
   },
   "properties": {
    "id": "osm-way-1505324303",
    "street_name": "",
    "side": "n-a",
    "kind": "footway",
    "level": 0,
    "has_sidewalk": "unknown",
    "width_m": null,
    "surface": "unknown",
    "obstruction": null,
    "obstruction_types": [],
    "kerb_ramp": null,
    "lit": null,
    "eyes_on_street": null,
    "crossing_spacing_m": null,
    "shade": null,
    "shade_modeled": null,
    "drainage": null,
    "length_m": 6.822599066836639,
    "source": "osm",
    "confidence": "med",
    "notes": ""
   }
  },
  {
   "type": "Feature",
   "geometry": {
    "type": "LineString",
    "coordinates": [
     [
      106.8096295,
      -6.2246153
     ],
     [
      106.8096292,
      -6.2246743
     ]
    ]
   },
   "properties": {
    "id": "osm-way-1505324304",
    "street_name": "",
    "side": "n-a",
    "kind": "footway",
    "level": 0,
    "has_sidewalk": "unknown",
    "width_m": null,
    "surface": "unknown",
    "obstruction": null,
    "obstruction_types": [],
    "kerb_ramp": null,
    "lit": null,
    "eyes_on_street": null,
    "crossing_spacing_m": null,
    "shade": null,
    "shade_modeled": null,
    "drainage": null,
    "length_m": 6.560584484157181,
    "source": "osm",
    "confidence": "med",
    "notes": ""
   }
  },
  {
   "type": "Feature",
   "geometry": {
    "type": "LineString",
    "coordinates": [
     [
      106.8095705,
      -6.2246154
     ],
     [
      106.8096295,
      -6.2246153
     ],
     [
      106.8096577,
      -6.2246159
     ]
    ]
   },
   "properties": {
    "id": "osm-way-1505324305",
    "street_name": "",
    "side": "n-a",
    "kind": "footway",
    "level": 0,
    "has_sidewalk": "unknown",
    "width_m": null,
    "surface": "unknown",
    "obstruction": null,
    "obstruction_types": [],
    "kerb_ramp": null,
    "lit": null,
    "eyes_on_street": null,
    "crossing_spacing_m": null,
    "shade": null,
    "shade_modeled": null,
    "drainage": null,
    "length_m": 9.639756774634595,
    "source": "osm",
    "confidence": "med",
    "notes": ""
   }
  },
  {
   "type": "Feature",
   "geometry": {
    "type": "LineString",
    "coordinates": [
     [
      106.8095075,
      -6.2245923
     ],
     [
      106.8095608,
      -6.2245922
     ],
     [
      106.8095632,
      -6.2245931
     ],
     [
      106.8095649,
      -6.224595
     ],
     [
      106.8095705,
      -6.2246154
     ]
    ]
   },
   "properties": {
    "id": "osm-way-1505324306",
    "street_name": "",
    "side": "n-a",
    "kind": "footway",
    "level": 0,
    "has_sidewalk": "unknown",
    "width_m": null,
    "surface": "unknown",
    "obstruction": null,
    "obstruction_types": [],
    "kerb_ramp": null,
    "lit": null,
    "eyes_on_street": null,
    "crossing_spacing_m": null,
    "shade": null,
    "shade_modeled": null,
    "drainage": null,
    "length_m": 8.809375099832504,
    "source": "osm",
    "confidence": "med",
    "notes": ""
   }
  },
  {
   "type": "Feature",
   "geometry": {
    "type": "LineString",
    "coordinates": [
     [
      106.809565,
      -6.2249781
     ],
     [
      106.8095652,
      -6.2249373
     ],
     [
      106.8095693,
      -6.224645
     ],
     [
      106.8095705,
      -6.2246154
     ]
    ]
   },
   "properties": {
    "id": "osm-way-1505324307",
    "street_name": "",
    "side": "n-a",
    "kind": "footway",
    "level": 0,
    "has_sidewalk": "unknown",
    "width_m": null,
    "surface": "unknown",
    "obstruction": null,
    "obstruction_types": [],
    "kerb_ramp": null,
    "lit": null,
    "eyes_on_street": null,
    "crossing_spacing_m": null,
    "shade": null,
    "shade_modeled": null,
    "drainage": null,
    "length_m": 40.336285251429636,
    "source": "osm",
    "confidence": "med",
    "notes": ""
   }
  },
  {
   "type": "Feature",
   "geometry": {
    "type": "LineString",
    "coordinates": [
     [
      106.8096442,
      -6.2249361
     ],
     [
      106.8095652,
      -6.2249373
     ]
    ]
   },
   "properties": {
    "id": "osm-way-1505324308",
    "street_name": "",
    "side": "n-a",
    "kind": "footway",
    "level": 0,
    "has_sidewalk": "unknown",
    "width_m": null,
    "surface": "unknown",
    "obstruction": null,
    "obstruction_types": [],
    "kerb_ramp": null,
    "lit": null,
    "eyes_on_street": null,
    "crossing_spacing_m": null,
    "shade": null,
    "shade_modeled": null,
    "drainage": null,
    "length_m": 8.733624580031478,
    "source": "osm",
    "confidence": "med",
    "notes": ""
   }
  },
  {
   "type": "Feature",
   "geometry": {
    "type": "LineString",
    "coordinates": [
     [
      106.810168,
      -6.2249416
     ],
     [
      106.8102915,
      -6.2249444
     ],
     [
      106.8103123,
      -6.224945
     ]
    ]
   },
   "properties": {
    "id": "osm-way-1505324309",
    "street_name": "",
    "side": "n-a",
    "kind": "footway",
    "level": 0,
    "has_sidewalk": "unknown",
    "width_m": null,
    "surface": "unknown",
    "obstruction": null,
    "obstruction_types": [],
    "kerb_ramp": null,
    "lit": null,
    "eyes_on_street": null,
    "crossing_spacing_m": null,
    "shade": null,
    "shade_modeled": null,
    "drainage": null,
    "length_m": 15.955339379624956,
    "source": "osm",
    "confidence": "med",
    "notes": ""
   }
  },
  {
   "type": "Feature",
   "geometry": {
    "type": "LineString",
    "coordinates": [
     [
      106.8100622,
      -6.2249849
     ],
     [
      106.8101356,
      -6.2249599
     ]
    ]
   },
   "properties": {
    "id": "osm-way-1505324310",
    "street_name": "",
    "side": "n-a",
    "kind": "footway",
    "level": 0,
    "has_sidewalk": "unknown",
    "width_m": null,
    "surface": "unknown",
    "obstruction": null,
    "obstruction_types": [],
    "kerb_ramp": null,
    "lit": null,
    "eyes_on_street": null,
    "crossing_spacing_m": null,
    "shade": null,
    "shade_modeled": null,
    "drainage": null,
    "length_m": 8.576593080173708,
    "source": "osm",
    "confidence": "med",
    "notes": ""
   }
  },
  {
   "type": "Feature",
   "geometry": {
    "type": "LineString",
    "coordinates": [
     [
      106.8101297,
      -6.224912
     ],
     [
      106.810064,
      -6.2248727
     ]
    ]
   },
   "properties": {
    "id": "osm-way-1505324311",
    "street_name": "",
    "side": "n-a",
    "kind": "footway",
    "level": 0,
    "has_sidewalk": "unknown",
    "width_m": null,
    "surface": "unknown",
    "obstruction": null,
    "obstruction_types": [],
    "kerb_ramp": null,
    "lit": null,
    "eyes_on_street": null,
    "crossing_spacing_m": null,
    "shade": null,
    "shade_modeled": null,
    "drainage": null,
    "length_m": 8.47581792709586,
    "source": "osm",
    "confidence": "med",
    "notes": ""
   }
  },
  {
   "type": "Feature",
   "geometry": {
    "type": "LineString",
    "coordinates": [
     [
      106.8101447,
      -6.2251208
     ],
     [
      106.8101459,
      -6.2249607
     ]
    ]
   },
   "properties": {
    "id": "osm-way-1505324312",
    "street_name": "",
    "side": "n-a",
    "kind": "footway",
    "level": 0,
    "has_sidewalk": "unknown",
    "width_m": null,
    "surface": "unknown",
    "obstruction": null,
    "obstruction_types": [],
    "kerb_ramp": null,
    "lit": null,
    "eyes_on_street": null,
    "crossing_spacing_m": null,
    "shade": null,
    "shade_modeled": null,
    "drainage": null,
    "length_m": 17.80280193393861,
    "source": "osm",
    "confidence": "med",
    "notes": ""
   }
  },
  {
   "type": "Feature",
   "geometry": {
    "type": "LineString",
    "coordinates": [
     [
      106.8101219,
      -6.2249186
     ],
     [
      106.8101173,
      -6.2249277
     ],
     [
      106.8101166,
      -6.2249379
     ],
     [
      106.8101198,
      -6.2249476
     ],
     [
      106.8101265,
      -6.2249553
     ],
     [
      106.8101356,
      -6.2249599
     ],
     [
      106.8101459,
      -6.2249607
     ],
     [
      106.8101556,
      -6.2249575
     ],
     [
      106.8101634,
      -6.2249508
     ],
     [
      106.810168,
      -6.2249416
     ],
     [
      106.8101687,
      -6.2249315
     ],
     [
      106.8101655,
      -6.2249219
     ],
     [
      106.8101588,
      -6.2249141
     ],
     [
      106.8101497,
      -6.2249095
     ],
     [
      106.8101395,
      -6.2249088
     ],
     [
      106.8101297,
      -6.224912
     ],
     [
      106.8101219,
      -6.2249186
     ]
    ]
   },
   "properties": {
    "id": "osm-way-1505324313",
    "street_name": "",
    "side": "n-a",
    "kind": "footway",
    "level": 0,
    "has_sidewalk": "unknown",
    "width_m": null,
    "surface": "unknown",
    "obstruction": null,
    "obstruction_types": [],
    "kerb_ramp": null,
    "lit": null,
    "eyes_on_street": null,
    "crossing_spacing_m": null,
    "shade": null,
    "shade_modeled": null,
    "drainage": null,
    "length_m": 18.140518402649615,
    "source": "osm",
    "confidence": "med",
    "notes": ""
   }
  },
  {
   "type": "Feature",
   "geometry": {
    "type": "LineString",
    "coordinates": [
     [
      106.8098528,
      -6.2247016
     ],
     [
      106.8098507,
      -6.2245785
     ]
    ]
   },
   "properties": {
    "id": "osm-way-1505324315",
    "street_name": "",
    "side": "n-a",
    "kind": "footway",
    "level": 0,
    "has_sidewalk": "unknown",
    "width_m": null,
    "surface": "unknown",
    "obstruction": null,
    "obstruction_types": [],
    "kerb_ramp": null,
    "lit": null,
    "eyes_on_street": null,
    "crossing_spacing_m": null,
    "shade": null,
    "shade_modeled": null,
    "drainage": null,
    "length_m": 13.690063665867243,
    "source": "osm",
    "confidence": "med",
    "notes": ""
   }
  },
  {
   "type": "Feature",
   "geometry": {
    "type": "LineString",
    "coordinates": [
     [
      106.809887,
      -6.2251339
     ],
     [
      106.8100584,
      -6.2249907
     ],
     [
      106.8100622,
      -6.2249849
     ],
     [
      106.8100638,
      -6.2249801
     ],
     [
      106.810064,
      -6.2248727
     ],
     [
      106.8100632,
      -6.2248681
     ],
     [
      106.8100603,
      -6.2248647
     ],
     [
      106.8098528,
      -6.2247016
     ]
    ]
   },
   "properties": {
    "id": "osm-way-1505324316",
    "street_name": "",
    "side": "n-a",
    "kind": "footway",
    "level": 0,
    "has_sidewalk": "unknown",
    "width_m": null,
    "surface": "unknown",
    "obstruction": null,
    "obstruction_types": [],
    "kerb_ramp": null,
    "lit": null,
    "eyes_on_street": null,
    "crossing_spacing_m": null,
    "shade": null,
    "shade_modeled": null,
    "drainage": null,
    "length_m": 68.2786453897005,
    "source": "osm",
    "confidence": "med",
    "notes": ""
   }
  },
  {
   "type": "Feature",
   "geometry": {
    "type": "LineString",
    "coordinates": [
     [
      106.8098528,
      -6.2247016
     ],
     [
      106.8096497,
      -6.2248614
     ],
     [
      106.8096452,
      -6.2248659
     ],
     [
      106.8096438,
      -6.2248693
     ],
     [
      106.8096442,
      -6.2249361
     ],
     [
      106.8096441,
      -6.2249993
     ],
     [
      106.809645,
      -6.2250028
     ],
     [
      106.8096472,
      -6.225006
     ],
     [
      106.8098218,
      -6.2251274
     ]
    ]
   },
   "properties": {
    "id": "osm-way-1505324318",
    "street_name": "",
    "side": "n-a",
    "kind": "footway",
    "level": 0,
    "has_sidewalk": "unknown",
    "width_m": null,
    "surface": "unknown",
    "obstruction": null,
    "obstruction_types": [],
    "kerb_ramp": null,
    "lit": null,
    "eyes_on_street": null,
    "crossing_spacing_m": null,
    "shade": null,
    "shade_modeled": null,
    "drainage": null,
    "length_m": 68.58623573358248,
    "source": "osm",
    "confidence": "med",
    "notes": ""
   }
  },
  {
   "type": "Feature",
   "geometry": {
    "type": "LineString",
    "coordinates": [
     [
      106.82178,
      -6.1943286
     ],
     [
      106.8217786,
      -6.1943482
     ]
    ]
   },
   "properties": {
    "id": "osm-way-1506349637",
    "street_name": "",
    "side": "n-a",
    "kind": "footway",
    "level": 0,
    "has_sidewalk": "unknown",
    "width_m": null,
    "surface": "unknown",
    "obstruction": null,
    "obstruction_types": [],
    "kerb_ramp": null,
    "lit": null,
    "eyes_on_street": null,
    "crossing_spacing_m": null,
    "shade": null,
    "shade_modeled": null,
    "drainage": null,
    "length_m": 2.184908668527474,
    "source": "osm",
    "confidence": "med",
    "notes": ""
   }
  },
  {
   "type": "Feature",
   "geometry": {
    "type": "LineString",
    "coordinates": [
     [
      106.8218038,
      -6.1941772
     ],
     [
      106.8217896,
      -6.1941926
     ],
     [
      106.8217822,
      -6.1942979
     ]
    ]
   },
   "properties": {
    "id": "osm-way-1506349638",
    "street_name": "",
    "side": "n-a",
    "kind": "footway",
    "level": 0,
    "has_sidewalk": "unknown",
    "width_m": null,
    "surface": "unknown",
    "obstruction": null,
    "obstruction_types": [],
    "kerb_ramp": null,
    "lit": null,
    "eyes_on_street": null,
    "crossing_spacing_m": null,
    "shade": null,
    "shade_modeled": null,
    "drainage": null,
    "length_m": 14.060389910561444,
    "source": "osm",
    "confidence": "med",
    "notes": ""
   }
  },
  {
   "type": "Feature",
   "geometry": {
    "type": "LineString",
    "coordinates": [
     [
      106.8217822,
      -6.1942979
     ],
     [
      106.8217809,
      -6.1943154
     ],
     [
      106.82178,
      -6.1943286
     ]
    ]
   },
   "properties": {
    "id": "osm-way-1506349640",
    "street_name": "",
    "side": "n-a",
    "kind": "footway",
    "level": 0,
    "has_sidewalk": "unknown",
    "width_m": null,
    "surface": "unknown",
    "obstruction": null,
    "obstruction_types": [],
    "kerb_ramp": null,
    "lit": null,
    "eyes_on_street": null,
    "crossing_spacing_m": null,
    "shade": null,
    "shade_modeled": null,
    "drainage": null,
    "length_m": 3.422351725794775,
    "source": "osm",
    "confidence": "med",
    "notes": ""
   }
  },
  {
   "type": "Feature",
   "geometry": {
    "type": "LineString",
    "coordinates": [
     [
      106.822964,
      -6.2234148
     ],
     [
      106.822981,
      -6.2234693
     ],
     [
      106.8230001,
      -6.2235011
     ],
     [
      106.8230533,
      -6.2235381
     ],
     [
      106.8231215,
      -6.2235604
     ],
     [
      106.8231704,
      -6.2235529
     ],
     [
      106.823196,
      -6.223536
     ],
     [
      106.823242,
      -6.2235007
     ]
    ]
   },
   "properties": {
    "id": "osm-way-1507130889",
    "street_name": "",
    "side": "n-a",
    "kind": "footway",
    "level": 0,
    "has_sidewalk": "unknown",
    "width_m": null,
    "surface": "unknown",
    "obstruction": null,
    "obstruction_types": [],
    "kerb_ramp": null,
    "lit": null,
    "eyes_on_street": null,
    "crossing_spacing_m": null,
    "shade": null,
    "shade_modeled": null,
    "drainage": null,
    "length_m": 40.866162690372065,
    "source": "osm",
    "confidence": "med",
    "notes": ""
   }
  },
  {
   "type": "Feature",
   "geometry": {
    "type": "LineString",
    "coordinates": [
     [
      106.8229306,
      -6.1930726
     ],
     [
      106.8228256,
      -6.1930751
     ],
     [
      106.8227433,
      -6.193077
     ]
    ]
   },
   "properties": {
    "id": "osm-way-1507274995",
    "street_name": "",
    "side": "n-a",
    "kind": "crossing",
    "level": 0,
    "has_sidewalk": "unknown",
    "width_m": null,
    "surface": "unknown",
    "obstruction": null,
    "obstruction_types": [],
    "kerb_ramp": null,
    "lit": null,
    "eyes_on_street": null,
    "crossing_spacing_m": null,
    "shade": null,
    "shade_modeled": null,
    "drainage": null,
    "length_m": 20.71104574408143,
    "source": "osm",
    "confidence": "med",
    "notes": ""
   }
  },
  {
   "type": "Feature",
   "geometry": {
    "type": "LineString",
    "coordinates": [
     [
      106.8227506,
      -6.1926533
     ],
     [
      106.8226325,
      -6.1926511
     ]
    ]
   },
   "properties": {
    "id": "osm-way-1507316191",
    "street_name": "",
    "side": "n-a",
    "kind": "footway",
    "level": 0,
    "has_sidewalk": "unknown",
    "width_m": null,
    "surface": "unknown",
    "obstruction": null,
    "obstruction_types": [],
    "kerb_ramp": null,
    "lit": null,
    "eyes_on_street": null,
    "crossing_spacing_m": null,
    "shade": null,
    "shade_modeled": null,
    "drainage": null,
    "length_m": 13.057784044429008,
    "source": "osm",
    "confidence": "med",
    "notes": ""
   }
  },
  {
   "type": "Feature",
   "geometry": {
    "type": "LineString",
    "coordinates": [
     [
      106.8227792,
      -6.1926539
     ],
     [
      106.8227654,
      -6.1926536
     ],
     [
      106.8227506,
      -6.1926533
     ]
    ]
   },
   "properties": {
    "id": "osm-way-1507316192",
    "street_name": "",
    "side": "n-a",
    "kind": "footway",
    "level": 0,
    "has_sidewalk": "unknown",
    "width_m": null,
    "surface": "unknown",
    "obstruction": null,
    "obstruction_types": [],
    "kerb_ramp": null,
    "lit": null,
    "eyes_on_street": null,
    "crossing_spacing_m": null,
    "shade": null,
    "shade_modeled": null,
    "drainage": null,
    "length_m": 3.162322674251933,
    "source": "osm",
    "confidence": "med",
    "notes": ""
   }
  },
  {
   "type": "Feature",
   "geometry": {
    "type": "LineString",
    "coordinates": [
     [
      106.8228146,
      -6.1926545
     ],
     [
      106.8227792,
      -6.1926539
     ]
    ]
   },
   "properties": {
    "id": "osm-way-1507316193",
    "street_name": "",
    "side": "n-a",
    "kind": "footway",
    "level": 0,
    "has_sidewalk": "unknown",
    "width_m": null,
    "surface": "unknown",
    "obstruction": null,
    "obstruction_types": [],
    "kerb_ramp": null,
    "lit": null,
    "eyes_on_street": null,
    "crossing_spacing_m": null,
    "shade": null,
    "shade_modeled": null,
    "drainage": null,
    "length_m": 3.9138999873361926,
    "source": "osm",
    "confidence": "med",
    "notes": ""
   }
  },
  {
   "type": "Feature",
   "geometry": {
    "type": "LineString",
    "coordinates": [
     [
      106.8249901,
      -6.2048384
     ],
     [
      106.8249438,
      -6.2048308
     ]
    ]
   },
   "properties": {
    "id": "osm-way-1507441295",
    "street_name": "",
    "side": "n-a",
    "kind": "footway",
    "level": 0,
    "has_sidewalk": "unknown",
    "width_m": null,
    "surface": "unknown",
    "obstruction": null,
    "obstruction_types": [],
    "kerb_ramp": null,
    "lit": null,
    "eyes_on_street": null,
    "crossing_spacing_m": null,
    "shade": null,
    "shade_modeled": null,
    "drainage": null,
    "length_m": 5.187463735782256,
    "source": "osm",
    "confidence": "med",
    "notes": ""
   }
  },
  {
   "type": "Feature",
   "geometry": {
    "type": "LineString",
    "coordinates": [
     [
      106.8249956,
      -6.2048101
     ],
     [
      106.8249901,
      -6.2048384
     ]
    ]
   },
   "properties": {
    "id": "osm-way-1507441296",
    "street_name": "",
    "side": "n-a",
    "kind": "footway",
    "level": 0,
    "has_sidewalk": "unknown",
    "width_m": null,
    "surface": "unknown",
    "obstruction": null,
    "obstruction_types": [],
    "kerb_ramp": null,
    "lit": null,
    "eyes_on_street": null,
    "crossing_spacing_m": null,
    "shade": null,
    "shade_modeled": null,
    "drainage": null,
    "length_m": 3.205012441365747,
    "source": "osm",
    "confidence": "med",
    "notes": ""
   }
  },
  {
   "type": "Feature",
   "geometry": {
    "type": "LineString",
    "coordinates": [
     [
      106.8249901,
      -6.2048384
     ],
     [
      106.8251111,
      -6.20486
     ]
    ]
   },
   "properties": {
    "id": "osm-way-1507441297",
    "street_name": "",
    "side": "n-a",
    "kind": "footway",
    "level": 0,
    "has_sidewalk": "unknown",
    "width_m": null,
    "surface": "unknown",
    "obstruction": null,
    "obstruction_types": [],
    "kerb_ramp": null,
    "lit": null,
    "eyes_on_street": null,
    "crossing_spacing_m": null,
    "shade": null,
    "shade_modeled": null,
    "drainage": null,
    "length_m": 13.589695694407673,
    "source": "osm",
    "confidence": "med",
    "notes": ""
   }
  },
  {
   "type": "Feature",
   "geometry": {
    "type": "LineString",
    "coordinates": [
     [
      106.8253762,
      -6.204904
     ],
     [
      106.8254533,
      -6.2048597
     ]
    ]
   },
   "properties": {
    "id": "osm-way-1508000616",
    "street_name": "",
    "side": "n-a",
    "kind": "footway",
    "level": 0,
    "has_sidewalk": "unknown",
    "width_m": null,
    "surface": "unknown",
    "obstruction": null,
    "obstruction_types": [],
    "kerb_ramp": null,
    "lit": null,
    "eyes_on_street": null,
    "crossing_spacing_m": null,
    "shade": null,
    "shade_modeled": null,
    "drainage": null,
    "length_m": 9.844021247136697,
    "source": "osm",
    "confidence": "med",
    "notes": ""
   }
  },
  {
   "type": "Feature",
   "geometry": {
    "type": "LineString",
    "coordinates": [
     [
      106.8190872,
      -6.1943949
     ],
     [
      106.8190858,
      -6.1943847
     ],
     [
      106.8190876,
      -6.1943745
     ],
     [
      106.8190925,
      -6.1943654
     ],
     [
      106.8191,
      -6.1943582
     ],
     [
      106.8191094,
      -6.1943537
     ],
     [
      106.8191197,
      -6.1943523
     ],
     [
      106.81913,
      -6.1943541
     ],
     [
      106.8191391,
      -6.194359
     ],
     [
      106.8191463,
      -6.1943665
     ],
     [
      106.8191509,
      -6.1943758
     ],
     [
      106.8191523,
      -6.194386
     ],
     [
      106.8191505,
      -6.1943962
     ],
     [
      106.8191456,
      -6.1944053
     ],
     [
      106.819138,
      -6.1944125
     ],
     [
      106.8191287,
      -6.194417
     ],
     [
      106.8191184,
      -6.1944184
     ],
     [
      106.8191081,
      -6.1944166
     ],
     [
      106.8190989,
      -6.1944117
     ],
     [
      106.8190917,
      -6.1944043
     ],
     [
      106.8190872,
      -6.1943949
     ]
    ]
   },
   "properties": {
    "id": "osm-way-1509287622",
    "street_name": "",
    "side": "n-a",
    "kind": "footway",
    "level": 0,
    "has_sidewalk": "unknown",
    "width_m": null,
    "surface": "unknown",
    "obstruction": null,
    "obstruction_types": [],
    "kerb_ramp": null,
    "lit": null,
    "eyes_on_street": null,
    "crossing_spacing_m": null,
    "shade": null,
    "shade_modeled": null,
    "drainage": null,
    "length_m": 23.013643795740432,
    "source": "osm",
    "confidence": "med",
    "notes": ""
   }
  },
  {
   "type": "Feature",
   "geometry": {
    "type": "LineString",
    "coordinates": [
     [
      106.82097,
      -6.1944311
     ],
     [
      106.8209611,
      -6.1944348
     ],
     [
      106.8209537,
      -6.1944409
     ],
     [
      106.8209484,
      -6.194449
     ],
     [
      106.8209458,
      -6.1944582
     ],
     [
      106.8209459,
      -6.1944677
     ],
     [
      106.8209489,
      -6.194477
     ],
     [
      106.8209546,
      -6.194485
     ],
     [
      106.8209623,
      -6.1944909
     ],
     [
      106.8209715,
      -6.1944943
     ],
     [
      106.8209813,
      -6.1944948
     ],
     [
      106.8209908,
      -6.1944924
     ],
     [
      106.8209992,
      -6.1944873
     ],
     [
      106.8210056,
      -6.19448
     ],
     [
      106.8210096,
      -6.1944711
     ],
     [
      106.8210108,
      -6.1944614
     ],
     [
      106.8210089,
      -6.1944518
     ],
     [
      106.8210043,
      -6.1944432
     ],
     [
      106.8209975,
      -6.1944364
     ],
     [
      106.820989,
      -6.1944319
     ],
     [
      106.8209796,
      -6.1944301
     ],
     [
      106.82097,
      -6.1944311
     ]
    ]
   },
   "properties": {
    "id": "osm-way-1509544958",
    "street_name": "",
    "side": "n-a",
    "kind": "footway",
    "level": 0,
    "has_sidewalk": "unknown",
    "width_m": null,
    "surface": "unknown",
    "obstruction": null,
    "obstruction_types": [],
    "kerb_ramp": null,
    "lit": null,
    "eyes_on_street": null,
    "crossing_spacing_m": null,
    "shade": null,
    "shade_modeled": null,
    "drainage": null,
    "length_m": 22.589246392545665,
    "source": "osm",
    "confidence": "med",
    "notes": ""
   }
  },
  {
   "type": "Feature",
   "geometry": {
    "type": "LineString",
    "coordinates": [
     [
      106.8224964,
      -6.1961742
     ],
     [
      106.8226408,
      -6.1961711
     ]
    ]
   },
   "properties": {
    "id": "osm-way-1509577456",
    "street_name": "",
    "side": "n-a",
    "kind": "footway",
    "level": 0,
    "has_sidewalk": "unknown",
    "width_m": null,
    "surface": "unknown",
    "obstruction": null,
    "obstruction_types": [],
    "kerb_ramp": null,
    "lit": null,
    "eyes_on_street": null,
    "crossing_spacing_m": null,
    "shade": null,
    "shade_modeled": null,
    "drainage": null,
    "length_m": 15.96646927265706,
    "source": "osm",
    "confidence": "med",
    "notes": ""
   }
  },
  {
   "type": "Feature",
   "geometry": {
    "type": "LineString",
    "coordinates": [
     [
      106.8226408,
      -6.1961711
     ],
     [
      106.8226946,
      -6.1962019
     ],
     [
      106.8226989,
      -6.1962151
     ],
     [
      106.8227001,
      -6.1962328
     ]
    ]
   },
   "properties": {
    "id": "osm-way-1509577457",
    "street_name": "",
    "side": "n-a",
    "kind": "footway",
    "level": 0,
    "has_sidewalk": "unknown",
    "width_m": null,
    "surface": "unknown",
    "obstruction": null,
    "obstruction_types": [],
    "kerb_ramp": null,
    "lit": null,
    "eyes_on_street": null,
    "crossing_spacing_m": null,
    "shade": null,
    "shade_modeled": null,
    "drainage": null,
    "length_m": 10.378394342449578,
    "source": "osm",
    "confidence": "med",
    "notes": ""
   }
  },
  {
   "type": "Feature",
   "geometry": {
    "type": "LineString",
    "coordinates": [
     [
      106.8224737,
      -6.1961938
     ],
     [
      106.8224317,
      -6.1962142
     ],
     [
      106.8223933,
      -6.1962174
     ],
     [
      106.8223557,
      -6.1962087
     ],
     [
      106.8223227,
      -6.1961889
     ],
     [
      106.8222959,
      -6.1961649
     ]
    ]
   },
   "properties": {
    "id": "osm-way-1509577458",
    "street_name": "",
    "side": "n-a",
    "kind": "footway",
    "level": 0,
    "has_sidewalk": "unknown",
    "width_m": null,
    "surface": "unknown",
    "obstruction": null,
    "obstruction_types": [],
    "kerb_ramp": null,
    "lit": null,
    "eyes_on_street": null,
    "crossing_spacing_m": null,
    "shade": null,
    "shade_modeled": null,
    "drainage": null,
    "length_m": 21.943068066501993,
    "source": "osm",
    "confidence": "med",
    "notes": ""
   }
  },
  {
   "type": "Feature",
   "geometry": {
    "type": "LineString",
    "coordinates": [
     [
      106.8228657,
      -6.1973709
     ],
     [
      106.822854,
      -6.1973692
     ],
     [
      106.8228423,
      -6.1973711
     ],
     [
      106.8228318,
      -6.1973766
     ],
     [
      106.8228235,
      -6.197385
     ],
     [
      106.8228183,
      -6.1973956
     ],
     [
      106.8228166,
      -6.1974072
     ],
     [
      106.8228185,
      -6.1974188
     ],
     [
      106.822824,
      -6.1974293
     ],
     [
      106.8228325,
      -6.1974375
     ],
     [
      106.8228431,
      -6.1974427
     ],
     [
      106.8228548,
      -6.1974444
     ],
     [
      106.8228665,
      -6.1974424
     ],
     [
      106.822877,
      -6.197437
     ],
     [
      106.8228853,
      -6.1974285
     ],
     [
      106.8228905,
      -6.197418
     ],
     [
      106.8228923,
      -6.1974063
     ],
     [
      106.8228903,
      -6.1973947
     ],
     [
      106.8228848,
      -6.1973843
     ],
     [
      106.8228763,
      -6.1973761
     ],
     [
      106.8228657,
      -6.1973709
     ]
    ]
   },
   "properties": {
    "id": "osm-way-1509577463",
    "street_name": "",
    "side": "n-a",
    "kind": "footway",
    "level": 0,
    "has_sidewalk": "unknown",
    "width_m": null,
    "surface": "unknown",
    "obstruction": null,
    "obstruction_types": [],
    "kerb_ramp": null,
    "lit": null,
    "eyes_on_street": null,
    "crossing_spacing_m": null,
    "shade": null,
    "shade_modeled": null,
    "drainage": null,
    "length_m": 26.185207129030214,
    "source": "osm",
    "confidence": "med",
    "notes": ""
   }
  },
  {
   "type": "Feature",
   "geometry": {
    "type": "LineString",
    "coordinates": [
     [
      106.8206276,
      -6.195218
     ],
     [
      106.8206167,
      -6.1949895
     ]
    ]
   },
   "properties": {
    "id": "osm-way-1509652453",
    "street_name": "",
    "side": "n-a",
    "kind": "footway",
    "level": 0,
    "has_sidewalk": "unknown",
    "width_m": null,
    "surface": "unknown",
    "obstruction": null,
    "obstruction_types": [],
    "kerb_ramp": null,
    "lit": null,
    "eyes_on_street": null,
    "crossing_spacing_m": null,
    "shade": null,
    "shade_modeled": null,
    "drainage": null,
    "length_m": 25.43659628797531,
    "source": "osm",
    "confidence": "med",
    "notes": ""
   }
  },
  {
   "type": "Feature",
   "geometry": {
    "type": "LineString",
    "coordinates": [
     [
      106.8202078,
      -6.1944882
     ],
     [
      106.8193696,
      -6.1943557
     ]
    ]
   },
   "properties": {
    "id": "osm-way-1509652454",
    "street_name": "",
    "side": "n-a",
    "kind": "footway",
    "level": 0,
    "has_sidewalk": "unknown",
    "width_m": null,
    "surface": "unknown",
    "obstruction": null,
    "obstruction_types": [],
    "kerb_ramp": null,
    "lit": null,
    "eyes_on_street": null,
    "crossing_spacing_m": null,
    "shade": null,
    "shade_modeled": null,
    "drainage": null,
    "length_m": 93.82344218444207,
    "source": "osm",
    "confidence": "med",
    "notes": ""
   }
  },
  {
   "type": "Feature",
   "geometry": {
    "type": "LineString",
    "coordinates": [
     [
      106.8204047,
      -6.194511
     ],
     [
      106.8203559,
      -6.1945058
     ],
     [
      106.8202513,
      -6.1944939
     ],
     [
      106.8202078,
      -6.1944882
     ]
    ]
   },
   "properties": {
    "id": "osm-way-1509652455",
    "street_name": "",
    "side": "n-a",
    "kind": "crossing",
    "level": 0,
    "has_sidewalk": "unknown",
    "width_m": null,
    "surface": "unknown",
    "obstruction": null,
    "obstruction_types": [],
    "kerb_ramp": null,
    "lit": null,
    "eyes_on_street": null,
    "crossing_spacing_m": null,
    "shade": null,
    "shade_modeled": null,
    "drainage": null,
    "length_m": 21.914400960823748,
    "source": "osm",
    "confidence": "med",
    "notes": ""
   }
  },
  {
   "type": "Feature",
   "geometry": {
    "type": "LineString",
    "coordinates": [
     [
      106.8192192,
      -6.1943546
     ],
     [
      106.8191463,
      -6.1943665
     ],
     [
      106.8190876,
      -6.1943745
     ]
    ]
   },
   "properties": {
    "id": "osm-way-1509652456",
    "street_name": "",
    "side": "n-a",
    "kind": "footway",
    "level": 0,
    "has_sidewalk": "unknown",
    "width_m": null,
    "surface": "unknown",
    "obstruction": null,
    "obstruction_types": [],
    "kerb_ramp": null,
    "lit": null,
    "eyes_on_street": null,
    "crossing_spacing_m": null,
    "shade": null,
    "shade_modeled": null,
    "drainage": null,
    "length_m": 14.71641797102846,
    "source": "osm",
    "confidence": "med",
    "notes": ""
   }
  },
  {
   "type": "Feature",
   "geometry": {
    "type": "LineString",
    "coordinates": [
     [
      106.8193696,
      -6.1943557
     ],
     [
      106.8192896,
      -6.1943457
     ],
     [
      106.8192192,
      -6.1943546
     ]
    ]
   },
   "properties": {
    "id": "osm-way-1509652457",
    "street_name": "",
    "side": "n-a",
    "kind": "crossing",
    "level": 0,
    "has_sidewalk": "unknown",
    "width_m": null,
    "surface": "unknown",
    "obstruction": null,
    "obstruction_types": [],
    "kerb_ramp": null,
    "lit": null,
    "eyes_on_street": null,
    "crossing_spacing_m": null,
    "shade": null,
    "shade_modeled": null,
    "drainage": null,
    "length_m": 16.758378272496472,
    "source": "osm",
    "confidence": "med",
    "notes": ""
   }
  },
  {
   "type": "Feature",
   "geometry": {
    "type": "LineString",
    "coordinates": [
     [
      106.8190593,
      -6.1943613
     ],
     [
      106.8190876,
      -6.1943745
     ]
    ]
   },
   "properties": {
    "id": "osm-way-1509652458",
    "street_name": "",
    "side": "n-a",
    "kind": "footway",
    "level": 0,
    "has_sidewalk": "unknown",
    "width_m": null,
    "surface": "unknown",
    "obstruction": null,
    "obstruction_types": [],
    "kerb_ramp": null,
    "lit": null,
    "eyes_on_street": null,
    "crossing_spacing_m": null,
    "shade": null,
    "shade_modeled": null,
    "drainage": null,
    "length_m": 3.4556503528603275,
    "source": "osm",
    "confidence": "med",
    "notes": ""
   }
  },
  {
   "type": "Feature",
   "geometry": {
    "type": "LineString",
    "coordinates": [
     [
      106.8206167,
      -6.1949895
     ],
     [
      106.820631,
      -6.1947005
     ],
     [
      106.8206269,
      -6.1946771
     ],
     [
      106.8206191,
      -6.1946517
     ],
     [
      106.8205668,
      -6.1945532
     ],
     [
      106.8205457,
      -6.1945346
     ],
     [
      106.8205251,
      -6.1945278
     ],
     [
      106.8204047,
      -6.194511
     ]
    ]
   },
   "properties": {
    "id": "osm-way-1509652459",
    "street_name": "",
    "side": "n-a",
    "kind": "footway",
    "level": 0,
    "has_sidewalk": "unknown",
    "width_m": null,
    "surface": "unknown",
    "obstruction": null,
    "obstruction_types": [],
    "kerb_ramp": null,
    "lit": null,
    "eyes_on_street": null,
    "crossing_spacing_m": null,
    "shade": null,
    "shade_modeled": null,
    "drainage": null,
    "length_m": 69.11040478688176,
    "source": "osm",
    "confidence": "med",
    "notes": ""
   }
  },
  {
   "type": "Feature",
   "geometry": {
    "type": "LineString",
    "coordinates": [
     [
      106.8190294,
      -6.1943466
     ],
     [
      106.8190593,
      -6.1943613
     ]
    ]
   },
   "properties": {
    "id": "osm-way-1509652460",
    "street_name": "",
    "side": "n-a",
    "kind": "crossing",
    "level": 0,
    "has_sidewalk": "unknown",
    "width_m": null,
    "surface": "unknown",
    "obstruction": null,
    "obstruction_types": [],
    "kerb_ramp": null,
    "lit": null,
    "eyes_on_street": null,
    "crossing_spacing_m": null,
    "shade": null,
    "shade_modeled": null,
    "drainage": null,
    "length_m": 3.6874009866359545,
    "source": "osm",
    "confidence": "med",
    "notes": ""
   }
  },
  {
   "type": "Feature",
   "geometry": {
    "type": "LineString",
    "coordinates": [
     [
      106.8189883,
      -6.1943201
     ],
     [
      106.8190294,
      -6.1943466
     ]
    ]
   },
   "properties": {
    "id": "osm-way-1509652461",
    "street_name": "",
    "side": "n-a",
    "kind": "crossing",
    "level": 0,
    "has_sidewalk": "unknown",
    "width_m": null,
    "surface": "unknown",
    "obstruction": null,
    "obstruction_types": [],
    "kerb_ramp": null,
    "lit": null,
    "eyes_on_street": null,
    "crossing_spacing_m": null,
    "shade": null,
    "shade_modeled": null,
    "drainage": null,
    "length_m": 5.415310683350278,
    "source": "osm",
    "confidence": "med",
    "notes": ""
   }
  },
  {
   "type": "Feature",
   "geometry": {
    "type": "LineString",
    "coordinates": [
     [
      106.8183023,
      -6.1942048
     ],
     [
      106.8186482,
      -6.1942629
     ],
     [
      106.8189883,
      -6.1943201
     ]
    ]
   },
   "properties": {
    "id": "osm-way-1509652462",
    "street_name": "",
    "side": "n-a",
    "kind": "footway",
    "level": 0,
    "has_sidewalk": "unknown",
    "width_m": null,
    "surface": "unknown",
    "obstruction": null,
    "obstruction_types": [],
    "kerb_ramp": null,
    "lit": null,
    "eyes_on_street": null,
    "crossing_spacing_m": null,
    "shade": null,
    "shade_modeled": null,
    "drainage": null,
    "length_m": 76.910504793537,
    "source": "osm",
    "confidence": "med",
    "notes": ""
   }
  },
  {
   "type": "Feature",
   "geometry": {
    "type": "LineString",
    "coordinates": [
     [
      106.820937,
      -6.1951458
     ],
     [
      106.8208839,
      -6.1949271
     ]
    ]
   },
   "properties": {
    "id": "osm-way-1509652463",
    "street_name": "",
    "side": "n-a",
    "kind": "footway",
    "level": 0,
    "has_sidewalk": "unknown",
    "width_m": null,
    "surface": "unknown",
    "obstruction": null,
    "obstruction_types": [],
    "kerb_ramp": null,
    "lit": null,
    "eyes_on_street": null,
    "crossing_spacing_m": null,
    "shade": null,
    "shade_modeled": null,
    "drainage": null,
    "length_m": 25.01674938253304,
    "source": "osm",
    "confidence": "med",
    "notes": ""
   }
  },
  {
   "type": "Feature",
   "geometry": {
    "type": "LineString",
    "coordinates": [
     [
      106.8211149,
      -6.1943615
     ],
     [
      106.8211199,
      -6.1943072
     ]
    ]
   },
   "properties": {
    "id": "osm-way-1509652464",
    "street_name": "",
    "side": "n-a",
    "kind": "crossing",
    "level": 0,
    "has_sidewalk": "unknown",
    "width_m": null,
    "surface": "unknown",
    "obstruction": null,
    "obstruction_types": [],
    "kerb_ramp": null,
    "lit": null,
    "eyes_on_street": null,
    "crossing_spacing_m": null,
    "shade": null,
    "shade_modeled": null,
    "drainage": null,
    "length_m": 6.063131072399449,
    "source": "osm",
    "confidence": "med",
    "notes": ""
   }
  },
  {
   "type": "Feature",
   "geometry": {
    "type": "LineString",
    "coordinates": [
     [
      106.8229436,
      -6.1974044
     ],
     [
      106.8228923,
      -6.1974063
     ]
    ]
   },
   "properties": {
    "id": "osm-way-1509652466",
    "street_name": "",
    "side": "n-a",
    "kind": "footway",
    "level": 0,
    "has_sidewalk": "unknown",
    "width_m": null,
    "surface": "unknown",
    "obstruction": null,
    "obstruction_types": [],
    "kerb_ramp": null,
    "lit": null,
    "eyes_on_street": null,
    "crossing_spacing_m": null,
    "shade": null,
    "shade_modeled": null,
    "drainage": null,
    "length_m": 5.674897022532959,
    "source": "osm",
    "confidence": "med",
    "notes": ""
   }
  },
  {
   "type": "Feature",
   "geometry": {
    "type": "LineString",
    "coordinates": [
     [
      106.8228331,
      -6.1934165
     ],
     [
      106.8229381,
      -6.1934165
     ]
    ]
   },
   "properties": {
    "id": "osm-way-1525214392",
    "street_name": "",
    "side": "n-a",
    "kind": "crossing",
    "level": 0,
    "has_sidewalk": "unknown",
    "width_m": null,
    "surface": "unknown",
    "obstruction": null,
    "obstruction_types": [],
    "kerb_ramp": null,
    "lit": null,
    "eyes_on_street": null,
    "crossing_spacing_m": null,
    "shade": null,
    "shade_modeled": null,
    "drainage": null,
    "length_m": 11.607321880155691,
    "source": "osm",
    "confidence": "med",
    "notes": ""
   }
  },
  {
   "type": "Feature",
   "geometry": {
    "type": "LineString",
    "coordinates": [
     [
      106.8229381,
      -6.1934165
     ],
     [
      106.8231494,
      -6.1934134
     ]
    ]
   },
   "properties": {
    "id": "osm-way-1525214393",
    "street_name": "",
    "side": "n-a",
    "kind": "crossing",
    "level": 0,
    "has_sidewalk": "unknown",
    "width_m": null,
    "surface": "unknown",
    "obstruction": null,
    "obstruction_types": [],
    "kerb_ramp": null,
    "lit": null,
    "eyes_on_street": null,
    "crossing_spacing_m": null,
    "shade": null,
    "shade_modeled": null,
    "drainage": null,
    "length_m": 23.36089682593535,
    "source": "osm",
    "confidence": "med",
    "notes": ""
   }
  },
  {
   "type": "Feature",
   "geometry": {
    "type": "Point",
    "coordinates": [
     106.8249962,
     -6.2027072
    ]
   },
   "properties": {
    "id": "osm-node-6274294692",
    "type": "toilet",
    "level": 0,
    "accessible": "unknown",
    "source": "osm",
    "notes": ""
   }
  },
  {
   "type": "Feature",
   "geometry": {
    "type": "Point",
    "coordinates": [
     106.81523,
     -6.2171702
    ]
   },
   "properties": {
    "id": "osm-node-12073657865",
    "type": "toilet",
    "level": 0,
    "accessible": "unknown",
    "source": "osm",
    "notes": ""
   }
  },
  {
   "type": "Feature",
   "geometry": {
    "type": "Point",
    "coordinates": [
     106.8152466,
     -6.217158
    ]
   },
   "properties": {
    "id": "osm-node-12073657866",
    "type": "toilet",
    "level": 0,
    "accessible": "unknown",
    "source": "osm",
    "notes": ""
   }
  },
  {
   "type": "Feature",
   "geometry": {
    "type": "Point",
    "coordinates": [
     106.8132148,
     -6.2203826
    ]
   },
   "properties": {
    "id": "osm-node-12074999335",
    "type": "toilet",
    "level": 0,
    "accessible": "unknown",
    "source": "osm",
    "notes": ""
   }
  },
  {
   "type": "Feature",
   "geometry": {
    "type": "Point",
    "coordinates": [
     106.8219741,
     -6.2093091
    ]
   },
   "properties": {
    "id": "osm-node-12202467209",
    "type": "bench",
    "level": 0,
    "accessible": "unknown",
    "source": "osm",
    "notes": ""
   }
  },
  {
   "type": "Feature",
   "geometry": {
    "type": "Point",
    "coordinates": [
     106.8200799,
     -6.2015903
    ]
   },
   "properties": {
    "id": "osm-node-12895047513",
    "type": "shelter",
    "level": 0,
    "accessible": "unknown",
    "source": "osm",
    "notes": ""
   }
  },
  {
   "type": "Feature",
   "geometry": {
    "type": "Point",
    "coordinates": [
     106.8233908,
     -6.202277
    ]
   },
   "properties": {
    "id": "osm-node-13406833305",
    "type": "shelter",
    "level": 0,
    "accessible": "unknown",
    "source": "osm",
    "notes": ""
   }
  },
  {
   "type": "Feature",
   "geometry": {
    "type": "Point",
    "coordinates": [
     106.81383799959754,
     -6.221443999640493
    ]
   },
   "properties": {
    "id": "js-jpo-0",
    "type": "jpo",
    "level": 1,
    "accessible": "unknown",
    "source": "jakartasatu",
    "notes": ""
   }
  },
  {
   "type": "Feature",
   "geometry": {
    "type": "Point",
    "coordinates": [
     106.81655799994846,
     -6.204985999595933
    ]
   },
   "properties": {
    "id": "js-jpo-1",
    "type": "jpo",
    "level": 1,
    "accessible": "unknown",
    "source": "jakartasatu",
    "notes": ""
   }
  },
  {
   "type": "Feature",
   "geometry": {
    "type": "Point",
    "coordinates": [
     106.81408799999345,
     -6.221539000213169
    ]
   },
   "properties": {
    "id": "js-jpo-2",
    "type": "jpo",
    "level": 1,
    "accessible": "unknown",
    "source": "jakartasatu",
    "notes": ""
   }
  },
  {
   "type": "Feature",
   "geometry": {
    "type": "Point",
    "coordinates": [
     106.82219400015013,
     -6.205749000352486
    ]
   },
   "properties": {
    "id": "js-jpo-3",
    "type": "jpo",
    "level": 1,
    "accessible": "unknown",
    "source": "jakartasatu",
    "notes": ""
   }
  },
  {
   "type": "Feature",
   "geometry": {
    "type": "Point",
    "coordinates": [
     106.82268280032876,
     -6.204676299672367
    ]
   },
   "properties": {
    "id": "js-jpo-4",
    "type": "jpo",
    "level": 1,
    "accessible": "unknown",
    "source": "jakartasatu",
    "notes": ""
   }
  },
  {
   "type": "Feature",
   "geometry": {
    "type": "Point",
    "coordinates": [
     106.81375220030293,
     -6.221055800183983
    ]
   },
   "properties": {
    "id": "js-jpo-5",
    "type": "jpo",
    "level": 1,
    "accessible": "unknown",
    "source": "jakartasatu",
    "notes": ""
   }
  },
  {
   "type": "Feature",
   "geometry": {
    "type": "Point",
    "coordinates": [
     106.80889399985405,
     -6.21418399971256
    ]
   },
   "properties": {
    "id": "js-jpo-6",
    "type": "jpo",
    "level": 1,
    "accessible": "unknown",
    "source": "jakartasatu",
    "notes": ""
   }
  },
  {
   "type": "Feature",
   "geometry": {
    "type": "Point",
    "coordinates": [
     106.82315700000764,
     -6.198404999604303
    ]
   },
   "properties": {
    "id": "js-jpo-7",
    "type": "jpo",
    "level": 1,
    "accessible": "unknown",
    "source": "jakartasatu",
    "notes": ""
   }
  },
  {
   "type": "Feature",
   "geometry": {
    "type": "Point",
    "coordinates": [
     106.81367919958808,
     -6.220437300264288
    ]
   },
   "properties": {
    "id": "js-jpo-8",
    "type": "jpo",
    "level": 1,
    "accessible": "unknown",
    "source": "jakartasatu",
    "notes": ""
   }
  },
  {
   "type": "Feature",
   "geometry": {
    "type": "Point",
    "coordinates": [
     106.81377599996713,
     -6.218267000266817
    ]
   },
   "properties": {
    "id": "js-jpo-9",
    "type": "jpo",
    "level": 1,
    "accessible": "unknown",
    "source": "jakartasatu",
    "notes": ""
   }
  },
  {
   "type": "Feature",
   "geometry": {
    "type": "Point",
    "coordinates": [
     106.81531199982797,
     -6.21712199956699
    ]
   },
   "properties": {
    "id": "js-jpo-10",
    "type": "jpo",
    "level": 1,
    "accessible": "unknown",
    "source": "jakartasatu",
    "notes": ""
   }
  },
  {
   "type": "Feature",
   "geometry": {
    "type": "Point",
    "coordinates": [
     106.81908160008865,
     -6.217471299961402
    ]
   },
   "properties": {
    "id": "js-jpo-11",
    "type": "jpo",
    "level": 1,
    "accessible": "unknown",
    "source": "jakartasatu",
    "notes": ""
   }
  },
  {
   "type": "Feature",
   "geometry": {
    "type": "Point",
    "coordinates": [
     106.81908160008865,
     -6.217471299961402
    ]
   },
   "properties": {
    "id": "js-jpo-12",
    "type": "jpo",
    "level": 1,
    "accessible": "unknown",
    "source": "jakartasatu",
    "notes": ""
   }
  },
  {
   "type": "Feature",
   "geometry": {
    "type": "Point",
    "coordinates": [
     106.82219160044248,
     -6.207892399817013
    ]
   },
   "properties": {
    "id": "js-jpo-13",
    "type": "jpo",
    "level": 1,
    "accessible": "unknown",
    "source": "jakartasatu",
    "notes": ""
   }
  },
  {
   "type": "Feature",
   "geometry": {
    "type": "Point",
    "coordinates": [
     106.82268280032876,
     -6.204676299672367
    ]
   },
   "properties": {
    "id": "js-jpo-14",
    "type": "jpo",
    "level": 1,
    "accessible": "unknown",
    "source": "jakartasatu",
    "notes": ""
   }
  },
  {
   "type": "Feature",
   "geometry": {
    "type": "Point",
    "coordinates": [
     106.82317699999358,
     -6.196656000084099
    ]
   },
   "properties": {
    "id": "js-jpo-15",
    "type": "jpo",
    "level": 1,
    "accessible": "unknown",
    "source": "jakartasatu",
    "notes": ""
   }
  },
  {
   "type": "Feature",
   "geometry": {
    "type": "Point",
    "coordinates": [
     106.8153130002513,
     -6.216856000382942
    ]
   },
   "properties": {
    "id": "js-jpo-16",
    "type": "jpo",
    "level": 1,
    "accessible": "unknown",
    "source": "jakartasatu",
    "notes": ""
   }
  },
  {
   "type": "Feature",
   "geometry": {
    "type": "Point",
    "coordinates": [
     106.81534199968635,
     -6.217153000259297
    ]
   },
   "properties": {
    "id": "js-jpo-17",
    "type": "jpo",
    "level": 1,
    "accessible": "unknown",
    "source": "jakartasatu",
    "notes": ""
   }
  },
  {
   "type": "Feature",
   "geometry": {
    "type": "Point",
    "coordinates": [
     106.82003299982667,
     -6.212469000213511
    ]
   },
   "properties": {
    "id": "js-jpo-18",
    "type": "jpo",
    "level": 1,
    "accessible": "unknown",
    "source": "jakartasatu",
    "notes": ""
   }
  },
  {
   "type": "Feature",
   "geometry": {
    "type": "Point",
    "coordinates": [
     106.82244800017459,
     -6.20474499962783
    ]
   },
   "properties": {
    "id": "js-jpo-19",
    "type": "jpo",
    "level": 1,
    "accessible": "unknown",
    "source": "jakartasatu",
    "notes": ""
   }
  },
  {
   "type": "Feature",
   "geometry": {
    "type": "Point",
    "coordinates": [
     106.8226,
     -6.2021
    ]
   },
   "properties": {
    "id": "field-media-0",
    "type": "barrier",
    "level": 0,
    "accessible": "unknown",
    "source": "field",
    "notes": "IMG_0201.MOV 2026-06-18T10:37:43"
   }
  },
  {
   "type": "Feature",
   "geometry": {
    "type": "Point",
    "coordinates": [
     106.8226,
     -6.2021
    ]
   },
   "properties": {
    "id": "field-media-1",
    "type": "barrier",
    "level": 0,
    "accessible": "unknown",
    "source": "field",
    "notes": "IMG_0202.MOV 2026-06-18T10:37:58"
   }
  },
  {
   "type": "Feature",
   "geometry": {
    "type": "Point",
    "coordinates": [
     106.8225,
     -6.202
    ]
   },
   "properties": {
    "id": "field-media-2",
    "type": "barrier",
    "level": 0,
    "accessible": "unknown",
    "source": "field",
    "notes": "IMG_0203.MOV 2026-06-18T10:38:26"
   }
  },
  {
   "type": "Feature",
   "geometry": {
    "type": "Point",
    "coordinates": [
     106.8224,
     -6.2021
    ]
   },
   "properties": {
    "id": "field-media-3",
    "type": "barrier",
    "level": 0,
    "accessible": "unknown",
    "source": "field",
    "notes": "IMG_0205.MOV 2026-06-18T10:39:00"
   }
  },
  {
   "type": "Feature",
   "geometry": {
    "type": "Point",
    "coordinates": [
     106.8226,
     -6.202
    ]
   },
   "properties": {
    "id": "field-media-4",
    "type": "barrier",
    "level": 0,
    "accessible": "unknown",
    "source": "field",
    "notes": "IMG_0206.MOV 2026-06-18T10:41:04"
   }
  },
  {
   "type": "Feature",
   "geometry": {
    "type": "Point",
    "coordinates": [
     106.8225,
     -6.2018
    ]
   },
   "properties": {
    "id": "field-media-5",
    "type": "barrier",
    "level": 0,
    "accessible": "unknown",
    "source": "field",
    "notes": "IMG_0207.MOV 2026-06-18T10:41:58"
   }
  },
  {
   "type": "Feature",
   "geometry": {
    "type": "Point",
    "coordinates": [
     106.8225,
     -6.2017
    ]
   },
   "properties": {
    "id": "field-media-6",
    "type": "barrier",
    "level": 0,
    "accessible": "unknown",
    "source": "field",
    "notes": "IMG_0208.MOV 2026-06-18T10:42:14"
   }
  },
  {
   "type": "Feature",
   "geometry": {
    "type": "Point",
    "coordinates": [
     106.8226916666667,
     -6.201533333333334
    ]
   },
   "properties": {
    "id": "field-media-7",
    "type": "barrier",
    "level": 0,
    "accessible": "unknown",
    "source": "field",
    "notes": "IMG_3291.HEIC 2026-06-18T10:42:30"
   }
  },
  {
   "type": "Feature",
   "geometry": {
    "type": "Point",
    "coordinates": [
     106.8232633333333,
     -6.201466666666667
    ]
   },
   "properties": {
    "id": "field-media-8",
    "type": "barrier",
    "level": 0,
    "accessible": "unknown",
    "source": "field",
    "notes": "IMG_3292.HEIC 2026-06-18T10:42:32"
   }
  },
  {
   "type": "Feature",
   "geometry": {
    "type": "Point",
    "coordinates": [
     106.8236833333333,
     -6.201513333333334
    ]
   },
   "properties": {
    "id": "field-media-9",
    "type": "barrier",
    "level": 0,
    "accessible": "unknown",
    "source": "field",
    "notes": "IMG_3293.HEIC 2026-06-18T10:42:33"
   }
  },
  {
   "type": "Feature",
   "geometry": {
    "type": "Point",
    "coordinates": [
     106.8225,
     -6.2016
    ]
   },
   "properties": {
    "id": "field-media-10",
    "type": "barrier",
    "level": 0,
    "accessible": "unknown",
    "source": "field",
    "notes": "IMG_0209.MOV 2026-06-18T10:42:41"
   }
  },
  {
   "type": "Feature",
   "geometry": {
    "type": "Point",
    "coordinates": [
     106.8303966666667,
     -6.198658333333333
    ]
   },
   "properties": {
    "id": "field-media-11",
    "type": "barrier",
    "level": 0,
    "accessible": "unknown",
    "source": "field",
    "notes": "IMG_3294.HEIC 2026-06-18T10:42:44"
   }
  },
  {
   "type": "Feature",
   "geometry": {
    "type": "Point",
    "coordinates": [
     106.8225783333333,
     -6.201458333333333
    ]
   },
   "properties": {
    "id": "field-media-12",
    "type": "barrier",
    "level": 0,
    "accessible": "unknown",
    "source": "field",
    "notes": "IMG_0210.HEIC 2026-06-18T10:43:23"
   }
  },
  {
   "type": "Feature",
   "geometry": {
    "type": "Point",
    "coordinates": [
     106.8226166666667,
     -6.201425
    ]
   },
   "properties": {
    "id": "field-media-13",
    "type": "barrier",
    "level": 0,
    "accessible": "unknown",
    "source": "field",
    "notes": "IMG_3295.HEIC 2026-06-18T10:43:24"
   }
  },
  {
   "type": "Feature",
   "geometry": {
    "type": "Point",
    "coordinates": [
     106.8226,
     -6.2015
    ]
   },
   "properties": {
    "id": "field-media-14",
    "type": "barrier",
    "level": 0,
    "accessible": "unknown",
    "source": "field",
    "notes": "IMG_0211.MOV 2026-06-18T10:43:27"
   }
  },
  {
   "type": "Feature",
   "geometry": {
    "type": "Point",
    "coordinates": [
     106.82263,
     -6.20143
    ]
   },
   "properties": {
    "id": "field-media-15",
    "type": "barrier",
    "level": 0,
    "accessible": "unknown",
    "source": "field",
    "notes": "IMG_3296.HEIC 2026-06-18T10:43:29"
   }
  },
  {
   "type": "Feature",
   "geometry": {
    "type": "Point",
    "coordinates": [
     106.8226,
     -6.2014
    ]
   },
   "properties": {
    "id": "field-media-16",
    "type": "barrier",
    "level": 0,
    "accessible": "unknown",
    "source": "field",
    "notes": "IMG_0212.MOV 2026-06-18T10:43:39"
   }
  },
  {
   "type": "Feature",
   "geometry": {
    "type": "Point",
    "coordinates": [
     106.8226,
     -6.2014
    ]
   },
   "properties": {
    "id": "field-media-17",
    "type": "barrier",
    "level": 0,
    "accessible": "unknown",
    "source": "field",
    "notes": "IMG_0213.MOV 2026-06-18T10:43:44"
   }
  },
  {
   "type": "Feature",
   "geometry": {
    "type": "Point",
    "coordinates": [
     106.8226,
     -6.2014
    ]
   },
   "properties": {
    "id": "field-media-18",
    "type": "barrier",
    "level": 0,
    "accessible": "unknown",
    "source": "field",
    "notes": "IMG_3297.MOV 2026-06-18T10:43:51"
   }
  },
  {
   "type": "Feature",
   "geometry": {
    "type": "Point",
    "coordinates": [
     106.8226,
     -6.2014
    ]
   },
   "properties": {
    "id": "field-media-19",
    "type": "barrier",
    "level": 0,
    "accessible": "unknown",
    "source": "field",
    "notes": "IMG_0214.MOV 2026-06-18T10:44:19"
   }
  },
  {
   "type": "Feature",
   "geometry": {
    "type": "Point",
    "coordinates": [
     106.8227,
     -6.2014
    ]
   },
   "properties": {
    "id": "field-media-20",
    "type": "barrier",
    "level": 0,
    "accessible": "unknown",
    "source": "field",
    "notes": "IMG_0215.MOV 2026-06-18T10:45:10"
   }
  },
  {
   "type": "Feature",
   "geometry": {
    "type": "Point",
    "coordinates": [
     106.8227,
     -6.2015
    ]
   },
   "properties": {
    "id": "field-media-21",
    "type": "barrier",
    "level": 0,
    "accessible": "unknown",
    "source": "field",
    "notes": "IMG_0216.MOV 2026-06-18T10:45:29"
   }
  },
  {
   "type": "Feature",
   "geometry": {
    "type": "Point",
    "coordinates": [
     106.8227083333333,
     -6.201645
    ]
   },
   "properties": {
    "id": "field-media-22",
    "type": "barrier",
    "level": 0,
    "accessible": "unknown",
    "source": "field",
    "notes": "IMG_3298.HEIC 2026-06-18T10:45:33"
   }
  },
  {
   "type": "Feature",
   "geometry": {
    "type": "Point",
    "coordinates": [
     106.8227,
     -6.2016
    ]
   },
   "properties": {
    "id": "field-media-23",
    "type": "barrier",
    "level": 0,
    "accessible": "unknown",
    "source": "field",
    "notes": "IMG_0217.MOV 2026-06-18T10:45:37"
   }
  },
  {
   "type": "Feature",
   "geometry": {
    "type": "Point",
    "coordinates": [
     106.8226916666667,
     -6.201653333333334
    ]
   },
   "properties": {
    "id": "field-media-24",
    "type": "barrier",
    "level": 0,
    "accessible": "unknown",
    "source": "field",
    "notes": "IMG_3299.HEIC 2026-06-18T10:45:37"
   }
  },
  {
   "type": "Feature",
   "geometry": {
    "type": "Point",
    "coordinates": [
     106.8227,
     -6.2017
    ]
   },
   "properties": {
    "id": "field-media-25",
    "type": "barrier",
    "level": 0,
    "accessible": "unknown",
    "source": "field",
    "notes": "IMG_3300.MOV 2026-06-18T10:45:45"
   }
  },
  {
   "type": "Feature",
   "geometry": {
    "type": "Point",
    "coordinates": [
     106.8227,
     -6.2016
    ]
   },
   "properties": {
    "id": "field-media-26",
    "type": "barrier",
    "level": 0,
    "accessible": "unknown",
    "source": "field",
    "notes": "IMG_3301.MOV 2026-06-18T10:45:50"
   }
  },
  {
   "type": "Feature",
   "geometry": {
    "type": "Point",
    "coordinates": [
     106.8227,
     -6.2016
    ]
   },
   "properties": {
    "id": "field-media-27",
    "type": "barrier",
    "level": 0,
    "accessible": "unknown",
    "source": "field",
    "notes": "IMG_3302.MOV 2026-06-18T10:46:10"
   }
  },
  {
   "type": "Feature",
   "geometry": {
    "type": "Point",
    "coordinates": [
     106.8228,
     -6.2014
    ]
   },
   "properties": {
    "id": "field-media-28",
    "type": "barrier",
    "level": 0,
    "accessible": "unknown",
    "source": "field",
    "notes": "IMG_0218.MOV 2026-06-18T10:46:17"
   }
  },
  {
   "type": "Feature",
   "geometry": {
    "type": "Point",
    "coordinates": [
     106.8228,
     -6.2017
    ]
   },
   "properties": {
    "id": "field-media-29",
    "type": "barrier",
    "level": 0,
    "accessible": "unknown",
    "source": "field",
    "notes": "IMG_0219.MOV 2026-06-18T10:46:58"
   }
  },
  {
   "type": "Feature",
   "geometry": {
    "type": "Point",
    "coordinates": [
     106.8228,
     -6.2018
    ]
   },
   "properties": {
    "id": "field-media-30",
    "type": "barrier",
    "level": 0,
    "accessible": "unknown",
    "source": "field",
    "notes": "IMG_0220.MOV 2026-06-18T10:47:21"
   }
  },
  {
   "type": "Feature",
   "geometry": {
    "type": "Point",
    "coordinates": [
     106.822845,
     -6.201836666666667
    ]
   },
   "properties": {
    "id": "field-media-31",
    "type": "barrier",
    "level": 0,
    "accessible": "unknown",
    "source": "field",
    "notes": "IMG_3303.HEIC 2026-06-18T10:47:29"
   }
  },
  {
   "type": "Feature",
   "geometry": {
    "type": "Point",
    "coordinates": [
     106.8228133333333,
     -6.201786666666667
    ]
   },
   "properties": {
    "id": "field-media-32",
    "type": "barrier",
    "level": 0,
    "accessible": "unknown",
    "source": "field",
    "notes": "IMG_3304.HEIC 2026-06-18T10:47:35"
   }
  },
  {
   "type": "Feature",
   "geometry": {
    "type": "Point",
    "coordinates": [
     106.8227,
     -6.202
    ]
   },
   "properties": {
    "id": "field-media-33",
    "type": "barrier",
    "level": 0,
    "accessible": "unknown",
    "source": "field",
    "notes": "IMG_0221.MOV 2026-06-18T10:48:35"
   }
  },
  {
   "type": "Feature",
   "geometry": {
    "type": "Point",
    "coordinates": [
     106.8225,
     -6.2029
    ]
   },
   "properties": {
    "id": "field-media-34",
    "type": "barrier",
    "level": 0,
    "accessible": "unknown",
    "source": "field",
    "notes": "IMG_0222.MOV 2026-06-18T10:50:48"
   }
  },
  {
   "type": "Feature",
   "geometry": {
    "type": "Point",
    "coordinates": [
     106.8223883333333,
     -6.203283333333333
    ]
   },
   "properties": {
    "id": "field-media-35",
    "type": "barrier",
    "level": 0,
    "accessible": "unknown",
    "source": "field",
    "notes": "IMG_3305.HEIC 2026-06-18T10:51:31"
   }
  },
  {
   "type": "Feature",
   "geometry": {
    "type": "Point",
    "coordinates": [
     106.8225,
     -6.2032
    ]
   },
   "properties": {
    "id": "field-media-36",
    "type": "barrier",
    "level": 0,
    "accessible": "unknown",
    "source": "field",
    "notes": "IMG_0223.MOV 2026-06-18T10:51:32"
   }
  },
  {
   "type": "Feature",
   "geometry": {
    "type": "Point",
    "coordinates": [
     106.82238,
     -6.2033
    ]
   },
   "properties": {
    "id": "field-media-37",
    "type": "barrier",
    "level": 0,
    "accessible": "unknown",
    "source": "field",
    "notes": "IMG_3306.HEIC 2026-06-18T10:51:38"
   }
  },
  {
   "type": "Feature",
   "geometry": {
    "type": "Point",
    "coordinates": [
     106.8224,
     -6.2034
    ]
   },
   "properties": {
    "id": "field-media-38",
    "type": "barrier",
    "level": 0,
    "accessible": "unknown",
    "source": "field",
    "notes": "IMG_0224.MOV 2026-06-18T10:51:53"
   }
  },
  {
   "type": "Feature",
   "geometry": {
    "type": "Point",
    "coordinates": [
     106.8223,
     -6.2037
    ]
   },
   "properties": {
    "id": "field-media-39",
    "type": "barrier",
    "level": 0,
    "accessible": "unknown",
    "source": "field",
    "notes": "IMG_0225.MOV 2026-06-18T10:52:26"
   }
  },
  {
   "type": "Feature",
   "geometry": {
    "type": "Point",
    "coordinates": [
     106.8221966666667,
     -6.20383
    ]
   },
   "properties": {
    "id": "field-media-40",
    "type": "barrier",
    "level": 0,
    "accessible": "unknown",
    "source": "field",
    "notes": "IMG_3307.HEIC 2026-06-18T10:52:28"
   }
  },
  {
   "type": "Feature",
   "geometry": {
    "type": "Point",
    "coordinates": [
     106.8222,
     -6.2038
    ]
   },
   "properties": {
    "id": "field-media-41",
    "type": "barrier",
    "level": 0,
    "accessible": "unknown",
    "source": "field",
    "notes": "IMG_0226.MOV 2026-06-18T10:52:33"
   }
  },
  {
   "type": "Feature",
   "geometry": {
    "type": "Point",
    "coordinates": [
     106.8221,
     -6.2038
    ]
   },
   "properties": {
    "id": "field-media-42",
    "type": "barrier",
    "level": 0,
    "accessible": "unknown",
    "source": "field",
    "notes": "IMG_3308.MOV 2026-06-18T10:52:35"
   }
  },
  {
   "type": "Feature",
   "geometry": {
    "type": "Point",
    "coordinates": [
     106.8220666666667,
     -6.20432
    ]
   },
   "properties": {
    "id": "field-media-43",
    "type": "barrier",
    "level": 0,
    "accessible": "unknown",
    "source": "field",
    "notes": "IMG_3309.HEIC 2026-06-18T10:55:02"
   }
  },
  {
   "type": "Feature",
   "geometry": {
    "type": "Point",
    "coordinates": [
     106.822205,
     -6.204308333333334
    ]
   },
   "properties": {
    "id": "field-media-44",
    "type": "barrier",
    "level": 0,
    "accessible": "unknown",
    "source": "field",
    "notes": "IMG_0227.HEIC 2026-06-18T10:55:04"
   }
  },
  {
   "type": "Feature",
   "geometry": {
    "type": "Point",
    "coordinates": [
     106.8221,
     -6.2044
    ]
   },
   "properties": {
    "id": "field-media-45",
    "type": "barrier",
    "level": 0,
    "accessible": "unknown",
    "source": "field",
    "notes": "IMG_0228.MOV 2026-06-18T10:55:07"
   }
  },
  {
   "type": "Feature",
   "geometry": {
    "type": "Point",
    "coordinates": [
     106.8221,
     -6.2042
    ]
   },
   "properties": {
    "id": "field-media-46",
    "type": "barrier",
    "level": 0,
    "accessible": "unknown",
    "source": "field",
    "notes": "IMG_0229.mov 2026-06-18T10:57:47"
   }
  },
  {
   "type": "Feature",
   "geometry": {
    "type": "Point",
    "coordinates": [
     106.8222,
     -6.2043
    ]
   },
   "properties": {
    "id": "field-media-47",
    "type": "barrier",
    "level": 0,
    "accessible": "unknown",
    "source": "field",
    "notes": "IMG_0230.MOV 2026-06-18T11:08:39"
   }
  },
  {
   "type": "Feature",
   "geometry": {
    "type": "Point",
    "coordinates": [
     106.8144916666667,
     -6.194455
    ]
   },
   "properties": {
    "id": "field-media-48",
    "type": "barrier",
    "level": 0,
    "accessible": "unknown",
    "source": "field",
    "notes": "IMG_0231.HEIC 2026-06-18T11:19:38"
   }
  },
  {
   "type": "Feature",
   "geometry": {
    "type": "Point",
    "coordinates": [
     106.8146,
     -6.1941
    ]
   },
   "properties": {
    "id": "field-media-49",
    "type": "barrier",
    "level": 0,
    "accessible": "unknown",
    "source": "field",
    "notes": "IMG_0232.MOV 2026-06-18T11:19:41"
   }
  },
  {
   "type": "Feature",
   "geometry": {
    "type": "Point",
    "coordinates": [
     106.8227,
     -6.1943
    ]
   },
   "properties": {
    "id": "field-media-50",
    "type": "barrier",
    "level": 0,
    "accessible": "unknown",
    "source": "field",
    "notes": "IMG_0233.MOV 2026-06-18T11:56:54"
   }
  },
  {
   "type": "Feature",
   "geometry": {
    "type": "Point",
    "coordinates": [
     106.823,
     -6.1925
    ]
   },
   "properties": {
    "id": "field-media-51",
    "type": "barrier",
    "level": 0,
    "accessible": "unknown",
    "source": "field",
    "notes": "IMG_0234.MOV 2026-06-18T12:00:36"
   }
  },
  {
   "type": "Feature",
   "geometry": {
    "type": "Point",
    "coordinates": [
     106.8232033333333,
     -6.202003333333334
    ]
   },
   "properties": {
    "id": "field-media-52",
    "type": "barrier",
    "level": 0,
    "accessible": "unknown",
    "source": "field",
    "notes": "IMG_0235.HEIC 2026-06-18T12:13:12"
   }
  },
  {
   "type": "Feature",
   "geometry": {
    "type": "Point",
    "coordinates": [
     106.8232283333333,
     -6.20205
    ]
   },
   "properties": {
    "id": "field-media-53",
    "type": "barrier",
    "level": 0,
    "accessible": "unknown",
    "source": "field",
    "notes": "IMG_0236.HEIC 2026-06-18T12:13:19"
   }
  },
  {
   "type": "Feature",
   "geometry": {
    "type": "Point",
    "coordinates": [
     106.8233333333333,
     -6.202033333333334
    ]
   },
   "properties": {
    "id": "field-media-54",
    "type": "barrier",
    "level": 0,
    "accessible": "unknown",
    "source": "field",
    "notes": "IMG_0237.HEIC 2026-06-18T12:17:28"
   }
  },
  {
   "type": "Feature",
   "geometry": {
    "type": "Point",
    "coordinates": [
     106.8232,
     -6.2023
    ]
   },
   "properties": {
    "id": "field-media-55",
    "type": "barrier",
    "level": 0,
    "accessible": "unknown",
    "source": "field",
    "notes": "IMG_0238.MOV 2026-06-18T12:19:44"
   }
  },
  {
   "type": "Feature",
   "geometry": {
    "type": "Point",
    "coordinates": [
     106.8231,
     -6.2023
    ]
   },
   "properties": {
    "id": "field-media-56",
    "type": "barrier",
    "level": 0,
    "accessible": "unknown",
    "source": "field",
    "notes": "IMG_0239.MOV 2026-06-18T12:20:18"
   }
  },
  {
   "type": "Feature",
   "geometry": {
    "type": "Point",
    "coordinates": [
     106.8231,
     -6.2023
    ]
   },
   "properties": {
    "id": "field-media-57",
    "type": "barrier",
    "level": 0,
    "accessible": "unknown",
    "source": "field",
    "notes": "IMG_0240.MOV 2026-06-18T12:21:06"
   }
  },
  {
   "type": "Feature",
   "geometry": {
    "type": "Point",
    "coordinates": [
     106.823045,
     -6.202353333333333
    ]
   },
   "properties": {
    "id": "field-media-58",
    "type": "barrier",
    "level": 0,
    "accessible": "unknown",
    "source": "field",
    "notes": "IMG_3318.HEIC 2026-06-18T12:21:48"
   }
  },
  {
   "type": "Feature",
   "geometry": {
    "type": "Point",
    "coordinates": [
     106.8225866666667,
     -6.20462
    ]
   },
   "properties": {
    "id": "field-media-59",
    "type": "barrier",
    "level": 0,
    "accessible": "unknown",
    "source": "field",
    "notes": "IMG_0241.HEIC 2026-06-18T12:32:15"
   }
  },
  {
   "type": "Feature",
   "geometry": {
    "type": "Point",
    "coordinates": [
     106.822625,
     -6.204586666666667
    ]
   },
   "properties": {
    "id": "field-media-60",
    "type": "barrier",
    "level": 0,
    "accessible": "unknown",
    "source": "field",
    "notes": "IMG_3319.HEIC 2026-06-18T12:32:17"
   }
  },
  {
   "type": "Feature",
   "geometry": {
    "type": "Point",
    "coordinates": [
     106.8226,
     -6.2047
    ]
   },
   "properties": {
    "id": "field-media-61",
    "type": "barrier",
    "level": 0,
    "accessible": "unknown",
    "source": "field",
    "notes": "IMG_0242.MOV 2026-06-18T12:32:41"
   }
  },
  {
   "type": "Feature",
   "geometry": {
    "type": "Point",
    "coordinates": [
     106.8225,
     -6.2052
    ]
   },
   "properties": {
    "id": "field-media-62",
    "type": "barrier",
    "level": 0,
    "accessible": "unknown",
    "source": "field",
    "notes": "IMG_0243.MOV 2026-06-18T12:35:39"
   }
  },
  {
   "type": "Feature",
   "geometry": {
    "type": "Point",
    "coordinates": [
     106.8226,
     -6.2052
    ]
   },
   "properties": {
    "id": "field-media-63",
    "type": "barrier",
    "level": 0,
    "accessible": "unknown",
    "source": "field",
    "notes": "IMG_0244.MOV 2026-06-18T12:37:48"
   }
  },
  {
   "type": "Feature",
   "geometry": {
    "type": "Point",
    "coordinates": [
     106.8223,
     -6.2056
    ]
   },
   "properties": {
    "id": "field-media-64",
    "type": "barrier",
    "level": 0,
    "accessible": "unknown",
    "source": "field",
    "notes": "IMG_0245.MOV 2026-06-18T12:39:09"
   }
  },
  {
   "type": "Feature",
   "geometry": {
    "type": "Point",
    "coordinates": [
     106.8225,
     -6.2058
    ]
   },
   "properties": {
    "id": "field-media-65",
    "type": "barrier",
    "level": 0,
    "accessible": "unknown",
    "source": "field",
    "notes": "IMG_0246.MOV 2026-06-18T12:39:28"
   }
  },
  {
   "type": "Feature",
   "geometry": {
    "type": "Point",
    "coordinates": [
     106.8222,
     -6.2076
    ]
   },
   "properties": {
    "id": "field-media-66",
    "type": "barrier",
    "level": 0,
    "accessible": "unknown",
    "source": "field",
    "notes": "IMG_0247.MOV 2026-06-18T12:45:36"
   }
  },
  {
   "type": "Feature",
   "geometry": {
    "type": "Point",
    "coordinates": [
     106.8214,
     -6.2076
    ]
   },
   "properties": {
    "id": "field-media-67",
    "type": "barrier",
    "level": 0,
    "accessible": "unknown",
    "source": "field",
    "notes": "IMG_3320.MOV 2026-06-18T12:45:47"
   }
  },
  {
   "type": "Feature",
   "geometry": {
    "type": "Point",
    "coordinates": [
     106.82232,
     -6.207936666666667
    ]
   },
   "properties": {
    "id": "field-media-68",
    "type": "barrier",
    "level": 0,
    "accessible": "unknown",
    "source": "field",
    "notes": "IMG_0248.HEIC 2026-06-18T12:46:44"
   }
  },
  {
   "type": "Feature",
   "geometry": {
    "type": "Point",
    "coordinates": [
     106.8219916666667,
     -6.207978333333333
    ]
   },
   "properties": {
    "id": "field-media-69",
    "type": "barrier",
    "level": 0,
    "accessible": "unknown",
    "source": "field",
    "notes": "IMG_0249.HEIC 2026-06-18T12:47:03"
   }
  },
  {
   "type": "Feature",
   "geometry": {
    "type": "Point",
    "coordinates": [
     106.822205,
     -6.207958333333333
    ]
   },
   "properties": {
    "id": "field-media-70",
    "type": "barrier",
    "level": 0,
    "accessible": "unknown",
    "source": "field",
    "notes": "IMG_0250.HEIC 2026-06-18T12:47:04"
   }
  },
  {
   "type": "Feature",
   "geometry": {
    "type": "Point",
    "coordinates": [
     106.8177,
     -6.2156
    ]
   },
   "properties": {
    "id": "field-media-71",
    "type": "barrier",
    "level": 0,
    "accessible": "unknown",
    "source": "field",
    "notes": "IMG_0251.MOV 2026-06-18T13:02:54"
   }
  },
  {
   "type": "Feature",
   "geometry": {
    "type": "Point",
    "coordinates": [
     106.8174,
     -6.2156
    ]
   },
   "properties": {
    "id": "field-media-72",
    "type": "barrier",
    "level": 0,
    "accessible": "unknown",
    "source": "field",
    "notes": "IMG_3324.MOV 2026-06-18T13:03:30"
   }
  },
  {
   "type": "Feature",
   "geometry": {
    "type": "Point",
    "coordinates": [
     106.8176,
     -6.2157
    ]
   },
   "properties": {
    "id": "field-media-73",
    "type": "barrier",
    "level": 0,
    "accessible": "unknown",
    "source": "field",
    "notes": "IMG_0252.MOV 2026-06-18T13:03:32"
   }
  },
  {
   "type": "Feature",
   "geometry": {
    "type": "Point",
    "coordinates": [
     106.816795,
     -6.216203333333334
    ]
   },
   "properties": {
    "id": "field-media-74",
    "type": "barrier",
    "level": 0,
    "accessible": "unknown",
    "source": "field",
    "notes": "IMG_3328.HEIC 2026-06-18T13:05:55"
   }
  },
  {
   "type": "Feature",
   "geometry": {
    "type": "Point",
    "coordinates": [
     106.8168116666667,
     -6.216203333333334
    ]
   },
   "properties": {
    "id": "field-media-75",
    "type": "barrier",
    "level": 0,
    "accessible": "unknown",
    "source": "field",
    "notes": "IMG_3329.HEIC 2026-06-18T13:06:01"
   }
  },
  {
   "type": "Feature",
   "geometry": {
    "type": "Point",
    "coordinates": [
     106.8169,
     -6.2162
    ]
   },
   "properties": {
    "id": "field-media-76",
    "type": "barrier",
    "level": 0,
    "accessible": "unknown",
    "source": "field",
    "notes": "IMG_0253.MOV 2026-06-18T13:06:09"
   }
  },
  {
   "type": "Feature",
   "geometry": {
    "type": "Point",
    "coordinates": [
     106.8168,
     -6.2162
    ]
   },
   "properties": {
    "id": "field-media-77",
    "type": "barrier",
    "level": 0,
    "accessible": "unknown",
    "source": "field",
    "notes": "IMG_0254.MOV 2026-06-18T13:06:41"
   }
  },
  {
   "type": "Feature",
   "geometry": {
    "type": "Point",
    "coordinates": [
     106.8168116666667,
     -6.216195
    ]
   },
   "properties": {
    "id": "field-media-78",
    "type": "barrier",
    "level": 0,
    "accessible": "unknown",
    "source": "field",
    "notes": "IMG_3330.HEIC 2026-06-18T13:06:42"
   }
  },
  {
   "type": "Feature",
   "geometry": {
    "type": "Point",
    "coordinates": [
     106.8168416666667,
     -6.2162
    ]
   },
   "properties": {
    "id": "field-media-79",
    "type": "barrier",
    "level": 0,
    "accessible": "unknown",
    "source": "field",
    "notes": "IMG_3331.HEIC 2026-06-18T13:06:54"
   }
  },
  {
   "type": "Feature",
   "geometry": {
    "type": "Point",
    "coordinates": [
     106.8168116666667,
     -6.21622
    ]
   },
   "properties": {
    "id": "field-media-80",
    "type": "barrier",
    "level": 0,
    "accessible": "unknown",
    "source": "field",
    "notes": "IMG_3332.HEIC 2026-06-18T13:07:33"
   }
  },
  {
   "type": "Feature",
   "geometry": {
    "type": "Point",
    "coordinates": [
     106.8168116666667,
     -6.216205
    ]
   },
   "properties": {
    "id": "field-media-81",
    "type": "barrier",
    "level": 0,
    "accessible": "unknown",
    "source": "field",
    "notes": "IMG_3333.HEIC 2026-06-18T13:07:46"
   }
  },
  {
   "type": "Feature",
   "geometry": {
    "type": "Point",
    "coordinates": [
     106.8164,
     -6.2165
    ]
   },
   "properties": {
    "id": "field-media-82",
    "type": "barrier",
    "level": 0,
    "accessible": "unknown",
    "source": "field",
    "notes": "IMG_0255.MOV 2026-06-18T13:08:43"
   }
  },
  {
   "type": "Feature",
   "geometry": {
    "type": "Point",
    "coordinates": [
     106.8154,
     -6.2168
    ]
   },
   "properties": {
    "id": "field-media-83",
    "type": "barrier",
    "level": 0,
    "accessible": "unknown",
    "source": "field",
    "notes": "IMG_0256.MOV 2026-06-18T13:10:12"
   }
  },
  {
   "type": "Feature",
   "geometry": {
    "type": "Point",
    "coordinates": [
     106.8156,
     -6.2173
    ]
   },
   "properties": {
    "id": "field-media-84",
    "type": "barrier",
    "level": 0,
    "accessible": "unknown",
    "source": "field",
    "notes": "IMG_0257.MOV 2026-06-18T13:12:33"
   }
  },
  {
   "type": "Feature",
   "geometry": {
    "type": "Point",
    "coordinates": [
     106.8155,
     -6.2173
    ]
   },
   "properties": {
    "id": "field-media-85",
    "type": "barrier",
    "level": 0,
    "accessible": "unknown",
    "source": "field",
    "notes": "IMG_0258.MOV 2026-06-18T13:13:15"
   }
  },
  {
   "type": "Feature",
   "geometry": {
    "type": "Point",
    "coordinates": [
     106.8156,
     -6.2172
    ]
   },
   "properties": {
    "id": "field-media-86",
    "type": "barrier",
    "level": 0,
    "accessible": "unknown",
    "source": "field",
    "notes": "IMG_0259.MOV 2026-06-18T13:13:29"
   }
  },
  {
   "type": "Feature",
   "geometry": {
    "type": "Point",
    "coordinates": [
     106.8156,
     -6.2168
    ]
   },
   "properties": {
    "id": "field-media-87",
    "type": "barrier",
    "level": 0,
    "accessible": "unknown",
    "source": "field",
    "notes": "IMG_0260.MOV 2026-06-18T13:14:36"
   }
  },
  {
   "type": "Feature",
   "geometry": {
    "type": "Point",
    "coordinates": [
     106.8157,
     -6.2164
    ]
   },
   "properties": {
    "id": "field-media-88",
    "type": "barrier",
    "level": 0,
    "accessible": "unknown",
    "source": "field",
    "notes": "IMG_0261.MOV 2026-06-18T13:14:47"
   }
  },
  {
   "type": "Feature",
   "geometry": {
    "type": "Point",
    "coordinates": [
     106.8157,
     -6.2164
    ]
   },
   "properties": {
    "id": "field-media-89",
    "type": "barrier",
    "level": 0,
    "accessible": "unknown",
    "source": "field",
    "notes": "IMG_0262.MOV 2026-06-18T13:15:03"
   }
  },
  {
   "type": "Feature",
   "geometry": {
    "type": "Point",
    "coordinates": [
     106.8156,
     -6.2164
    ]
   },
   "properties": {
    "id": "field-media-90",
    "type": "barrier",
    "level": 0,
    "accessible": "unknown",
    "source": "field",
    "notes": "IMG_0263.MOV 2026-06-18T13:15:33"
   }
  },
  {
   "type": "Feature",
   "geometry": {
    "type": "Point",
    "coordinates": [
     106.8155,
     -6.2169
    ]
   },
   "properties": {
    "id": "field-media-91",
    "type": "barrier",
    "level": 0,
    "accessible": "unknown",
    "source": "field",
    "notes": "IMG_0264.MOV 2026-06-18T13:15:44"
   }
  },
  {
   "type": "Feature",
   "geometry": {
    "type": "Point",
    "coordinates": [
     106.8153,
     -6.2171
    ]
   },
   "properties": {
    "id": "field-media-92",
    "type": "barrier",
    "level": 0,
    "accessible": "unknown",
    "source": "field",
    "notes": "IMG_0265.MOV 2026-06-18T13:17:21"
   }
  },
  {
   "type": "Feature",
   "geometry": {
    "type": "Point",
    "coordinates": [
     106.81028,
     -6.221086666666666
    ]
   },
   "properties": {
    "id": "field-media-93",
    "type": "barrier",
    "level": 0,
    "accessible": "unknown",
    "source": "field",
    "notes": "IMG_3335.HEIC 2026-06-18T13:19:57"
   }
  },
  {
   "type": "Feature",
   "geometry": {
    "type": "Point",
    "coordinates": [
     106.809945,
     -6.221333333333333
    ]
   },
   "properties": {
    "id": "field-media-94",
    "type": "barrier",
    "level": 0,
    "accessible": "unknown",
    "source": "field",
    "notes": "IMG_0266.HEIC 2026-06-18T13:21:07"
   }
  },
  {
   "type": "Feature",
   "geometry": {
    "type": "Point",
    "coordinates": [
     106.8099,
     -6.2213
    ]
   },
   "properties": {
    "id": "field-media-95",
    "type": "barrier",
    "level": 0,
    "accessible": "unknown",
    "source": "field",
    "notes": "IMG_0267.MOV 2026-06-18T13:21:10"
   }
  },
  {
   "type": "Feature",
   "geometry": {
    "type": "Point",
    "coordinates": [
     106.8095,
     -6.2219
    ]
   },
   "properties": {
    "id": "field-media-96",
    "type": "barrier",
    "level": 0,
    "accessible": "unknown",
    "source": "field",
    "notes": "IMG_0268.MOV 2026-06-18T13:24:01"
   }
  },
  {
   "type": "Feature",
   "geometry": {
    "type": "Point",
    "coordinates": [
     106.8093,
     -6.2222
    ]
   },
   "properties": {
    "id": "field-media-97",
    "type": "barrier",
    "level": 0,
    "accessible": "unknown",
    "source": "field",
    "notes": "IMG_0269.MOV 2026-06-18T13:25:06"
   }
  },
  {
   "type": "Feature",
   "geometry": {
    "type": "Point",
    "coordinates": [
     106.8091,
     -6.2226
    ]
   },
   "properties": {
    "id": "field-media-98",
    "type": "barrier",
    "level": 0,
    "accessible": "unknown",
    "source": "field",
    "notes": "IMG_0270.MOV 2026-06-18T13:34:01"
   }
  },
  {
   "type": "Feature",
   "geometry": {
    "type": "Point",
    "coordinates": [
     106.8089,
     -6.2225
    ]
   },
   "properties": {
    "id": "field-media-99",
    "type": "barrier",
    "level": 0,
    "accessible": "unknown",
    "source": "field",
    "notes": "IMG_0271.MOV 2026-06-18T13:34:58"
   }
  },
  {
   "type": "Feature",
   "geometry": {
    "type": "Point",
    "coordinates": [
     106.8081,
     -6.2229
    ]
   },
   "properties": {
    "id": "field-media-100",
    "type": "barrier",
    "level": 0,
    "accessible": "unknown",
    "source": "field",
    "notes": "IMG_0272.MOV 2026-06-18T13:37:36"
   }
  },
  {
   "type": "Feature",
   "geometry": {
    "type": "Point",
    "coordinates": [
     106.8085416666667,
     -6.222813333333334
    ]
   },
   "properties": {
    "id": "field-media-101",
    "type": "barrier",
    "level": 0,
    "accessible": "unknown",
    "source": "field",
    "notes": "IMG_3339.HEIC 2026-06-18T13:38:17"
   }
  },
  {
   "type": "Feature",
   "geometry": {
    "type": "Point",
    "coordinates": [
     106.8085416666667,
     -6.222745
    ]
   },
   "properties": {
    "id": "field-media-102",
    "type": "barrier",
    "level": 0,
    "accessible": "unknown",
    "source": "field",
    "notes": "IMG_3340.HEIC 2026-06-18T13:40:29"
   }
  },
  {
   "type": "Feature",
   "geometry": {
    "type": "Point",
    "coordinates": [
     106.8086,
     -6.2229
    ]
   },
   "properties": {
    "id": "field-media-103",
    "type": "barrier",
    "level": 0,
    "accessible": "unknown",
    "source": "field",
    "notes": "IMG_3341.MOV 2026-06-18T13:42:53"
   }
  },
  {
   "type": "Feature",
   "geometry": {
    "type": "Point",
    "coordinates": [
     106.8086383333333,
     -6.222871666666666
    ]
   },
   "properties": {
    "id": "field-media-104",
    "type": "barrier",
    "level": 0,
    "accessible": "unknown",
    "source": "field",
    "notes": "IMG_3342.HEIC 2026-06-18T13:45:14"
   }
  }
 ]
}